{
  "a": [
    [
      0.5322531305520234,
      -0.31433280816008524,
      0.6292784352780337,
      0.48359064622012254,
      0.873088163467539,
      -0.5499219318554884,
      -0.5271481434288512,
      0.4157844982517487,
      -0.34710598168416384,
      0.2787195863990261
    ],
    [
      0.05015450055557347,
      0.11629266788860355,
      -0.07031241047385556,
      -0.02775123462189673,
      0.7690850100724731,
      0.5900951681231705,
      0.37405972663173453,
      0.41264647198058635,
      -0.4052304453983656,
      -0.06278121250127684
    ],
    [
      -1.071003702825543,
      -0.7659342113721024,
      -0.7695201909061244,
      0.6204253140299402,
      -0.6807579354645118,
      -0.06673126977712786,
      -0.6739788052005777,
      -1.0259656778201025,
      0.9243196939149124,
      -0.6171971786410905
    ]
  ],
  "b": [
    [
      0.5772917726386373,
      1.6851487171585604,
      -0.7193432493663026,
      -3.043597306270224,
      -0.38029598601585646,
      -4.253564885513282,
      -0.7534400743475822,
      -2.504876896696454,
      4.264382405239238,
      -3.295418494765743
    ],
    [
      73.23161684214614,
      0.09674056746239179,
      -0.911352285140754,
      -4.00884762616964,
      -34.26287441507558,
      22.26829697079338,
      -37.642625772131396,
      -19.541076667722148,
      -5.4888951753771025,
      4.499153684278255
    ],
    [
      -19.209454840388634,
      -0.12558604723526717,
      3.770868735211898,
      -1.7971745163984594,
      28.34308905587582,
      2.192975733171881,
      -24.989216523535212,
      28.439258453166993,
      -83.51771187517448,
      0.5456491645349392
    ],
    [
      -1.3980610403070952,
      0.7009910122811823,
      -0.16762455362619502,
      0.3624662294471512
    ]
  ],
  "waa": [
    [
      [
        -0.09092675303962931,
        0.6830163643618166,
        0.8009240954484292,
        -0.7139441299219128,
        0.1435580522147537,
        0.13180211973474154,
        0.8052033691623228,
        -0.9159933697819095,
        -0.3846174162244309,
        -0.7659017329641904
      ],
      [
        0.6904100214186973,
        0.44932284930235394,
        0.24023357714424412,
        -0.8609623659668495,
        -0.4756429978095582,
        -0.14212588441324842,
        -0.726923742490853,
        -0.10763991534889053,
        0.31842269984157906,
        0.17988131532428736
      ],
      [
        -0.012275633606474873,
        -0.6429082532900494,
        0.6713124961679107,
        -0.7879865129953421,
        0.3136159647537474,
        0.6630024228254191,
        -0.17775678378150964,
        0.9694029379474812,
        0.620675403067107,
        0.15754576899194445
      ],
      [
        -0.3863575220607325,
        -0.5627317202694399,
        0.6558527986663246,
        0.31791195625847457,
        0.5558575415073345,
        -0.23575056721300847,
        -0.9943571287035216,
        0.43149375780476373,
        -0.7488410658127588,
        0.06796207370520085
      ],
      [
        -0.6538957753680069,
        0.0021030082035533295,
        -0.020208076623033488,
        -0.28579870239480964,
        -0.04393509672546517,
        -0.4976530022793403,
        0.573262190276655,
        -0.5894588732040934,
        -0.8865880698975899,
        0.1873299510186652
      ],
      [
        0.37596458866101257,
        -0.7589861686074223,
        -0.32527670282073373,
        -0.41611587656389226,
        -0.6777322510043052,
        -0.3541039969010004,
        0.546708348927234,
        -0.0457631599396139,
        -0.8978736131188615,
        -0.27612968024724066
      ],
      [
        0.44440551041862636,
        -0.7196695494668713,
        -0.22002907457973653,
        -0.34646737532110083,
        0.7525029163787047,
        0.4680740322769514,
        -0.4071965623792067,
        0.7224226855018477,
        -0.07831380408739397,
        -0.39394010265822643
      ],
      [
        -0.6006412551360804,
        -0.32699646369511226,
        0.4208584142861585,
        -0.7049771025266348,
        0.40372662269467674,
        0.16726788318890132,
        -0.8378310091378157,
        -0.7144504919343664,
        0.4810687189882777,
        0.803966636095034
      ],
      [
        0.2140980230848663,
        -0.35258068145137333,
        0.22325352973559737,
        -0.13875819612219484,
        0.044284277043656894,
        0.963104547353281,
        0.7280473288051224,
        -0.7952948163793694,
        0.38034095672400414,
        -0.04504127553712608
      ],
      [
        -0.021335584572904687,
        0.8656407994822647,
        -0.4870902710419596,
        0.8635614173227091,
        -0.5916347914861326,
        -0.3181580090909903,
        0.4448522517494292,
        -0.2391688300849913,
        -0.11096425111354129,
        -0.6612128023088607
      ]
    ],
    [
      [
        0.21949527350182324,
        -0.03658317389437893,
        -0.484966277736489,
        0.56448227677505,
        0.11088011750969361,
        0.37204068587546363,
        0.03714572163898388,
        -0.6246552541814046,
        -0.6376449541817492,
        0.6578548619585506
      ],
      [
        0.05651297154072311,
        -0.5673149751595664,
        0.5794253137578737,
        0.4328732080754993,
        -1.0143351133332,
        0.5749628860410381,
        -0.2039989058747079,
        0.2209082575363052,
        -0.2717971061139617,
        0.3326184844084579
      ],
      [
        0.2411034961446724,
        0.6399523802323577,
        0.2682158425652268,
        -0.6029776364962903,
        -0.2754657839219291,
        0.36019306360387887,
        -0.2822451763660538,
        0.38549576288888077,
        0.36916434425357925,
        0.795207504695531
      ],
      [
        0.15856633920571914,
        -0.2890805839925032,
        0.5100140062833811,
        -0.15978995748580946,
        0.09971570713178717,
        -0.05959398898610152,
        0.4949122011381261,
        0.2638781045961552,
        0.43782516670078586,
        -0.5025741310667128
      ],
      [
        -0.532667168681188,
        -0.2859577589638013,
        -0.38335864372186823,
        -0.36869032269545415,
        -0.39075589552272694,
        0.29048768324831636,
        0.6031607711331085,
        -0.9985110495784816,
        0.3076365180565645,
        -0.21107080834966785
      ],
      [
        0.6596107620706998,
        0.7564977707936485,
        -0.5579387180541483,
        -0.13198045739214134,
        0.47450149320037743,
        -0.9882541498847119,
        0.3554801000289801,
        -0.9887481318163865,
        -0.37334810518545464,
        0.4121278492191878
      ],
      [
        -0.8599650799964752,
        -0.31067232881336676,
        -0.6048397370201766,
        -0.5379098466962701,
        -0.47610309865362144,
        0.06866764672621672,
        -0.6933097937455056,
        -0.38807428783699033,
        0.7676689870142582,
        0.7385203296955744
      ],
      [
        -0.8019234206807199,
        0.6299173562087343,
        0.2252211852638663,
        -0.22863593273193666,
        0.30223103581421734,
        0.6897521077951446,
        -0.9320633445229252,
        -0.47518920623826494,
        -0.6283260993691817,
        0.09356639394477773
      ],
      [
        0.8488294169280466,
        0.3204119704717361,
        -0.7804366959277375,
        0.06396639299743957,
        0.12773146157230952,
        0.25208015222633184,
        -0.8592535397538,
        0.3227521866860039,
        -0.6944224368145234,
        0.47271356659284286
      ],
      [
        -0.6596938931101768,
        -0.9329292626568781,
        0.35548087557415387,
        -0.6914470358760579,
        0.8193938742978978,
        0.2671047604806827,
        0.3654642096810306,
        0.705667851202158,
        0.022876274164192148,
        0.860206106373175
      ]
    ],
    [
      [
        -0.5314636197825819,
        0.31586643511177803,
