{
  "a": [
    [
      0.6442704452137984,
      -0.24751076491042706,
      0.5767014333645263,
      0.6052369609797982,
      0.851211396216981,
      -0.5971931573754616,
      -0.386983693403246,
      0.5490149935550583,
      -0.44298955566975284,
      0.1290564682491668
    ],
    [
      -0.04576921004805631,
      0.27870551780493086,
      -0.30742548523473623,
      0.04180552498916816,
      0.9283675677755363,
      0.7901441296184816,
      0.27943592837873654,
      0.3952381617367479,
      -0.7112165412709557,
      0.16106107299758224
    ],
    [
      -1.066051478077826,
      -0.7229813706587577,
      -0.8184840906030054,
      0.6672817272787346,
      -0.6772832503890951,
      -0.14044544833883452,
      -0.6642378539821332,
      -0.9950124046042529,
      0.9425066456631249,
      -0.6109932869415663
    ]
  ],
  "b": [
    [
      0.7209570252720768,
      0.6264544254425213,
      -0.9180445893716094,
      -0.8250180691880457,
      1.09819672071611,
      -4.33110351252257,
      -0.23938213720881407,
      -1.2800531425899067,
      3.9875168033130417,
      -3.448163728118752
    ],
    [
      73.2249323571149,
      -0.6253600584414074,
      -1.6048513757164256,
      -5.298095906032991,
      -34.212474121000454,
      22.219537365803326,
      -37.65282786914301,
      -19.688639045780334,
      -5.357144118566716,
      4.4284073178569665
    ],
    [
      -19.246414204902635,
      -0.0038467416218237772,
      4.179034204227928,
      -2.388652314505827,
      28.348911603726748,
      2.294583947762544,
      -24.96051729405982,
      28.417725470124253,
      -83.5059181355883,
      0.5246102689732747
    ],
    [
      -1.2593023501075256,
      -0.34007181323048885,
      0.07515875387638045,
      1.3292951318281978
    ]
  ],
  "waa": [
    [
      [
        -0.07612638804643532,
        0.6778294669067253,
        0.8133210269105143,
        -0.7010122992636363,
        0.1621392106811014,
        0.11865788484450376,
        0.7975977164075309,
        -0.9048313868799251,
        -0.39351244694562143,
        -0.7624807444808026
      ],
      [
        0.6843656823649548,
        0.45263082445190533,
        0.2334834983756078,
        -0.866747571607522,
        -0.48516212209766363,
        -0.13592860740048124,
        -0.72155409231242,
        -0.11252640157183066,
        0.32264851230728936,
        0.17724594954284972
      ],
      [
        -0.01277171213489779,
        -0.6420147538521888,
        0.6698672247400475,
        -0.7883823242056516,
        0.3118015465187214,
        0.6638994339685396,
        -0.17611143552821343,
        0.9690771912914294,
        0.6211301510761496,
        0.15654262903985172
      ],
      [
        -0.39338362158339524,
        -0.5578404745781342,
        0.6479389175949024,
        0.31281009511446745,
        0.5444444168143843,
        -0.22924107202517938,
        -0.988051081294052,
        0.4303205259349306,
        -0.7480671117589566,
        0.06007618322283082
      ],
      [
        -0.6530854782386324,
        0.0011222506234446813,
        -0.018494223778936496,
        -0.28495407024532604,
        -0.041753905051396714,
        -0.49887406515191685,
        0.571620537488144,
        -0.5888985940119219,
        -0.8873956144858257,
        0.18834178132524346
      ],
      [
        0.3685973848635998,
        -0.7575015309130854,
        -0.32993187262020707,
        -0.4231921378678833,
        -0.6852156310533233,
        -0.34815212891532965,
        0.54880782168075,
        -0.0520115594739914,
        -0.893299790654106,
        -0.27620579983348487
      ],
      [
        0.45614702797869433,
        -0.7238250069502353,
        -0.21017965048809123,
        -0.33631480389118756,
        0.767304162581393,
        0.4576660204615207,
        -0.4133733380387441,
        0.7312400857792294,
        -0.08520310107963294,
        -0.3910804926309423
      ],
      [
        -0.706825550509856,
        -0.28524637542165643,
        0.3314662578583548,
        -0.802785495858667,
        0.27143524956889775,
        0.2631351493583113,
        -0.7797818460510697,
        -0.7986045778948241,
        0.550316356951176,
        0.7798604540902961
      ],
      [
        0.19991601899118946,
        -0.34811011051025975,
        0.21219717435674176,
        -0.15122790910200565,
        0.027327078109210014,
        0.9754549210385001,
        0.7346340112173595,
        -0.8061627298877351,
        0.3885289501366517,
        -0.04791826938553714
      ],
      [
        -0.022059307009123372,
        0.8659310712441595,
        -0.487742412981154,
        0.8629077092534434,
        -0.5925944003248054,
        -0.31749383630313005,
        0.44528742858943854,
        -0.2397291513955634,
        -0.11051112573837232,
        -0.6614136079700539
      ]
    ],
    [
      [
        0.21944208872336848,
        -0.036425519666231525,
        -0.4851771064586145,
        0.564529596258875,
        0.11118076198537749,
        0.3723283862992439,
        0.03714412204877392,
        -0.6245745634146534,
        -0.6379810273267541,
        0.6580171435047028
      ],
      [
        0.05297774685711127,
        -0.5586448844461716,
        0.5665603227245445,
        0.43715479444692285,
        -1.0045901193079925,
        0.589123543340496,
        -0.20945610110621363,
        0.22241404826423866,
        -0.29092484150636777,
        0.3454846640050565
      ],
      [
        0.23899328389491986,
        0.6461629264705389,
        0.2596274168224823,
        -0.6005518748231151,
        -0.26512627011923534,
        0.3718950235097339,
        -0.28366840485732137,
        0.38840101831955615,
        0.3551905082076357,
        0.8028570241487119
      ],
      [
        0.19241935488567055,
        -0.4193485460213333,
        0.673472212090887,
        -0.1971421982750343,
        -0.2403914090220158,
        -0.377576018099804,
        0.43578658254218705,
        0.13445668623942503,
        0.7595044410200956,
        -0.6168349325164008
      ],
      [
        -0.5326589471730733,
        -0.28575990480453956,
        -0.38352542680284474,
        -0.36870454807573483,
        -0.38972784961968826,
        0.29126564137206246,
        0.6036249322487681,
        -0.9980190442914576,
        0.30704961897397,
        -0.21109640328540027
      ],
      [
        0.6596023856619662,
        0.7566448688702061,
        -0.5580830545959867,
        -0.1319754015362783,
        0.4751328546247139,
        -0.9877589838942136,
        0.3557289913876986,
        -0.9884610399190328,
        -0.37375269945404865,
        0.41215679793432497
      ],
      [
        -0.8599686481260316,
        -0.31068866093835606,
        -0.6048284760651469,
        -0.5379065249565144,
        -0.47620231122320145,
        0.06859423473450851,
        -0.6933585611220955,
        -0.3881244640642463,
        0.7677204576048321,
        0.7385275449680709
      ],
      [
        -0.8022169771162622,
        0.6296096525466169,
        0.2251031927160496,
        -0.2283260485623201,
        0.29831475131049956,
        0.687072862187044,
        -0.9344499153441626,
        -0.47735457267188164,
        -0.6268628934430122,
        0.09444175636851711
      ],
      [
        0.8476054751607935,
        0.3170532063295261,
        -0.7792060513685904,
        0.06546662346138336,
        0.10050365060680816,
        0.23289809903407646,
        -0.8740977721400558,
        0.3086846066555434,
        -0.6822589921968983,
        0.4768226597835463
      ],
      [
        -0.6597751906029125,
        -0.9327501799867127,
        0.35521660428886376,
        -0.6913720620730813,
        0.8196137507146345,
        0.26736067099597927,
        0.36537366412673694,
        0.7056840654010096,
        0.02251320983297603,
        0.8604406971994027
      ]
    ],
    [
      [
        -0.5348869988335873,
