{
  "a": [
    [
      0.614732319487108,
      -0.25337629362681596,
      0.562066504008466,
      0.5686474903768772,
      0.8278842044423259,
      -0.5701287773830443,
      -0.3783893391140264,
      0.4764678960903758,
      -0.3852954846669024,
      0.1837854618412781
    ],
    [
      0.02662238580310842,
      0.11383276561264377,
      -0.06148942820853626,
      -0.03399407545848604,
      0.7847758763807944,
      0.5683658856946852,
      0.4070145424580951,
      0.39898697097221664,
      -0.380121682913082,
      -0.08645030336881078
    ],
    [
      -1.0384109613336971,
      -0.7306016626311449,
      -0.784433707663113,
      0.6425672006634874,
      -0.6809840492725233,
      -0.09655983049949066,
      -0.676454552113458,
      -0.9947186264945659,
      0.9400038013779023,
      -0.5992558372445085
    ]
  ],
  "b": [
    [
      0.691243286928272,
      0.7450612662105163,
      -0.8681888338300263,
      -2.0397476601479934,
      -0.2466567086324994,
      -4.29106694126275,
      -0.4748725173403926,
      -1.3433021788329238,
      4.156796226294926,
      -3.3912262741384778
    ],
    [
      73.22864112162809,
      0.09930447453735455,
      -0.9137538134150807,
      -4.357401677248491,
      -34.22813051624975,
      22.244195055740512,
      -37.65282441000375,
      -19.66036323710807,
      -5.497240563276023,
      4.558639633407004
    ],
    [
      -19.212853424588857,
      -0.03750465580688035,
      3.9746953754063146,
      -2.2146303008510397,
      28.353643017708436,
      2.1283959206365304,
      -24.95795611521868,
      28.400047320361974,
      -83.51530051905945,
      0.5348836621823271
    ],
    [
      -1.5768219172626112,
      0.5085871286178163,
      -0.10001119933160581,
      0.4415063888942442
    ]
  ],
  "waa": [
    [
      [
        -0.08816555135224455,
        0.6815403008868033,
        0.8039494775687459,
        -0.7113651506723612,
        0.1478465466131212,
        0.12901465193119602,
        0.8028144848694534,
        -0.9138220492663771,
        -0.386468480476367,
        -0.7646921764824312
      ],
      [
        0.6835049796555356,
        0.4529471265520371,
        0.2327461586426704,
        -0.867490569344546,
        -0.4862704312676547,
        -0.13517501046738567,
        -0.721074986342209,
        -0.11314191171067768,
        0.32310067055362235,
        0.17697757294617547
      ],
      [
        -0.01373730285974599,
        -0.6416546662216664,
        0.6690280436845402,
        -0.789222207369643,
        0.31054333110666277,
        0.6647548085339336,
        -0.17556175895951223,
        0.9683795312630888,
        0.6216507394084343,
        0.1562406361447199
      ],
      [
        -0.41411793502715405,
        -0.5501241149684086,
        0.6288087969056416,
        0.29237509442618226,
        0.5165135229093056,
        -0.20920701494018432,
        -0.9750494106318706,
        0.41024093613497203,
        -0.7312411228191642,
        0.05810782288368977
      ],
      [
        -0.6490330570020826,
        -0.00046397127918722643,
        -0.01490895229960789,
        -0.2812022213654961,
        -0.03642025067949624,
        -0.5025594488922781,
        0.5691052344611992,
        -0.5855869528816747,
        -0.8898825967314027,
        0.18939928146245585
      ],
      [
        0.3723626617277752,
        -0.7576114361183824,
        -0.3285015486702547,
        -0.41955487006341313,
        -0.6825210830787467,
        -0.3508092485126176,
        0.548971597837298,
        -0.048655660067764554,
        -0.8956072521558723,
        -0.2770824284346544
      ],
      [
        0.4451845196010044,
        -0.7203145418322188,
        -0.2188570657761426,
        -0.34584054609074794,
        0.7540850645418201,
        0.4671691886216567,
        -0.40830632028665625,
        0.7229475992172847,
        -0.07879969007446892,
        -0.39326184955119875
      ],
      [
        -0.6728126359788043,
        -0.29739296046914104,
        0.3567111463225141,
        -0.7738309682049122,
        0.30963092107856627,
        0.23414374716871464,
        -0.793915844789702,
        -0.7734381742293567,
        0.5299113013456296,
        0.7863268130056843
      ],
      [
        0.21417860823081403,
        -0.3526107624208998,
        0.2233231135185833,
        -0.1386759844743307,
        0.04438720814063475,
        0.9630299464810074,
        0.7280029027250616,
        -0.7952248372553185,
        0.38028324408249164,
        -0.04502688616915177
      ],
      [
        -0.02171883806457078,
        0.8658216140314546,
        -0.4874752354961137,
        0.863203003350008,
        -0.5921893122452925,
        -0.3177870451657552,
        0.4451354123900064,
        -0.23947112230282838,
        -0.11071420563267192,
        -0.6613518390075287
      ]
    ],
    [
      [
        0.21948599522384094,
        -0.036614296266159,
        -0.4849490506530846,
        0.5644908287956929,
        0.11066918242345117,
        0.37188398084752344,
        0.03703902789073403,
        -0.6247647543074012,
        -0.6375391397661145,
        0.6578757325906279
      ],
      [
        0.056131906696763004,
        -0.5694794521135794,
        0.580629839824632,
        0.43353405494405733,
        -1.0292676801767793,
        0.5643726235423647,
        -0.21170364614166665,
        0.21350975873567068,
        -0.2646614235510385,
        0.3343780195955631
      ],
      [
        0.2410346153258263,
        0.6394741326574055,
        0.26848522038356937,
        -0.6028291647008676,
        -0.2788027675054756,
        0.3578584784412753,
        -0.28397781456088433,
        0.3838641627670377,
        0.37073842930350676,
        0.7956197757630099
      ],
      [
        0.15850925681736658,
        -0.2892341343523448,
        0.5101010447615097,
        -0.15975120924392328,
        0.09868669166565931,
        -0.060377690623573926,
        0.49440168973170306,
        0.26333117391688704,
        0.4383578999949797,
        -0.502483884522574
      ],
      [
        -0.5326681933852971,
        -0.2859519863367822,
        -0.38336107506970474,
        -0.3686926691665005,
        -0.3907146038134691,
        0.2905145789142836,
        0.6031837606811293,
        -0.9984923827900481,
        0.30761923617876885,
        -0.21107733708469534
      ],
      [
        0.659613868014968,
        0.7565097863841029,
        -0.5579451980049428,
        -0.13198396328675338,
        0.4745837550691719,
        -0.988193972697292,
        0.3555225475841185,
        -0.9887059140283136,
        -0.3733883802164177,
        0.41211912680649654
      ],
      [
        -0.8599642067482667,
        -0.3106675726793242,
        -0.6048422168210259,
        -0.5379112894330929,
        -0.47607066713634244,
        0.0686910765480169,
        -0.6932930804773795,
        -0.3880579901614527,
        0.7676533050349966,
        0.7385166878829582
      ],
      [
        -0.8020362864629251,
        0.6294969631741386,
        0.22544915017771824,
        -0.22851574559477872,
        0.29935920536574984,
        0.6876388530323153,
        -0.9335341110420157,
        -0.47666840054854226,
        -0.6269071952321736,
        0.09386385754932046
      ],
      [
        0.847973162711823,
        0.31708411218290494,
        -0.7785748925378816,
        0.06490891841603413,
        0.10501665640968615,
        0.23547637154969472,
        -0.8707938307747257,
        0.31115826905423744,
        -0.683195560975276,
        0.4751104311253206
      ],
      [
        -0.6597112984590829,
        -0.9329988685328682,
        0.35551885013259743,
        -0.691427017803555,
        0.8189202592943257,
        0.2667580728103472,
        0.3652227201544827,
        0.7054258265549855,
        0.02310974749093547,
        0.8602560603254705
      ]
    ],
    [
      [
        -0.5312864797094478,
        0.3159914287732844,
