{
  "a": [
    [
      0.6721817723925081,
      -0.2207993010513612,
      0.5208588996996725,
      0.5948843536783135,
      0.7938612998811868,
      -0.5735014511008952,
      -0.30380973899789604,
      0.5042871957769043,
      -0.3806341817081546,
      0.14294466468229275
    ],
    [
      0.01807087150212808,
      0.10785086425390837,
      -0.0607401875996027,
      -0.0321984889904304,
      0.7918132845672833,
      0.5568570408474881,
      0.4235045403851687,
      0.39141149046419355,
      -0.37214826062473,
      -0.10116611090501294
    ],
    [
      -1.052053814172599,
      -0.7371243640802944,
      -0.8047094895596669,
      0.6803154932529597,
      -0.6678772549539569,
      -0.11999415190783215,
      -0.6627337334769101,
      -1.0234245813155258,
      0.9368590146575754,
      -0.6016162558492626
    ]
  ],
  "b": [
    [
      0.7237360714026411,
      0.6774338983021198,
      -0.9248699267478964,
      -1.300570809424304,
      0.668504629268366,
      -4.307424519630829,
      -0.22383596764909539,
      -1.4362589684707185,
      4.098395698580805,
      -3.433795750063783
    ],
    [
      73.22536180280588,
      -0.7962496620452555,
      -1.5966849462620831,
      -4.704127585270368,
      -34.216189250477775,
      22.22778175421947,
      -37.654181520742554,
      -19.692594809519537,
      -5.349087505548622,
      4.498631839289028
    ],
    [
      -19.214317356468257,
      -0.03570228616392313,
      4.102947964532925,
      -2.3107679012710465,
      28.355269236290727,
      1.9924420289178644,
      -24.948168481495927,
      28.39540250236008,
      -83.51385128575666,
      0.50930593397897
    ],
    [
      -1.4943128586690007,
      -0.2442872166184819,
      -0.10109062533372229,
      1.4226903356423781
    ]
  ],
  "waa": [
    [
      [
        -0.08872731014987909,
        0.6817454197646075,
        0.8034660038179677,
        -0.7118480035668737,
        0.14711895571750316,
        0.12950757040159747,
        0.8031297756438395,
        -0.9142222585686551,
        -0.3861759571470652,
        -0.7648698982051777
      ],
      [
        0.6844799755590665,
        0.45259354776857075,
        0.2335746527460462,
        -0.8666465326299014,
        -0.4850235140138744,
        -0.13602882026641328,
        -0.7216084978363974,
        -0.1124381981952175,
        0.32258036889929154,
        0.17726887522177834
      ],
      [
        -0.012779157607746222,
        -0.6420124516557806,
        0.6698615141013665,
        -0.788388831082949,
        0.3117927295258188,
        0.6639058741431968,
        -0.17610805637892393,
        0.969071527731732,
        0.6211343594144642,
        0.1565411122203605
      ],
      [
        -0.44003399296875073,
        -0.5405893178090045,
        0.6068756483917016,
        0.26955045007483247,
        0.4835377685374358,
        -0.18614664034130052,
        -0.9612767285459619,
        0.3913545473692964,
        -0.7164962627156092,
        0.05077827585267863
      ],
      [
        -0.6510598938707718,
        0.00028179998089074255,
        -0.016651566538942803,
        -0.28296243454540043,
        -0.039037682591327706,
        -0.5007738904277172,
        0.5702373371291304,
        -0.5870517239082315,
        -0.8887942405009298,
        0.18877996923125392
      ],
      [
        0.3727897045069428,
        -0.7588013242225404,
        -0.32662781056153223,
        -0.41952915318568906,
        -0.6801408664783336,
        -0.35181119907725056,
        0.5468238068856288,
        -0.04876669239328435,
        -0.8957426002355185,
        -0.27539543985725873
      ],
      [
        0.44583412297063035,
        -0.7205608637250027,
        -0.21829382238358808,
        -0.34526931134589106,
        0.7549269833177186,
        0.4665909307646627,
        -0.4086737981195494,
        0.7234253757288257,
        -0.07916432097580682,
        -0.3930678177599718
      ],
      [
        -0.706565019798172,
        -0.2853381645136063,
        0.3316900400029603,
        -0.8025497822441631,
        0.27176875632746933,
        0.2628980709921489,
        -0.7799203392885121,
        -0.7983943302825962,
        0.5501444083536816,
        0.7799105623121061
      ],
      [
        0.21429944080433566,
        -0.35265311048630066,
        0.22341716584809862,
        -0.1385724957956678,
        0.044529796483962984,
        0.962926419915806,
        0.7279473634992938,
        -0.7951367860893286,
        0.3802151722231864,
        -0.0449987856055547
      ],
      [
        -0.021660653079532584,
        0.8658034324550737,
        -0.4874297059954989,
        0.8632527208326982,
        -0.5921192779944486,
        -0.3178358959146182,
        0.44510826040054496,
        -0.23942977149391567,
        -0.11074312698297464,
        -0.6613368062654764
      ]
    ],
    [
      [
        0.2194800439636515,
        -0.03663859049574059,
        -0.4849355990211877,
        0.5644980726328566,
        0.11050044840783368,
        0.3717622011926172,
        0.03695116963240742,
        -0.624850514667671,
        -0.6374576509837028,
        0.6578945448291216
      ],
      [
        0.05598798529556652,
        -0.5702716468703198,
        0.5810693859268304,
        0.43378988813276764,
        -1.034771529626237,
        0.560515702606064,
        -0.21461066977744342,
        0.21078483004813406,
        -0.26209400853228965,
        0.3350519947078271
      ],
      [
        0.24085982774937442,
        0.6385687100862706,
        0.2690075281573491,
        -0.6025495886375926,
        -0.2852015379415887,
        0.35337381195006673,
        -0.2873572605389963,
        0.3806995058443541,
        0.3737426946870439,
        0.7964122308608685
      ],
      [
        0.1585083200716514,
        -0.28923818536558593,
        0.5101032934578048,
        -0.15974997456708542,
        0.09865857084167302,
        -0.060397829052697846,
        0.4943869992232324,
        0.2633169687272192,
        0.4383713589643464,
        -0.5024806783215799
      ],
      [
        -0.5326405899604372,
        -0.2858476254301988,
        -0.3834214602632312,
        -0.3687236719045176,
        -0.38999368614759794,
        0.2910324415793548,
        0.6035578267231339,
        -0.9981265805033043,
        0.3072713151551905,
        -0.2111577061883938
      ],
      [
        0.659622484458057,
        0.7565463999108705,
        -0.5579669158157939,
        -0.13199512029595498,
        0.4748378371352023,
        -0.9880146240580825,
        0.35565516874708125,
        -0.9885791402451363,
        -0.37350908936238364,
        0.4120891714063331
      ],
      [
        -0.8599698516079382,
        -0.31068925630045124,
        -0.6048299375412871,
        -0.5379048503548908,
        -0.4762207723472492,
        0.06858290722144728,
        -0.6933710828905404,
        -0.38813434462681534,
        0.767725837597509,
        0.7385333219421274
      ],
      [
        -0.8021252015679888,
        0.62914380367852,
        0.22564556270763525,
        -0.22841032990470175,
        0.2969070327925725,
        0.6858694436907421,
        -0.9348111004218456,
        -0.47791653824836267,
        -0.6257232818055767,
        0.09413605547880174
      ],
      [
        0.8478057601651589,
        0.31593060460827993,
        -0.7779265874019986,
        0.06527052563790524,
        0.0966913999883188,
        0.2296927466315428,
        -0.8752547884936908,
        0.30708887725787437,
        -0.679339857881199,
        0.47619970215236757
      ],
      [
        -0.6597268786792654,
        -0.9330508809377555,
        0.3555497549078218,
        -0.691411727524812,
        0.8185681413837809,
        0.26650434532772715,
        0.3650417293026671,
        0.7052461612541338,
        0.02328086462006191,
        0.8602938777871268
      ]
    ],
    [
      [
        -0.531341399823492,
        0.3159529268855016,
