{
  "a": [
    [
      0.6824620018728604,
      -0.2170106785277423,
      0.5615488889682868,
      0.6012180756881083,
      0.8266276004244303,
      -0.6046961332522942,
      -0.33228677894682757,
      0.5518888040731874,
      -0.4410888433195618,
      0.11108236532884215
    ],
    [
      -0.04615073929518142,
      0.2496399958670657,
      -0.27120722523751084,
      0.032829846681213026,
      0.9032869377681872,
      0.8273329660949331,
      0.27734625260825296,
      0.43258266703848186,
      -0.7158052538570426,
      0.2080998369491329
    ],
    [
      -0.9851252653295437,
      -0.5363895304023274,
      -0.7189542686154656,
      0.59228454463296,
      -0.6858851537623264,
      -0.18938719410930843,
      -0.7241204415760272,
      -0.79550191146814,
      0.9988206460464701,
      -0.5840938250123413
    ]
  ],
  "b": [
    [
      -0.05951414138178143,
      0.6185049404458944,
      -0.6937844745152358,
      -0.12141882941221704,
      0.3975564105105097,
      -4.298563052156609,
      -0.31434682655902746,
      -0.3910731174090798,
      4.036575262903056,
      -3.258894264761538
    ],
    [
      73.2066385603152,
      -1.1315254510504262,
      -2.252790060709575,
      -5.117550895162595,
      -34.213407788864224,
      22.202765991543462,
      -37.625214066315934,
      -19.745968613246678,
      -5.459421670298089,
      2.6776632630229438
    ],
    [
      -19.247413717986948,
      0.4650387179489281,
      4.43164881738311,
      -2.338860857903786,
      28.360311934564503,
      2.288240182713269,
      -24.921486200359006,
      28.43004671107893,
      -83.4964533862069,
      1.010761570059381
    ],
    [
      -0.9108922334696125,
      -0.20452890655131767,
      0.5100452027079898,
      -0.15231316536075964
    ]
  ],
  "waa": [
    [
      [
        -0.07623264470817674,
        0.6773747742119114,
        0.8140161711081736,
        -0.7006662305205987,
        0.16282824306912172,
        0.11828291522483861,
        0.7968513323076908,
        -0.9044903724168605,
        -0.3941528953784704,
        -0.7623433113400698
      ],
      [
        0.6958180555365868,
        0.4491540322524669,
        0.24248496592879093,
        -0.8567289313467769,
        -0.47158325024188763,
        -0.14576280256430005,
        -0.7268388542669785,
        -0.10344389010423348,
        0.31558639749577116,
        0.1789416904771059
      ],
      [
        -0.00613674147909054,
        -0.6441920404913823,
        0.6752204547032927,
        -0.7826192114182653,
        0.3198144819354126,
        0.6581787332943245,
        -0.17936756960089695,
        0.9744825303236015,
        0.616948760048334,
        0.15757768010771495
      ],
      [
        -0.41969206827350997,
        -0.555500815715114,
        0.6347741122041723,
        0.2928286517275093,
        0.5213705309239796,
        -0.20962084579047793,
        -0.9882974215369439,
        0.4143707395158687,
        -0.7354228074062091,
        0.05950906242687253
      ],
      [
        -0.6395604377950147,
        -0.0028166810151459367,
        -0.00817689079643064,
        -0.27315824540270245,
        -0.02563556100958011,
        -0.5109891402551463,
        0.5667640887640949,
        -0.5785716692900564,
        -0.8967244632068192,
        0.19002416847853545
      ],
      [
        0.367163623557023,
        -0.7571114970826132,
        -0.3310484394695906,
        -0.42450957249823157,
        -0.686901621877084,
        -0.3469108534234728,
        0.5493529887396001,
        -0.05315456039264428,
        -0.8923750182860952,
        -0.2763559789686943
      ],
      [
        0.4558512820953498,
        -0.7237378783418925,
        -0.21069930714108262,
        -0.3365696961090563,
        0.7669829024623721,
        0.4580437420693924,
        -0.41300250573339076,
        0.7309074015724832,
        -0.0850747539139902,
        -0.39131652269042316
      ],
      [
        -0.7248959573087301,
        -0.2781664450281978,
        0.3151748591687161,
        -0.8203540624804125,
        0.24767475319511933,
        0.27998533249565266,
        -0.7691906347503148,
        -0.8145740366806377,
        0.5636969301044561,
        0.7769635935501695
      ],
      [
        0.20370746133577203,
        -0.34961346632612494,
        0.21567026891489932,
        -0.14755129403187778,
        0.032386243953278326,
        0.9719249798330407,
        0.7322883022596387,
        -0.8028436658789618,
        0.3857984904254006,
        -0.047227363484738605
      ],
      [
        -0.01799380233990272,
        0.8646853062014462,
        -0.48452965519998403,
        0.8664935871833285,
        -0.5877548453539779,
        -0.32099416669861164,
        0.4433989822370401,
        -0.23648353786707774,
        -0.1130348109707156,
        -0.6608148080541822
      ]
    ],
    [
      [
        0.2194269103710711,
        -0.03635744592211636,
        -0.48524719560706725,
        0.5645430988316672,
        0.11141372619948942,
        0.3725414973227642,
        0.03721561517926935,
        -0.6244705060090873,
        -0.63816762416703,
        0.6580605553048862
      ],
      [
        0.051434281157845325,
        -0.5486847125584081,
        0.5561567770370043,
        0.4389637976573893,
        -0.9696495578998817,
        0.620663684445185,
        -0.19821939933119698,
        0.23848771511075537,
        -0.31823523676164084,
        0.35158540355872664
      ],
      [
        0.23818495213956467,
        0.6517018126844333,
        0.2538905161209569,
        -0.5995106436304583,
        -0.24611782244330957,
        0.3896802972214188,
        -0.27768165361823693,
        0.3974635428133131,
        0.33987127046677007,
        0.8068103699804866
      ],
      [
        0.192398252603702,
        -0.418385322480154,
        0.672247162456681,
        -0.19762533949334063,
        -0.2358004839820411,
        -0.37622532712181933,
        0.43769706026240096,
        0.13559631611409903,
        0.7581257593652103,
        -0.6178119290391693
      ],
      [
        -0.5326489784119302,
        -0.2858132492992836,
        -0.3834688338722821,
        -0.3687112331465561,
        -0.38991127809595394,
        0.2911113052890227,
        0.603568521160287,
        -0.9980968875249839,
        0.3071865228640062,
        -0.21112383707784788
      ],
      [
        0.6596141835517285,
        0.756562792739624,
        -0.557992130848247,
        -0.1319796645437185,
        0.47485171502329526,
        -0.9879583148763424,
        0.3556377668561663,
        -0.9885645076891553,
        -0.3735694961700855,
        0.41213972788580716
      ],
      [
        -0.8598640606174904,
        -0.3112612003224246,
        -0.604214963656266,
        -0.5379778519404095,
        -0.4782557712852159,
        0.06670372168624399,
        -0.6939865072838527,
        -0.38911320900259805,
        0.769350993098602,
        0.7380453647087405
      ],
      [
        -0.8021634936187628,
        0.6289225901212938,
        0.2258396719089379,
        -0.22860825723105033,
        0.29613310304550944,
        0.6848938035029168,
        -0.9351806461152402,
        -0.4783856764508742,
        -0.6249455299610519,
        0.09404965292377562
      ],
      [
        0.8475709340682839,
        0.31765076570664563,
        -0.7798503388215695,
        0.06561772681077017,
        0.10235158912372129,
        0.23479719941095017,
        -0.8735712193410793,
        0.3096422442431476,
        -0.6839132819492628,
        0.47738473116913205
      ],
      [
        -0.660682432413948,
        -0.9274435387448478,
        0.3493168748448004,
        -0.6905650669616559,
        0.8388266965495503,
        0.2850591891377248,
        0.37133470363006393,
        0.7149403938999888,
        0.007203491910803309,
        0.864887168478341
      ]
    ],
    [
      [
        -0.5328017935290248,
        0.31491313475285665,
