{
  "a": [
    [
      0.5248618835642537,
      -0.3178016156503292,
      0.630493685638488,
      0.48126426745585377,
      0.878550213535888,
      -0.5508884203955509,
      -0.5285094891269682,
      0.40689697302951977,
      -0.35131984302815894,
      0.28143883031232086
    ],
    [
      0.04610810502502045,
      0.1148475620977487,
      -0.06575847518248691,
      -0.027993853342541744,
      0.7670510885886337,
      0.5895624542013869,
      0.37786870056780786,
      0.4114108969582787,
      -0.40172993966236825,
      -0.06413781867704486
    ],
    [
      -1.049495331388822,
      -0.7407985382211959,
      -0.7650028110724936,
      0.6270485559309849,
      -0.6794812065676694,
      -0.07419205802470798,
      -0.6889367498087042,
      -1.006642317082344,
      0.9233121837171258,
      -0.5968333714115074
    ]
  ],
  "b": [
    [
      0.5920882064409781,
      1.4141339784656086,
      -0.7465349822712669,
      -2.9255493513834008,
      -0.35684655670195087,
      -4.256042032309689,
      -0.7215399583780956,
      -2.2139042977328383,
      4.259457517276704,
      -3.2931390285720794
    ],
    [
      73.23289418688631,
      0.10301056357540256,
      -0.9150854658000818,
      -4.072384004273418,
      -34.25973891211619,
      22.264194873241568,
      -37.643748664283756,
      -19.55532386048642,
      -5.495926538587211,
      4.5071356605535575
    ],
    [
      -19.211426411695907,
      -0.09207083726790766,
      3.8012076727680766,
      -1.9010057372750824,
      28.344320804780107,
      2.2953491647485316,
      -24.983552589841,
      28.4298277393937,
      -83.51698423704552,
      0.5412269017645371
    ],
    [
      -1.3852422940543705,
      0.669565633067696,
      -0.25100053662925026,
      0.6249344462006662
    ]
  ],
  "waa": [
    [
      [
        -0.08998273330712282,
        0.6824492966008601,
        0.8020515627998676,
        -0.713079359919975,
        0.14512775909817213,
        0.13081590792189576,
        0.8042592527496287,
        -0.9152585429401409,
        -0.38524650507324704,
        -0.7654014281023481
      ],
      [
        0.6885378115990494,
        0.4504445632659536,
        0.2380015331503748,
        -0.8626752144128268,
        -0.4787493962381597,
        -0.1401731923706421,
        -0.7250551691655336,
        -0.10909774178811205,
        0.319666514635666,
        0.17889108606207682
      ],
      [
        -0.01400065217379515,
        -0.6418723582977414,
        0.6692526698599073,
        -0.7895664272008109,
        0.3107484362691444,
        0.6648041460290876,
        -0.17603184752442122,
        0.9680600406624318,
        0.6218244401742492,
        0.15663173452653645
      ],
      [
        -0.38593463918043736,
        -0.562986248022586,
        0.6563585871221702,
        0.3182966936612827,
        0.5565568669138811,
        -0.2361900951180862,
        -0.9947830636800101,
        0.43182682668191774,
        -0.7491187567909814,
        0.06818783780048922
      ],
      [
        -0.6525784023117517,
        0.0013157151154161795,
        -0.018640038606625556,
        -0.28459533082173094,
        -0.0417542299291585,
        -0.4990245599973246,
        0.5719493980285703,
        -0.5884323999735565,
        -0.8874601243882025,
        0.1880256006583319
      ],
      [
        0.3764098360345203,
        -0.7592511277825981,
        -0.32474825224204235,
        -0.4157101540976778,
        -0.6769979252095798,
        -0.35456620392411803,
        0.5462659093528468,
        -0.04541595502797351,
        -0.8981667264294121,
        -0.2758953277424406
      ],
      [
        0.4456086160622946,
        -0.7203912314097491,
        -0.2185934704490433,
        -0.34536619415430486,
        0.7545009156114943,
        0.46681840948392583,
        -0.40839879095954346,
        0.7233595668543993,
        -0.07911394161683201,
        -0.3933030705295748
      ],
      [
        -0.5969278699194837,
        -0.3292661399082067,
        0.4253590784531656,
        -0.7015957713863876,
        0.4099747965749006,
        0.163367172576726,
        -0.8416319251648295,
        -0.7115755530350232,
        0.47861354816317964,
        0.8060076739881967
      ],
      [
        0.21406869337631843,
        -0.3525632443625529,
        0.2232187460582089,
        -0.1387849811336705,
        0.04423588447743597,
        0.9631350214492213,
        0.7280763982096434,
        -0.7953176801534878,
        0.380360339748317,
        -0.04505665723463634
      ],
      [
        -0.02142032167729138,
        0.8656909967308685,
        -0.4871905389348162,
        0.8634843283471594,
        -0.5917741015119331,
        -0.31807025649841186,
        0.44493611675863776,
        -0.23923490210522458,
        -0.11090871890790817,
        -0.6612572472987794
      ]
    ],
    [
      [
        0.21949326703108737,
        -0.03658805450093772,
        -0.4849634318393236,
        0.5644834630742088,
        0.11084758841577239,
        0.3720157145317229,
        0.037129756737505897,
        -0.62467269707053,
        -0.6376278980351886,
        0.6578575718448901
      ],
      [
        0.05656080091901144,
        -0.5672041521882685,
        0.5793599421427954,
        0.43284702811568243,
        -1.0135983129055266,
        0.5755317231075234,
        -0.20363911873941667,
        0.22130561804486215,
        -0.27218648222912367,
        0.3325591395629979
      ],
      [
        0.2411446091915926,
        0.6400506956281037,
        0.268158124487124,
        -0.6030013454977742,
        -0.27481172973644225,
        0.3606958449478772,
        -0.2819249377711455,
        0.38584699171948617,
        0.36882054937727754,
        0.7951536330687156
      ],
      [
        0.15854309488819265,
        -0.28913822927230776,
        0.5100471992704017,
        -0.15977588698456202,
        0.09933091035362498,
        -0.05988951805165257,
        0.49472283602252337,
        0.2636718205480028,
        0.43802667922872907,
        -0.5025419399601244
      ],
      [
        -0.53266884277622,
        -0.2859618273102555,
        -0.38335626815923185,
        -0.368689333687683,
        -0.390782979963356,
        0.29046689219125404,
        0.6031474853729487,
        -0.9985255723975958,
        0.3076507218237076,
        -0.211068557097871
      ],
      [
        0.6596105789945085,
        0.7564972932993695,
        -0.5579384532068308,
        -0.13198033853141952,
        0.4744982847216013,
        -0.9882566145353274,
        0.3554785076871274,
        -0.9887498506240852,
        -0.37334643346416485,
        0.41212812303414187
      ],
      [
        -0.8599654996715227,
        -0.3106733729891149,
        -0.6048391353623397,
        -0.5379095909469043,
        -0.4761100640293569,
        0.06866230199369232,
        -0.6933132216339365,
        -0.3880780190397572,
        0.7676726315143267,
        0.7385209141962938
      ],
      [
        -0.8019281328465745,
        0.6299060319763276,
        0.22522785439208212,
        -0.22863318860315646,
        0.30215576911467357,
        0.6896943436346501,
        -0.9321001915297138,
        -0.4752295683524403,
        -0.6282865892324079,
        0.09357262217338809
      ],
      [
        0.8485820821291041,
        0.3198123362060126,
        -0.7800844593727188,
        0.06411217939828134,
        0.12374113399539123,
        0.24902035931806812,
        -0.8612091574575855,
        0.3206144458100316,
        -0.6923304250149539,
        0.4730461999212093
      ],
      [
        -0.6597000743847552,
        -0.9329443395792298,
        0.3554896481479697,
        -0.6914433683666589,
        0.8192934459428446,
        0.2670276525630699,
        0.36541490779495317,
        0.7056139981813928,
        0.02292892595307794,
        0.8602144674952298
      ]
    ],
    [
      [
        -0.5314689358292725,
        0.3158626681905585,
