{
  "a": [
    [
      0.6284617795081879,
      -0.2329709290166517,
      0.5420523676500266,
      0.5466588761345235,
      0.8133073136754783,
      -0.5551363554714966,
      -0.3527470508836584,
      0.4548620564467907,
      -0.33982945704928225,
      0.19253449886163687
    ],
    [
      0.03017548238748389,
      0.11363667591050608,
      -0.06419178890465986,
      -0.03411698166627919,
      0.7855285552485817,
      0.566075718469671,
      0.4086315250707439,
      0.40053339193438875,
      -0.37887981754148325,
      -0.08664538164297493
    ],
    [
      -1.0414577365796536,
      -0.7310840908227297,
      -0.7903485126943589,
      0.6533329676616886,
      -0.6772238299537071,
      -0.1044427474688272,
      -0.6720967420707771,
      -1.0012173631516363,
      0.9399962888376268,
      -0.5999758726437807
    ]
  ],
  "b": [
    [
      0.7029510367942496,
      0.7279634653608579,
      -0.8890984165759771,
      -2.0818618919744623,
      -0.10570727268988049,
      -4.286501630225758,
      -0.42155040272605554,
      -1.1912277395776392,
      4.184861431159578,
      -3.3833101494151316
    ],
    [
      73.22817329481244,
      0.126599118409653,
      -0.8899841686766977,
      -4.4821630552190594,
      -34.22509605028588,
      22.24064392280435,
      -37.65365216101465,
      -19.677242511840767,
      -5.459198939324569,
      4.5674828729662575
    ],
    [
      -19.213708897987775,
      -0.027979497389686497,
      4.068951443960898,
      -2.223650646589772,
      28.35488493837315,
      2.244663898756015,
      -24.954837944439497,
      28.400475532913433,
      -83.51531755412812,
      0.5371933303169412
    ],
    [
      -1.578169163869616,
      0.4554459650873257,
      0.10375577729810317,
      0.3400696590169249
    ]
  ],
  "waa": [
    [
      [
        -0.08864999035717364,
        0.6817161609512261,
        0.8035361047830051,
        -0.7117807346084242,
        0.14722398266760037,
        0.12943825921688104,
        0.8030821695941356,
        -0.9141674154154722,
        -0.3862156073404029,
        -0.764842205084471
      ],
      [
        0.684637920069781,
        0.4525299161273864,
        0.23372017195617348,
        -0.8665102273882986,
        -0.4848072714604021,
        -0.13617189106031274,
        -0.7217086683848074,
        -0.11232597475489406,
        0.32249623460984883,
        0.17732648919786353
      ],
      [
        -0.012605284759122547,
        -0.6420747072594701,
        0.670005011347495,
        -0.7882370199813928,
        0.312009143119684,
        0.6637541996618056,
        -0.17619762098208386,
        0.9691990691943252,
        0.6210377115987172,
        0.1565875840035404
      ],
      [
        -0.44169290538287087,
        -0.5399606081771885,
        0.6052767554437942,
        0.2679517073147017,
        0.48116724073160794,
        -0.18461858672677403,
        -0.9601425274433583,
        0.39003512132284124,
        -0.7155539514013357,
        0.05022063350080795
      ],
      [
        -0.6512085841588373,
        0.00034085821435666727,
        -0.016783682432846808,
        -0.28309056511072395,
        -0.03923438955616428,
        -0.500640377266586,
        0.5703256350592025,
        -0.5871583629405364,
        -0.8887124475847354,
        0.18873070416776783
      ],
      [
        0.37054890646551497,
        -0.7569346430100585,
        -0.3300734970448855,
        -0.42115186300821483,
        -0.6848801561286009,
        -0.34918539652180774,
        0.5499815219590217,
        -0.049968796758522845,
        -0.8945935126593838,
        -0.2776344113452432
      ],
      [
        0.4457683614624577,
        -0.7205356224757878,
        -0.2183478288429291,
        -0.3453265156454934,
        0.7548463299149648,
        0.4666487588549418,
        -0.4086401442886393,
        0.7233763043836957,
        -0.0791251002370662,
        -0.393084185814725
      ],
      [
        -0.6650726887581399,
        -0.30036505064456215,
        0.3635619867342165,
        -0.7671326695109645,
        0.3198913728084194,
        0.2271717204666115,
        -0.7984048973355142,
        -0.7679776995885786,
        0.5257030114318406,
        0.7889146251945325
      ],
      [
        0.21417387435508514,
        -0.35260841931760745,
        0.22331842199209684,
        -0.13868129694527812,
        0.04438055865331924,
        0.9630348899213625,
        0.7280060576735488,
        -0.7952293795460069,
        0.38028765628774325,
        -0.04502773789211026
      ],
      [
        -0.021751210122856333,
        0.8658349255877382,
        -0.4875049083481028,
        0.8631731878930807,
        -0.5922330646312687,
        -0.31775705868752097,
        0.4451554261772514,
        -0.23949605251906456,
        -0.1106941485134122,
        -0.6613617058616081
      ]
    ],
    [
      [
        0.21948074829413491,
        -0.03663511919581126,
        -0.484937591366151,
        0.5644970410042284,
        0.11052540760470105,
        0.3717798485981853,
        0.03696438566345887,
        -0.6248380858754153,
        -0.6374694781885688,
        0.6578914780724814
      ],
      [
        0.056095452637929775,
        -0.5696589785726954,
        0.5807289693219001,
        0.4335900592528824,
        -1.0305185181451213,
        0.5634843663654272,
        -0.2123592532592755,
        0.21288357611256387,
        -0.26406830986876373,
        0.334525154499359
      ],
      [
        0.24104577299379035,
        0.6394990995665185,
        0.2684709944507354,
        -0.6028355590238648,
        -0.27863440786409455,
        0.35798750717067135,
        -0.283892634483244,
        0.3839556494857842,
        0.3706516253600336,
        0.7956058472690531
      ],
      [
        0.1585087977982053,
        -0.28923608538769985,
        0.5101021119631854,
        -0.15975062264057352,
        0.09867317095591932,
        -0.060387444697902186,
        0.49439465234498947,
        0.26332431170111154,
        0.4383644212041135,
        -0.5024823765934903
      ],
      [
        -0.5326615769186859,
        -0.2859252071007838,
        -0.38337577280674934,
        -0.36870066652592576,
        -0.3905295111699373,
        0.2906485382893571,
        0.6032799064942992,
        -0.9983980978460403,
        0.30752963259741845,
        -0.21109769751784432
      ],
      [
        0.6596114469164349,
        0.7565006692093161,
        -0.5579400740531504,
        -0.13198122944392693,
        0.4745206877821535,
        -0.9882394910974721,
        0.35548973598370576,
        -0.988738106376651,
        -0.3733579274444795,
        0.4121260582788383
      ],
      [
        -0.8599675262733101,
        -0.3106809701963341,
        -0.6048348303453978,
        -0.5379072784685472,
        -0.4761636056721244,
        0.06862397438960237,
        -0.6933414760398272,
        -0.3881053001142072,
        0.7676981719583165,
        0.7385269915153546
      ],
      [
        -0.8021156404519929,
        0.6291794609166366,
        0.22562463901704705,
        -0.22842071292104543,
        0.29715592840886224,
        0.686048027937558,
        -0.9346815444294343,
        -0.4777903864735819,
        -0.6258434624534825,
        0.094107930976813
      ],
      [
        0.8480314564538475,
        0.31727127740574634,
        -0.7786797754279541,
        0.06485533841251286,
        0.10630010086313853,
        0.23641971370671339,
        -0.8701322517647795,
        0.3118247139961573,
        -0.6838279907161607,
        0.47497928871581846
      ],
      [
        -0.6597138710791305,
        -0.933008962586989,
        0.35552446238130164,
        -0.6914239945429292,
        0.8188503039106217,
        0.26670757647318033,
        0.36518629680225095,
        0.7053901817274446,
        0.023143517447611693,
        0.8602637964884069
      ]
    ],
    [
      [
        -0.5313033735392872,
