{
  "a": [
    [
      0.511104188953083,
      -0.34313074361928303,
      0.6652804798828104,
      0.49887650497235886,
      0.9034611632241423,
      -0.5603516804164486,
      -0.583634137103846,
      0.4375494708994921,
      -0.3808850264619192,
      0.2855659094905506
    ],
    [
      0.05736496421128728,
      0.12137937555832021,
      -0.07952238480365577,
      -0.02732797783249521,
      0.7716019990562983,
      0.5955623568230889,
      0.36133213465285063,
      0.4134422351684229,
      -0.41652359909974035,
      -0.056709334998559444
    ],
    [
      -1.109320702991333,
      -0.8086939837587638,
      -0.7772004940453386,
      0.6061918087025869,
      -0.6853742089150375,
      -0.05220574066635114,
      -0.6471642322311358,
      -1.0573242581724616,
      0.9290944088033134,
      -0.6566880998360675
    ]
  ],
  "b": [
    [
      0.5264081403428523,
      1.9441458193807417,
      -0.6582030841262758,
      -3.265631699584044,
      -0.40350043150856535,
      -4.260065753504505,
      -0.8521526739285723,
      -2.80681205288962,
      4.245314367701474,
      -3.2905103362387167
    ],
    [
      73.22673808003901,
      0.08725022687641801,
      -0.8941011053361744,
      -3.9404293810751727,
      -34.26469272190326,
      22.273543030267636,
      -37.63949534599945,
      -19.53990650496423,
      -5.47280309871498,
      4.488093904124948
    ],
    [
      -19.20899288545951,
      -0.1893864293975282,
      3.7382380543998868,
      -1.8138318461043839,
      28.341900323433705,
      2.353267098698058,
      -24.99418883913687,
      28.4471670509969,
      -83.51842017656386,
      0.5526106647808284
    ],
    [
      -1.453185288640659,
      0.735024945054749,
      -0.24278585158435112,
      0.33339510615128454
    ]
  ],
  "waa": [
    [
      [
        -0.09124973635563641,
        0.6832088768094893,
        0.8005389559214435,
        -0.7142390932266326,
        0.14302486167021575,
        0.13213705629749734,
        0.8055277474942664,
        -0.9162475093436748,
        -0.38440556795616276,
        -0.7660723043611141
      ],
      [
        0.6907979614297745,
        0.4490837574640187,
        0.2407068972911155,
        -0.8606011470177054,
        -0.47499128463095397,
        -0.14253442266695915,
        -0.7273267165435491,
        -0.10732687843206196,
        0.31815786826721887,
        0.18008831413878487
      ],
      [
        -0.011979928228575083,
        -0.6430895624916504,
        0.671671493597048,
        -0.7877119505570045,
        0.3141107763162748,
        0.66269172560476,
        -0.17806161794926548,
        0.9696406938501195,
        0.6204741997948655,
        0.15770272851002498
      ],
      [
        -0.3587149200636652,
        -0.5790007483908333,
        0.6885751934526101,
        0.3430054655364254,
        0.6012371136633275,
        -0.26425025185516127,
        -1.021841746763773,
        0.45307606976427833,
        -0.7666750180369422,
        0.08252838917738314
      ],
      [
        -0.6546812444574869,
        0.0025894078061934624,
        -0.02116965598591449,
        -0.2865318763559946,
        -0.045257972456263784,
        -0.49682410120681314,
        0.5740822104551299,
        -0.5900947888425988,
        -0.8860491557814585,
        0.18690998663888747
      ],
      [
        0.37507150688496965,
        -0.7584459373824451,
        -0.32635038054717436,
        -0.4169356860393065,
        -0.6792145683415381,
        -0.35317299037450217,
        0.547616704951834,
        -0.0464720968946446,
        -0.8972791292737509,
        -0.27660328092599434
      ],
      [
        0.44405678806672083,
        -0.7194560599970928,
        -0.22045237515045799,
        -0.3467909030730904,
        0.7519194234819887,
        0.4684401335700639,
        -0.4068370520265295,
        0.7221425690057708,
        -0.0780773324002378,
        -0.39412546356794387
      ],
      [
        -0.5991747835634605,
        -0.32792063597151155,
        0.42267804300342626,
        -0.7035881757515605,
        0.4062194356424213,
        0.16570781438301652,
        -0.8393931043883839,
        -0.7132394232102237,
        0.4800373744489884,
        0.8047505983457589
      ],
      [
        0.2141680624741742,
        -0.35262464997913806,
        0.2233401608794919,
        -0.13869224148276232,
        0.0444031842644467,
        0.9630301363610698,
        0.7279730942520329,
        -0.795237477978471,
        0.3802921194344982,
        -0.04500362825181952
      ],
      [
        -0.02128997240119848,
        0.8656118353408031,
        -0.4870334172826542,
        0.8636045627946061,
        -0.5915568998699675,
        -0.3182066944147095,
        0.44480335509322033,
        -0.2391312582287927,
        -0.11099638970011683,
        -0.6611881347994629
      ]
    ],
    [
      [
        0.21951728711762583,
        -0.0365357960940434,
        -0.484996669773893,
        0.5644713645913283,
        0.11118445673122025,
        0.3722749192099583,
        0.03728996091893981,
        -0.6244919909088673,
        -0.6378078572872755,
        0.6578317593384294
      ],
      [
        0.05654831856857699,
        -0.5672412232781068,
        0.579375042344902,
        0.4328568684023329,
        -1.0138728702308402,
        0.5753172287973874,
        -0.20378517849024397,
        0.22115398479027296,
        -0.27204726459870165,
        0.3325844547937631
      ],
      [
        0.24105740937810152,
        0.6398517084955313,
        0.2682774597605415,
        -0.602953920443646,
        -0.27612332372986415,
        0.3596851341346039,
        -0.28256185466441147,
        0.38514034811521264,
        0.36951393101440844,
        0.7952579438522773
      ],
      [
        0.15857188980007625,
        -0.28906822766406687,
        0.5100062979418105,
        -0.15979285510557753,
        0.09979620932537621,
        -0.05953212665637395,
        0.4949508447602112,
        0.26392130697197347,
        0.4377824135930866,
        -0.5025804668795237
      ],
      [
        -0.5326245753390346,
        -0.28586680179386725,
        -0.3834173208353598,
        -0.3687110582112533,
        -0.3901669843545247,
        0.29094029717370307,
        0.6034407620675533,
        -0.9981949515910992,
        0.30732179444698793,
        -0.21111611630401
      ],
      [
        0.659638667160647,
        0.7565594834341888,
        -0.5579780380526349,
        -0.13199474845536774,
        0.47490067480301446,
        -0.9879475376288481,
        0.3556700991242131,
        -0.9885344785802657,
        -0.3735609707810985,
        0.412096669217357
      ],
      [
        -0.8599651362759774,
        -0.31067245143551614,
        -0.6048396587967785,
        -0.5379098182948243,
        -0.47610388779002905,
        0.0686670402251571,
        -0.6933101687560976,
        -0.38807471064534577,
        0.7676694083736908,
        0.7385203903022088
      ],
      [
        -0.8017305849809658,
        0.6303320786506563,
        0.22495482421659965,
        -0.22873102681359328,
        0.3049169533488213,
        0.6918159213763343,
        -0.9307848426084341,
        -0.4737480221340809,
        -0.6297600220187425,
        0.09335896799322521
      ],
      [
        0.8494859807295098,
        0.32185501221688484,
        -0.7813505432837912,
        0.06363162810789558,
        0.1370956454296666,
        0.2592734929640878,
        -0.8547802370990426,
        0.3277726270815054,
        -0.6994088739040688,
        0.47198233678691587
      ],
      [
        -0.6596790615738801,
        -0.9328970627642797,
        0.35546035267864223,
        -0.691454464369462,
        0.8196018213007897,
        0.26726469378707934,
        0.36556315924182925,
        0.705779403161946,
        0.02276522701899362,
        0.8601901151624157
      ]
    ],
    [
      [
        -0.5314639426857716,
        0.31586621133666465,
