{
  "a": [
    [
      0.5306380271577587,
      -0.3156067513942264,
      0.6295361835390478,
      0.482598053179406,
      0.8739079387570025,
      -0.5501318356258961,
      -0.5273789270744618,
      0.41429000682844064,
      -0.3478837748841302,
      0.27975723068659863
    ],
    [
      0.047477416813958305,
      0.11520679903904649,
      -0.06724474999485934,
      -0.027916844232146618,
      0.7678938681349783,
      0.5896088994243279,
      0.3768031853386132,
      0.41181466342853396,
      -0.40279628089263747,
      -0.06395607895200622
    ],
    [
      -1.0586258677380613,
      -0.751637000917947,
      -0.7662944903810944,
      0.62393592613328,
      -0.6799438665573583,
      -0.0701823217613029,
      -0.6833962751787289,
      -1.0152026276422947,
      0.9228879874609686,
      -0.6048466312575512
    ]
  ],
  "b": [
    [
      0.5781858414363066,
      1.5776162383844563,
      -0.7294073965921839,
      -2.989895163477276,
      -0.3717481036201428,
      -4.254112800960312,
      -0.7437272449533855,
      -2.394518390357297,
      4.263720340018143,
      -3.2943720804117804
    ],
    [
      73.23221534231267,
      0.10093917657996816,
      -0.9095114732088372,
      -4.033126784267586,
      -34.261780129721586,
      22.26638792382548,
      -37.64307527707384,
      -19.54640092590641,
      -5.495850452439797,
      4.502190356192111
    ],
    [
      -19.21047715893498,
      -0.10860144866600022,
      3.8189285123608316,
      -1.8774946093243499,
      28.343565357508144,
      2.3691722957022954,
      -24.987326638734874,
      28.43501770225298,
      -83.5173820538406,
      0.5472852374062733
    ],
    [
      -1.4009038779427607,
      0.6863751583502448,
      0.020019132522648177,
      0.5752517464307824
    ]
  ],
  "waa": [
    [
      [
        -0.0908935038759088,
        0.6829968444942585,
        0.8009632745840033,
        -0.713913960897523,
        0.14361242840298358,
        0.1317678470714726,
        0.8051705917438432,
        -0.9159674352086992,
        -0.3846390177563021,
        -0.7658844096902632
      ],
      [
        0.6900595945019731,
        0.44952983575717054,
        0.23981966573369898,
        -0.8612807212935191,
        -0.476217824620353,
        -0.1417636486251513,
        -0.7265775694897798,
        -0.10791323031130404,
        0.3186515264960132,
        0.17969788256290004
      ],
      [
        -0.01238216391534556,
        -0.642845417898406,
        0.6711866748502706,
        -0.788083287070984,
        0.31344133416839526,
        0.6631124654468803,
        -0.17765142008315232,
        0.9693197803532856,
        0.6207448942137628,
        0.15749007634686296
      ],
      [
        -0.3863410613044886,
        -0.5627431380447722,
        0.6558738687509874,
        0.3179281658075664,
        0.5558868617005246,
        -0.23576900879184448,
        -0.9943746064922314,
        0.43150751270373144,
        -0.7488540119503414,
        0.06797123031982279
      ],
      [
        -0.6534773843217314,
        0.0018557910365030773,
        -0.019713687545832134,
        -0.2854185128408686,
        -0.043248633075083885,
        -0.4980855574387001,
        0.5728485620149693,
        -0.5891323872691808,
        -0.8868613846496328,
        0.18754899066002403
      ],
      [
        0.3762082586869868,
        -0.7591300964624726,
        -0.32498884738086625,
        -0.4158945661421106,
        -0.6773326007870194,
        -0.3543558479271672,
        0.5464674919834587,
        -0.04557307080737437,
        -0.8980327051112106,
        -0.2760021386364809
      ],
      [
        0.44454166808900847,
        -0.7197499478176879,
        -0.21986819956797904,
        -0.34634364519138455,
        0.7527262384329191,
        0.4679333079813386,
        -0.4073312263509647,
        0.722528978534291,
        -0.07840272312977871,
        -0.39386887670011433
      ],
      [
        -0.5998335800630772,
        -0.32747697399656056,
        0.4218170276553641,
        -0.7042427376469107,
        0.40505728060212626,
        0.1664304330744237,
        -0.8386342928705697,
        -0.7138201620236903,
        0.4805393994129176,
        0.8043928800402843
      ],
      [
        0.21408075641911264,
        -0.3525704794891217,
        0.2232331273188389,
        -0.13877389555626174,
        0.04425594716404767,
        0.9631224021699699,
        0.7280643923093207,
        -0.7953083001722318,
        0.38035224742232443,
        -0.0450503067266232
      ],
      [
        -0.021405013142113186,
        0.8656818187788121,
        -0.48717228674648483,
        0.8634983404152702,
        -0.5917486941683521,
        -0.31808623260213953,
        0.4449208449923229,
        -0.23922298179693574,
        -0.11091890584694503,
        -0.6612491527006525
      ]
    ],
    [
      [
        0.21949441532777314,
        -0.03658523718884363,
        -0.4849650629179025,
        0.5644827767877649,
        0.11086639373939947,
        0.37203015552894236,
        0.03713900104288795,
        -0.6246626127676224,
        -0.6376377519146211,
        0.657856000347266
      ],
      [
        0.05653914119840789,
        -0.5672524523521746,
        0.5793884033286706,
        0.4328581235796548,
        -1.0139194468407233,
        0.575282013095622,
        -0.20379553162055086,
        0.2211312433642833,
        -0.27201547761376965,
        0.33258412645413094
      ],
      [
        0.2411244581203351,
        0.6400020722835776,
        0.2681863081940687,
        -0.6029896057148337,
        -0.2751359691079129,
        0.36044620500619917,
        -0.28208408294847415,
        0.3856726833076359,
        0.36899095665033044,
        0.7951803429447363
      ],
      [
        0.1585641300709914,
        -0.2890858051695169,
        0.5100171187040536,
        -0.15978870032850262,
        0.09968108230821951,
        -0.059620560327587085,
        0.49489530250186725,
        0.2638595321571258,
        0.4378433744422791,
        -0.5025712847864818
      ],
      [
        -0.5326680937796554,
        -0.2859599676574118,
        -0.3833573367639586,
        -0.3686897889384963,
        -0.3907705699544575,
        0.29047642273947166,
        0.603153594421693,
        -0.9985189190836385,
        0.3076442254704917,
        -0.21106959543562798
      ],
      [
        0.6596108583657996,
        0.7564979928998812,
        -0.5579388528077621,
        -0.13198051030603886,
        0.47450296050988006,
        -0.9882530237777211,
        0.35548081283923183,
        -0.98874734439381,
        -0.3733488789479617,
        0.41212772998657043
      ],
      [
        -0.8599651724357311,
        -0.31067255024000384,
        -0.6048396062059731,
        -0.5379097931715697,
        -0.476104570682427,
        0.06866651725257027,
        -0.6933105140370028,
        -0.38807507708214645,
        0.7676697599250182,
        0.7385204516349793
      ],
      [
        -0.8019271068313588,
        0.6299086065867292,
        0.2252263840854638,
        -0.22863382228734438,
        0.30217295630628443,
        0.6897075388799453,
        -0.9320917182954848,
        -0.47522035739399354,
        -0.6282955750711169,
        0.09357117986243149
      ],
      [
        0.848661212354181,
        0.3200124628223843,
        -0.7801992924027754,
        0.06406268980364402,
        0.12507917943725325,
        0.2500450154238562,
        -0.860549328824693,
        0.32132981139478944,
        -0.6930285568305459,
        0.47293236315688425
      ],
      [
        -0.6596978897446024,
        -0.9329388890702544,
        0.3554865352858293,
        -0.6914447043982105,
        0.8193298277402046,
        0.26705561009156314,
        0.3654328350889341,
        0.7056335109335208,
        0.02290988449307713,
        0.8602114233903961
      ]
    ],
    [
      [
        -0.531465619349784,
        0.31586501208797185,
