{
  "a": [
    [
      0.5263696703445551,
      -0.31759429155322455,
      0.6303278491118036,
      0.4828057137697795,
      0.8777960755882601,
      -0.5511738120349455,
      -0.5281576680292266,
      0.40956256371099203,
      -0.352267688706702,
      0.27991666947251737
    ],
    [
      0.045913821558662145,
      0.11499114339477286,
      -0.06567428453033461,
      -0.02823346688772768,
      0.7672807617150594,
      0.5894480372765682,
      0.3780553756876124,
      0.4113394316850499,
      -0.40147458321755,
      -0.06421946019162982
    ],
    [
      -1.051190995631821,
      -0.7431180471895442,
      -0.7647929819954675,
      0.6263873129292858,
      -0.6795329789443122,
      -0.07254037643027919,
      -0.688845769508203,
      -1.0088228437884603,
      0.922313258964867,
      -0.5975745731019065
    ]
  ],
  "b": [
    [
      0.5880430524483902,
      1.466771084757683,
      -0.7413651745537754,
      -2.9378063558357104,
      -0.3616833131466631,
      -4.255329894485754,
      -0.7279616600693981,
      -2.2885441647458378,
      4.25837571688568,
      -3.2942570996537097
    ],
    [
      73.23262492501301,
      0.1013479876460115,
      -0.914344990998321,
      -4.059609054477636,
      -34.26043831476274,
      22.26529298010607,
      -37.64361346493508,
      -19.55148869060896,
      -5.499891606806687,
      4.50546741578874
    ],
    [
      -19.211075285825288,
      -0.09583088233825648,
      3.8301896582048958,
      -1.8834764225829275,
      28.34404629898979,
      2.1781762790480514,
      -24.985049483069474,
      28.43172008437113,
      -83.51715124053815,
      0.540182111495011
    ],
    [
      -1.3809458974817115,
      0.6771286906819934,
      -0.20404072984457725,
      0.04261695786110069
    ]
  ],
  "waa": [
    [
      [
        -0.09010199280227309,
        0.6825212188063594,
        0.8019088076261452,
        -0.7131888339819695,
        0.14492884575407672,
        0.13094084482795676,
        0.8043787622198992,
        -0.9153512702459321,
        -0.38516657489129036,
        -0.7654647754876559
      ],
      [
        0.6887836756834813,
        0.4502964446210768,
        0.23829559051710278,
        -0.8624495074179117,
        -0.47833960831876277,
        -0.14043066440737503,
        -0.725301221891637,
        -0.10890655377241416,
        0.31950173941818033,
        0.17902146563728863
      ],
      [
        -0.013786271235842707,
        -0.6420016101200924,
        0.669509226689144,
        -0.7893695853010756,
        0.311105947758346,
        0.6645795603174522,
        -0.1762465860736072,
        0.9682267576959813,
        0.621680703519283,
        0.1567455258899656
      ],
      [
        -0.38544116149744057,
        -0.5632829220581576,
        0.6569478679307413,
        0.3187493500484198,
        0.5573783706248041,
        -0.23670641234551146,
        -0.9952757819164819,
        0.43221009381608266,
        -0.7494489302583454,
        0.0684491204006029
      ],
      [
        -0.6527807044500984,
        0.0014375034095767713,
        -0.0188818684760653,
        -0.28478102390984056,
        -0.04209126175356926,
        -0.4988127694656436,
        0.5721516894931413,
        -0.5885896981895273,
        -0.8873245882727153,
        0.1879184103025175
      ],
      [
        0.3764075048743657,
        -0.7592496986725221,
        -0.32475106169990897,
        -0.41571230270534526,
        -0.677001822366084,
        -0.3545637537834384,
        0.5462682857709761,
        -0.04541779489493534,
        -0.8981651437318382,
        -0.2758965692466923
      ],
      [
        0.4455051587003612,
        -0.7203288639259938,
        -0.2187172705130174,
        -0.345461187234862,
        0.7543283978983344,
        0.46692678647929176,
        -0.40829517573602697,
        0.7232791098152311,
        -0.07904457783570576,
        -0.39335797477486706
      ],
      [
        -0.5981236718728821,
        -0.328504394290398,
        0.4238605510704049,
        -0.7026835527810129,
        0.4078963186767734,
        0.1646476564904122,
        -0.8403495138383161,
        -0.7124884863485261,
        0.47940952050850144,
        0.805304764931083
      ],
      [
        0.21407741267086564,
        -0.35256845393121267,
        0.22322910521827619,
        -0.13877697126367158,
        0.04425032842646995,
        0.9631259205092212,
        0.7280677618018747,
        -0.7953108821877083,
        0.38035449686423634,
        -0.045052100060256374
      ],
      [
        -0.02141201761442838,
        0.8656860045188464,
        -0.48718062204376356,
        0.8634919490958579,
        -0.591760277159216,
        -0.31807894623458005,
        0.44492782738497066,
        -0.2392284479868673,
        -0.11091427932253307,
        -0.6612528534763704
      ]
    ],
    [
      [
        0.21949336161199776,
        -0.03658781843212958,
        -0.4849635665009131,
        0.564483405140123,
        0.11084916345101924,
        0.37201692540460546,
        0.03713053272174826,
        -0.6246718520296781,
        -0.6376287226266056,
        0.6578574405501771
      ],
      [
        0.056547326205850505,
        -0.5672329415428257,
        0.5793770963808506,
        0.4328534365558212,
        -1.013789433194723,
        0.5753822679097316,
        -0.20373176295585424,
        0.2212012545259461,
        -0.2720839165448948,
        0.3325734943120343
      ],
      [
        0.24114992618308684,
        0.6400651107396835,
        0.2681500218854627,
        -0.6030050130542335,
        -0.27471526159989473,
        0.3607693242749991,
        -0.2818770582481129,
        0.38589825786878756,
        0.36877065038494894,
        0.7951451604045788
      ],
      [
        0.15854628930378717,
        -0.28913018474117685,
        0.5100426049066452,
        -0.15977786696464413,
        0.09938457975719596,
        -0.059848322053651995,
        0.49474929023192554,
        0.2637005696744072,
        0.4379986226125638,
        -0.50254644881119
      ],
      [
        -0.5326683517994629,
        -0.2859605956451308,
        -0.38335697070475316,
        -0.3686896363845798,
        -0.3907747603965394,
        0.29047320636560797,
        0.6031515369233946,
        -0.9985211658227946,
        0.307646422199952,
        -0.21106924534391547
      ],
      [
        0.6596106958390593,
        0.756497587462378,
        -0.557938620916276,
        -0.13198041092992757,
        0.47450024788795925,
        -0.9882551071573702,
        0.3554794756505048,
        -0.9887487986710464,
        -0.37334745980804235,
        0.4121279581812116
      ],
      [
        -0.859965357617716,
        -0.3106730122887985,
        -0.604839341361983,
        -0.5379096799245116,
        -0.4761076561926971,
        0.06866414787013912,
        -0.6933120338565777,
        -0.3880767308445694,
        0.7676713744682885,
        0.7385207104425068
      ],
      [
        -0.8019260804714338,
        0.6299111807345316,
        0.22522491742079503,
        -0.22863445426975898,
        0.30219012878000795,
        0.6897207380097995,
        -0.932083255554298,
        -0.4752111480644811,
        -0.6283045624884152,
        0.09356974534768564
      ],
      [
        0.8485712167798007,
        0.31979028118815983,
        -0.7800710657608116,
        0.06411693021911287,
        0.12359529947369796,
        0.24890574168908164,
        -0.8612793657704105,
        0.320534363296408,
        -0.6922515189715568,
        0.47305672349528083
      ],
      [
        -0.6596989363584392,
        -0.9329415079473398,
        0.35548803217352687,
        -0.6914440612664376,
        0.8193123273858675,
        0.26704217259492113,
        0.36542420876635656,
        0.7056241314816043,
        0.022919037049027285,
        0.8602128950686803
      ]
    ],
    [
      [
        -0.5314661017445904,
        0.31586467088068637,
