{
  "a": [
    [
      0.6029239869079254,
      -0.27036974273535896,
      0.5816206303088505,
      0.5753996043057786,
      0.8437984035635262,
      -0.5767985875031006,
      -0.4236916699170261,
      0.48708792081241514,
      -0.4057176616373737,
      0.1885597928131937
    ],
    [
      0.02734050993659543,
      0.11586998757853512,
      -0.06474505577876173,
      -0.03373265408728957,
      0.7875676436492577,
      0.570532757366678,
      0.4012347282333886,
      0.39858776897749043,
      -0.38537150118110175,
      -0.08545793231621038
    ],
    [
      -1.040495194532197,
      -0.74056210462249,
      -0.7698193123782799,
      0.6214033984773485,
      -0.6865704384900739,
      -0.07239104085532681,
      -0.687843910225421,
      -0.9962552464333208,
      0.9317948570315341,
      -0.597526060152474
    ]
  ],
  "b": [
    [
      0.6665997875130425,
      1.2220366486909684,
      -0.8092470087578019,
      -2.664267281069993,
      -0.34714170540234424,
      -4.284587298377229,
      -0.5991344793474034,
      -1.9638671878217993,
      4.2018721239065515,
      -3.3847089006447617
    ],
    [
      73.2326799217161,
      0.09329727110363192,
      -0.9310778044796031,
      -4.138739088337695,
      -34.25308097925849,
      22.259098627044374,
      -37.64613624585115,
      -19.576812174597627,
      -5.507091293133925,
      4.519642496025462
    ],
    [
      -19.211991000152263,
      -0.0803429828381476,
      3.9331288639623745,
      -2.017682201071879,
      28.345421216795536,
      2.342981860891866,
      -24.974573366746043,
      28.42417718896177,
      -83.51632139876608,
      0.546475748315271
    ],
    [
      -1.4123817442098645,
      0.642380345481349,
      -0.371124101467174,
      0.35411750895874966
    ]
  ],
  "waa": [
    [
      [
        -0.08906825647108634,
        0.6819317521094296,
        0.8030941309370246,
        -0.7122279165868125,
        0.14659915425291165,
        0.12987258488536849,
        0.8034131007308867,
        -0.9145475713705934,
        -0.3858654393886015,
        -0.7649626994898256
      ],
      [
        0.6868518957897704,
        0.45145783651751836,
        0.2359893552707428,
        -0.8642356661425976,
        -0.48157012940790717,
        -0.13839558665234677,
        -0.7233810166390502,
        -0.11039488128832597,
        0.32081065891393873,
        0.1779981807901401
      ],
      [
        -0.016450462116624084,
        -0.6404204613866981,
        0.6663592669911462,
        -0.7918359533242342,
        0.3066846474733832,
        0.6673745853029242,
        -0.17363804861443036,
        0.9661738598501085,
        0.6234841659010469,
        0.15536052188746957
      ],
      [
        -0.3921390484407817,
        -0.5593339952550127,
        0.6490422305599942,
        0.3126301163517132,
        0.5462604311910636,
        -0.2297068427731558,
        -0.9887345759477504,
        0.4271454984686359,
        -0.7450287229746532,
        0.06489825386353411
      ],
      [
        -0.6511869838470248,
        0.0004860712175143222,
        -0.01698915805021842,
        -0.2833082549498062,
        -0.039436924816608494,
        -0.5004876012116932,
        0.5705802438511957,
        -0.5873635806291758,
        -0.8884019468438404,
        0.18875569884118729
      ],
      [
        0.37222390130588384,
        -0.757303804178206,
        -0.3288643051937524,
        -0.4196813635044806,
        -0.6829451083295034,
        -0.3505215445639989,
        0.5493079387871598,
        -0.048774452164760326,
        -0.8953386208856906,
        -0.2772869203564635
      ],
      [
        0.44657826834187586,
        -0.7209435941759998,
        -0.2174826480538669,
        -0.34446458215143483,
        0.7560680476652623,
        0.4658156312710545,
        -0.4093027273060904,
        0.7241111975634396,
        -0.07976983713018782,
        -0.3928319071946469
      ],
      [
        -0.6689122882079737,
        -0.29779295387261245,
        0.3585162446324646,
        -0.7700290011125266,
        0.31273553546920635,
        0.23138492228392726,
        -0.7942381346729329,
        -0.7700002552347036,
        0.5276334442498154,
        0.7858017948436721
      ],
      [
        0.21408280430357282,
        -0.3525678751353373,
        0.22322956764124718,
        -0.1387712147926993,
        0.04425214843829169,
        0.9631227093818555,
        0.7280699809026149,
        -0.7953056677719584,
        0.3803507505388765,
        -0.04505496668007827
      ],
      [
        -0.021422411039882277,
        0.8656910889316987,
        -0.48719125750634795,
        0.8634820879770767,
        -0.5917754205777712,
        -0.3180688115233042,
        0.44493594629191047,
        -0.2392369616334382,
        -0.11090723129874278,
        -0.6612565620909077
      ]
    ],
    [
      [
        0.21948987971338482,
        -0.03659820722445543,
        -0.48495764540364555,
        0.5644861233794758,
        0.11077914095909025,
        0.3719643885260334,
        0.037095545617681816,
        -0.6247085411994274,
        -0.6375930274532788,
        0.6578640085849483
      ],
      [
        0.056060640733295974,
        -0.5695558888267536,
        0.5806671267390412,
        0.43354055052628365,
        -1.029730561519051,
        0.5639161602342493,
        -0.2118988628251357,
        0.21319762452475047,
        -0.264348106527552,
        0.3343627751832013
      ],
      [
        0.2409727146292162,
        0.6392713277330705,
        0.26859300970784844,
        -0.6027734891779292,
        -0.28015384646966435,
        0.3568403448151841,
        -0.28465548381935896,
        0.383155716500987,
        0.3714243550218529,
        0.7957453843526036
      ],
      [
        0.15851412357293582,
        -0.289212171278098,
        0.5100893914934116,
        -0.15975769747826554,
        0.09883697522839528,
        -0.060268251737445246,
        0.494478980759496,
        0.2634075437203238,
        0.43828454730164806,
        -0.5025002106676644
      ],
      [
        -0.5326718831224483,
        -0.2859698386005372,
        -0.3833516913156457,
        -0.3686873386088048,
        -0.39083674404564395,
        0.290425893166419,
        0.6031208394780146,
        -0.9985541991152866,
        0.3076786222134753,
        -0.21106387813498925
      ],
      [
        0.659610279599683,
        0.7564964408677461,
        -0.5579379738243021,
        -0.13198011777168028,
        0.4744925597010289,
        -0.9882609465655082,
        0.3554756559502231,
        -0.9887528736073692,
        -0.3733434931007716,
        0.41212864203133964
      ],
      [
        -0.8599652275417636,
        -0.31067232495116326,
        -0.604839723164388,
        -0.5379098867672855,
        -0.47610292613032756,
        0.06866752409094563,
        -0.693309600563463,
        -0.3880743732223696,
        0.7676690985498297,
        0.7385201654453426
      ],
      [
        -0.8019559218895947,
        0.6298309325847968,
        0.22527069306560546,
        -0.2286142895850891,
        0.3016511990697298,
        0.6893108219112785,
        -0.9323507582398235,
        -0.47549736378376356,
        -0.6280257271661732,
        0.09361724803460607
      ],
      [
        0.8480438289843506,
        0.31758004169161674,
        -0.7788412234210572,
        0.06475181778296442,
        0.10846312182767678,
        0.23790124438514149,
        -0.868993411042268,
        0.31285392516784544,
        -0.6848182374643464,
        0.47468932211857895
      ],
      [
        -0.6597020246922455,
        -0.9329564808068,
        0.3554963638647679,
        -0.6914395803602331,
        0.8192101757398081,
        0.2669689270157216,
        0.36537190977939543,
        0.7055729793471031,
        0.022968450800975607,
        0.8602244212801968
      ]
    ],
    [
      [
        -0.5312876005284051,
        0.3159906449262733,
