{
  "a": [
    [
      0.680375434309419,
      -0.21123414636181392,
      0.5661984475172117,
      0.5968800669521466,
      0.8232947158735686,
      -0.6048972614132321,
      -0.32955448857022196,
      0.536459189623808,
      -0.44445057839362445,
      0.10793991159086103
    ],
    [
      -0.0452058962756795,
      0.2577418495238488,
      -0.2704310544163133,
      0.026801820391231024,
      0.9044594503494257,
      0.8323901360074013,
      0.2714234559198019,
      0.43459385886536617,
      -0.7167948892883933,
      0.21393775251411729
    ],
    [
      -0.9673988567513409,
      -0.5142264587405261,
      -0.7255368464279626,
      0.6083535084539808,
      -0.6866418214918308,
      -0.198111211507633,
      -0.7404191064370885,
      -0.7823823959484615,
      0.9978490360071179,
      -0.5634861893781862
    ]
  ],
  "b": [
    [
      0.3077598359937592,
      0.8330453549665611,
      -0.5786168778215613,
      0.21308433879776123,
      0.7308670029653548,
      -0.7804446228688791,
      -0.25288832059730226,
      -0.6019945338377704,
      0.293040366514139,
      0.18538379444991415
    ],
    [
      0.35310792799718116,
      0.1926810178871643,
      -0.8822790132287326,
      0.12174353707662955,
      0.12723487574944037,
      -0.5147483225514872,
      -0.9621784901070308,
      -0.31231724066302047,
      -0.981853129333748,
      0.8473845263232405
    ],
    [
      0.20285348836465444,
      0.5413717606763224,
      0.7743940296463641,
      0.8665450782824984,
      -0.653870690452806,
      -0.10403694729508695,
      -0.024558596790096976,
      0.5904625317037397,
      0.2780183894923043,
      0.9313631625526413
    ],
    [
      -0.689327237982921,
      -0.4142217745139365,
      0.7644085165878798,
      -0.2679441148731597
    ]
  ],
  "waa": [
    [
      [
        -0.07267569800497764,
        0.6762672055867813,
        0.8169693089169308,
        -0.6975400297425408,
        0.16714059615840227,
        0.11512122541438852,
        0.7951205325290192,
        -0.901675079903414,
        -0.39647379675715877,
        -0.7617774381124309
      ],
      [
        0.697884325728698,
        0.4485039764309786,
        0.2441909048912072,
        -0.8549099787394097,
        -0.46907735404981177,
        -0.14760124829951737,
        -0.7278507760389945,
        -0.1017897758175571,
        0.3142398182834685,
        0.1792734168373391
      ],
      [
        -0.00804520724715907,
        -0.6435849804634158,
        0.6736555293545385,
        -0.7843034359553379,
        0.31749326890217766,
        0.6598780870716452,
        -0.1784241242233776,
        0.9729342255615323,
        0.6181906171227762,
        0.1572696944499712
      ],
      [
        -0.4178934280843909,
        -0.5560689156670444,
        0.6362552231346514,
        0.2944147639416228,
        0.5235556156949865,
        -0.21122324616239563,
        -0.9891829034263189,
        0.4158181899300861,
        -0.7365957106168362,
        0.059798438595513925
      ],
      [
        -0.6391575232330512,
        -0.002949035262199584,
        -0.00785115966938954,
        -0.27280340682380055,
        -0.025146269716856184,
        -0.5113460260961884,
        0.5665639879026283,
        -0.5782341610538932,
        -0.8969834278789272,
        0.19009051341102023
      ],
      [
        0.3683568776437811,
        -0.7574824326473673,
        -0.3300566185871403,
        -0.4234609591883891,
        -0.685455766360022,
        -0.34797307352906703,
        0.5487724698841443,
        -0.05221204508664645,
        -0.8931554089734123,
        -0.2761663176474004
      ],
      [
        0.4551005668263419,
        -0.7235230923274174,
        -0.21134568062207926,
        -0.33722835934591866,
        0.7660731830476193,
        0.45872013618178675,
        -0.412643862614708,
        0.7303624235700641,
        -0.08456878321458061,
        -0.39142909245166424
      ],
      [
        -0.7218836004482041,
        -0.279114790856426,
        0.31766232723261334,
        -0.8177028409287812,
        0.2513306388870491,
        0.27730829328173234,
        -0.770664372374613,
        -0.8121609789375965,
        0.5617367083028595,
        0.7774466507963123
      ],
      [
        0.20621765274844028,
        -0.35038599993585884,
        0.21776571926556798,
        -0.14534455870527052,
        0.03542944278355198,
        0.969689254634869,
        0.7310696289553631,
        -0.80088140713092,
        0.38415288430831995,
        -0.046830690022013455
      ],
      [
        -0.015156563844138993,
        0.863790587458662,
        -0.4821877607527132,
        0.8689892934025216,
        -0.5843128178195622,
        -0.32351414548396795,
        0.4420115786800214,
        -0.2342081345777065,
        -0.1148795295110343,
        -0.6603594644276236
      ]
    ],
    [
      [
        0.21945822947633364,
        -0.03653329193430643,
        -0.48506219940495776,
        0.5645245432688504,
        0.11079547233450948,
        0.3719727291595063,
        0.037029750196742706,
        -0.6247671757008728,
        -0.6376775734302018,
        0.6579146141456043
      ],
      [
        0.05149423100589501,
        -0.5490181760625067,
        0.5565146624839468,
        0.43892360918173745,
        -0.9708413127673983,
        0.6195705922411618,
        -0.19858190473103055,
        0.2379166675908102,
        -0.31729105828203774,
        0.35130811731857636
      ],
      [
        0.23785076068614175,
        0.6535388201724452,
        0.2519282164293939,
        -0.5992952825498279,
        -0.23957065271193656,
        0.39569644601815224,
        -0.2756913375461899,
        0.40060227243257795,
        0.33468101701451514,
        0.8083400660233293
      ],
      [
        0.19239245410654338,
        -0.4183426748115302,
        0.6722074950450134,
        -0.19762469697633045,
        -0.23566570749304527,
        -0.3760990553424224,
        0.4377344676469148,
        0.13566217158719063,
        0.7580188725879504,
        -0.6177767243319083
      ],
      [
        -0.5326875799953414,
        -0.28561388574802027,
        -0.3836868998518618,
        -0.36868393764304186,
        -0.38918398757892847,
        0.29177808728617527,
        0.6037933992239617,
        -0.9977490408335575,
        0.30660988637554,
        -0.21095741596583162
      ],
      [
        0.6596165996322485,
        0.7565553922935182,
        -0.5579812710909086,
        -0.13198286254516933,
        0.47481546154004306,
        -0.9879904547650322,
        0.35562472481076823,
        -0.9885817160776731,
        -0.37354089663063217,
        0.4121334643159684
      ],
      [
        -0.8598195919114257,
        -0.3114980837849426,
        -0.6039588235337096,
        -0.538008097344082,
        -0.47911031613084964,
        0.06591967449799174,
        -0.6942483958295772,
        -0.3895223668727662,
        0.7700284178229182,
        0.7378480004788599
      ],
      [
        -0.8023251573565999,
        0.6298173310373991,
        0.224884007696474,
        -0.2285035295544674,
        0.29931792863612894,
        0.6878192637524658,
        -0.9342146990514428,
        -0.4768593569644072,
        -0.6274704400577911,
        0.09479418913591386
      ],
      [
        0.8474556216259745,
        0.3182920996650551,
        -0.7805346202945964,
        0.06569198009823074,
        0.1046327916461196,
        0.23689355293144176,
        -0.8728788056750217,
        0.3107362134897784,
        -0.685721633809489,
        0.47791876526452537
      ],
      [
        -0.6607009981110231,
        -0.9273452004079452,
        0.34921048737559945,
        -0.6905524766494299,
        0.839181784465528,
        0.2853850542033953,
        0.37144358426865365,
        0.7151104247733533,
        0.006921969823037166,
        0.8649691957351608
      ]
    ],
    [
      [
        -0.5337622275267552,
