{
  "a": [
    [
      0.6084488961373415,
      -0.2699436398897487,
      0.5804483747791255,
      0.5950710920794618,
      0.8415775133283856,
      -0.5837019047738472,
      -0.4033697815056727,
      0.5053964449336787,
      -0.42510427750120977,
      0.17277849201981343
    ],
    [
      0.022505887701887092,
      0.11460237185679953,
      -0.059911722477790585,
      -0.03453539944981382,
      0.7863320055044282,
      0.5691603749614127,
      0.40664861819600867,
      0.3967985518114272,
      -0.38050303188035367,
      -0.08799406608167751
    ],
    [
      -1.0386248065096133,
      -0.7354080722128745,
      -0.7783366539490763,
      0.6317140165199145,
      -0.6844835422380909,
      -0.08519371389967914,
      -0.6814498291503946,
      -0.994012560343596,
      0.9371973546526625,
      -0.598794042546563
    ]
  ],
  "b": [
    [
      0.6848542609784516,
      0.861020617818467,
      -0.8403055796384685,
      -2.0428851699750954,
      -0.29908150750627976,
      -4.299239574711187,
      -0.5325474943628871,
      -1.619893999282007,
      4.130049019103165,
      -3.4013840840453433
    ],
    [
      73.229211568813,
      0.06040372407732012,
      -0.959048140051763,
      -4.258234289325926,
      -34.23294399520663,
      22.248687018948445,
      -37.65155770498378,
      -19.639308392044285,
      -5.539529753259914,
      4.538503280991059
    ],
    [
      -19.212060313630285,
      -0.05382979507659948,
      3.961702029898634,
      -2.10617630675426,
      28.351611170784278,
      2.276547634377581,
      -24.96118936715851,
      28.40479516360109,
      -83.51541142163319,
      0.5467629287592232
    ],
    [
      -1.5194688398991745,
      0.5607339638614844,
      -0.2131581854250713,
      0.34911506592120517
    ]
  ],
  "waa": [
    [
      [
        -0.088501445494019,
        0.6816856364129452,
        0.803632034395008,
        -0.7116773210570375,
        0.14738197725285423,
        0.12933114998325082,
        0.8030339993547414,
        -0.9140833773190153,
        -0.38625450222486607,
        -0.7647998526227406
      ],
      [
        0.6834326912958567,
        0.45297945219908176,
        0.23267627036209293,
        -0.8675587943811832,
        -0.48637203962317405,
        -0.13510590658032928,
        -0.7210257368857901,
        -0.1131991141480303,
        0.32314795368920696,
        0.17695380214834835
      ],
      [
        -0.013989087379854706,
        -0.6415419203090145,
        0.6687843284700409,
        -0.7894590664354407,
        0.3101887996076367,
        0.6649954065253024,
        -0.17539001953325453,
        0.9681810638397196,
        0.6218148726609076,
        0.15615720998527563
      ],
      [
        -0.38905548843841964,
        -0.5606431732092239,
        0.6520099724963501,
        0.3156956460814366,
        0.5505808650624139,
        -0.23265202059216378,
        -0.9908278162317624,
        0.4297322084621098,
        -0.7471248209940028,
        0.06578785280330864
      ],
      [
        -0.6487744260601402,
        -0.0005804477498657409,
        -0.014657556324102218,
        -0.28095880123786526,
        -0.03605485062696925,
        -0.5028070883276974,
        0.5689274739096334,
        -0.5853830534157145,
        -0.8900513761132626,
        0.18948584156540194
      ],
      [
        0.37261084386558896,
        -0.7577175773660509,
        -0.32826842669811096,
        -0.4193260138925126,
        -0.6821791378549729,
        -0.3510419303656147,
        0.5488110894845379,
        -0.04846445665633018,
        -0.8957626172389351,
        -0.2770023083609404
      ],
      [
        0.444494384603396,
        -0.7200115259751738,
        -0.21951581673496062,
        -0.3464856756524402,
        0.753123531943193,
        0.4678234686912492,
        -0.40784718167149586,
        0.7224072892272514,
        -0.07835510729038404,
        -0.3934857369320061
      ],
      [
        -0.6826293463600603,
        -0.29223113051137256,
        0.3460250624574848,
        -0.7834483701628284,
        0.29444945222912977,
        0.24416696004620983,
        -0.7857766061432766,
        -0.7814699831963344,
        0.5369022607371394,
        0.782381141819815
      ],
      [
        0.21423274062496306,
        -0.3526347619379297,
        0.22337512623800193,
        -0.1386251805971025,
        0.04446301194644808,
        0.9629784377502012,
        0.7279664879850617,
        -0.7951822286544561,
        0.38024806092096997,
        -0.045009259790766844
      ],
      [
        -0.02149953288363041,
        0.865725783391828,
        -0.48726657267849194,
        0.8634076296236776,
        -0.5918844944328533,
        -0.3179945678465948,
        0.44499032913892683,
        -0.23929980729019287,
        -0.11085493619462915,
        -0.66128091079741
      ]
    ],
    [
      [
        0.21948862944718284,
        -0.036603762963110735,
        -0.48495467840044215,
        0.5644877596765442,
        0.11074119206715907,
        0.371936748571156,
        0.03707607356541042,
        -0.6247278281227208,
        -0.6375744766917236,
        0.6578681128502194
      ],
      [
        0.05609563014130651,
        -0.5695687485854359,
        0.5806735599916211,
        0.4335554986496835,
        -1.0298406218210485,
        0.5639104834249866,
        -0.2119800697778683,
        0.21319209069966397,
        -0.264349999626967,
        0.3344157446709664
      ],
      [
        0.2410075669547315,
        0.6393819209104908,
        0.26853161028059674,
        -0.6028035078519833,
        -0.2794127959747091,
        0.3573946027332654,
        -0.2842840937094093,
        0.38354261233092574,
        0.37104913960694774,
        0.7956751226665055
      ],
      [
        0.15850980998146422,
        -0.2892319811402726,
        0.5100999039148398,
        -0.15975183562552653,
        0.09870140399764595,
        -0.060366868990111316,
        0.4944092593034928,
        0.2633387479961191,
        0.43835066187151206,
        -0.5024854189577421
      ],
      [
        -0.5326684202647041,
        -0.2859531700908511,
        -0.3833604720631022,
        -0.36869231770106126,
        -0.3907225239910155,
        0.29050878703111105,
        0.6031797249117171,
        -0.9984963855709453,
        0.3076231208013967,
        -0.21107648263799
      ],
      [
        0.6596094391825278,
        0.7564924233474724,
        -0.5579358853880123,
        -0.13197892133680567,
        0.47446494585763777,
        -0.9882810567875479,
        0.3554614013281891,
        -0.9887668949247821,
        -0.3733300473626286,
        0.4121316674273083
      ],
      [
        -0.8599648697960589,
        -0.310670678579195,
        -0.6048406015467406,
        -0.5379103782969196,
        -0.47609170899158826,
        0.06867566581512978,
        -0.6933038412868002,
        -0.3880686904445319,
        0.7676636369439345,
        0.7385189417930705
      ],
      [
        -0.8019641562155414,
        0.629796578869743,
        0.22528881965407457,
        -0.2286043416349916,
        0.30141596206057625,
        0.689138043553243,
        -0.9324714163288547,
        -0.4756178832201029,
        -0.6279098875163903,
        0.0936420698746306
      ],
      [
        0.8479046692886716,
        0.31685464821670495,
        -0.7784558684582642,
        0.0649720035055459,
        0.10348680373277432,
        0.23431940331744983,
        -0.8715634855407348,
        0.31035439689739663,
        -0.6824186760575593,
        0.4752524979155698
      ],
      [
        -0.6597092865364635,
        -0.9329908830636123,
        0.35551462620656066,
        -0.6914293326504366,
        0.818974725025058,
        0.266798138559012,
        0.36525069548227457,
        0.7054538266866124,
        0.023082927356320195,
        0.8602503673712893
      ]
    ],
    [
      [
        -0.5312885628116598,
        0.3159899647934857,
