{
  "a": [
    [
      0.6897104554373106,
      -0.2240405741485229,
      0.551029629621601,
      0.6032400340756925,
      0.8370791430063784,
      -0.6009085617778319,
      -0.3311425387780408,
      0.5555588022571673,
      -0.4475042461359995,
      0.10201597119710291
    ],
    [
      -0.02921957215292241,
      0.26507033853746037,
      -0.2802615470690987,
      0.050666069829964855,
      0.8780905030441066,
      0.8206449481477444,
      0.2705820043522786,
      0.41864966146262333,
      -0.7134434036018117,
      0.1915175038680112
    ],
    [
      -0.9937732031387433,
      -0.574183728928471,
      -0.7370852681371994,
      0.6144045803395947,
      -0.6792928377904652,
      -0.17672775665179166,
      -0.7175970477386612,
      -0.8419587846042805,
      0.9760258309322193,
      -0.5754938139844543
    ]
  ],
  "b": [
    [
      0.7523273199339764,
      0.745169103925567,
      -0.8577217008180736,
      -0.43152303421218774,
      0.5028564052394868,
      -4.315359660643362,
      -0.3561078408371551,
      -0.7222585897848511,
      4.020166812505554,
      -3.3956026416784346
    ],
    [
      73.21500139389947,
      -0.9499699452520405,
      -1.9503818602820133,
      -5.156978292912728,
      -34.20834033378906,
      22.207967419449567,
      -37.63307687210562,
      -19.732065652378477,
      -5.453786802679121,
      2.9534685423635905
    ],
    [
      -19.24609174051926,
      0.4185691103697621,
      4.294544907036314,
      -2.2830996393374,
      28.359925153274716,
      2.3644911293802924,
      -24.93074654652642,
      28.430697504524105,
      -83.49699370182486,
      1.0019617518019346
    ],
    [
      -0.9290984828671104,
      -0.5949070209537944,
      0.3792590394025739,
      1.1230771789147238
    ]
  ],
  "waa": [
    [
      [
        -0.07598546468794617,
        0.6772495699993841,
        0.8141710375219299,
        -0.7004666731927194,
        0.16314319809604366,
        0.11811096984653954,
        0.7967067400520984,
        -0.9042586776752016,
        -0.39429805243466187,
        -0.7623188857605004
      ],
      [
        0.6939652524336865,
        0.44977000617952884,
        0.2409887882471323,
        -0.8583413075811388,
        -0.47383077660962125,
        -0.1441576739165488,
        -0.725923767357825,
        -0.10496348039283558,
        0.3167676681293771,
        0.17865286109028022
      ],
      [
        -0.011413444639207473,
        -0.6424137413472417,
        0.6709197970600914,
        -0.7872196007814802,
        0.3133887497533276,
        0.6627432619407783,
        -0.17673406108823764,
        0.9701352532515465,
        0.6203141470827007,
        0.15674785455784898
      ],
      [
        -0.42137354005324,
        -0.5549066299469126,
        0.6333572709968808,
        0.29135894956365666,
        0.5193009441957344,
        -0.20817666034065466,
        -0.9874185360941494,
        0.41295631245860365,
        -0.7343473915071899,
        0.059240510908466285
      ],
      [
        -0.6388515636751555,
        -0.0030935482405543982,
        -0.007580522211163702,
        -0.27255017269907267,
        -0.02476212784218662,
        -0.511566647658181,
        0.566371074588807,
        -0.5779450280207222,
        -0.8971477969025448,
        0.1901425337407397
      ],
      [
        0.36701270492155386,
        -0.7570637729749911,
        -0.33116474327332596,
        -0.42464053235675114,
        -0.6870839838095798,
        -0.3467786733211644,
        0.549420974893675,
        -0.053271429075539514,
        -0.8922752419159149,
        -0.2763773718796945
      ],
      [
        0.4671903103384896,
        -0.7273869087429793,
        -0.20136836587100276,
        -0.3266053435825149,
        0.7807364980655008,
        0.44804915267669876,
        -0.41854697230625004,
        0.7401073697085632,
        -0.09239003970461225,
        -0.3894910358609185
      ],
      [
        -0.7259283898695879,
        -0.27783239474499294,
        0.31433829779254735,
        -0.8212576434833989,
        0.2464192932074485,
        0.2808887584503763,
        -0.768688747089172,
        -0.8154032347915081,
        0.5643644113559226,
        0.7768039044262389
      ],
      [
        0.2043288247317396,
        -0.3498238801302579,
        0.21618516994371414,
        -0.1470040172081832,
        0.03314899997164962,
        0.9713821345807544,
        0.731968450649608,
        -0.8023245400383556,
        0.3853992609333106,
        -0.047127744169801346
      ],
      [
        -0.018485999034911934,
        0.864851225714008,
        -0.4849312803591247,
        0.8660630605631117,
        -0.5883518729398588,
        -0.3205690160779809,
        0.4436467994855256,
        -0.2368925387545856,
        -0.112724684876863,
        -0.6608939093264287
      ]
    ],
    [
      [
        0.2194267484849264,
        -0.03635822042734602,
        -0.485246505678289,
        0.5645427591084303,
        0.111412250895375,
        0.3725399168571041,
        0.03721515976030839,
        -0.6244711558694794,
        -0.6381661907544134,
        0.658060412110603
      ],
      [
        0.05125907015313807,
        -0.5476819622118585,
        0.5550631336706661,
        0.4391066396912762,
        -0.9660455390697302,
        0.6239805953920289,
        -0.19710844746002618,
        0.24021935870193503,
        -0.3211036228447736,
        0.35241749205799994
      ],
      [
        0.2382108598670425,
        0.6516366901511844,
        0.25393929978148894,
        -0.5994947886611738,
        -0.24636264143044168,
        0.38944649994002356,
        -0.2777449838945775,
        0.3973345611521287,
        0.34006069422794627,
        0.8067242054347035
      ],
      [
        0.19245283477278113,
        -0.4186821662747022,
        0.6725685446127311,
        -0.19766401298533512,
        -0.23687184486776702,
        -0.37720900077174574,
        0.4373681758755225,
        0.13508191610091025,
        0.7589756731430641,
        -0.6180606955053433
      ],
      [
        -0.5326478989439644,
        -0.285824564526689,
        -0.38345691496557655,
        -0.3687135522769344,
        -0.3899480829683522,
        0.29107676553499706,
        0.6035571538016505,
        -0.9981144010871443,
        0.3072165917967118,
        -0.21113173647721648
      ],
      [
        0.659620236491091,
        0.7565322057283166,
        -0.5579573385922713,
        -0.13198387260047265,
        0.47473651756173324,
        -0.988063710049191,
        0.35560180221835436,
        -0.9886201561693435,
        -0.3734784637577356,
        0.41211268855871974
      ],
      [
        -0.8599685340062002,
        -0.31068621068583663,
        -0.6048311785330027,
        -0.5379048900743618,
        -0.47619481230308364,
        0.06860553842993562,
        -0.693356512580475,
        -0.38811888604341105,
        0.7677110256134265,
        0.7385319883402666
      ],
      [
        -0.8019379646271096,
        0.6276849079465366,
        0.22716574210586912,
        -0.2287646302284165,
        0.29169569665962986,
        0.6807995949989167,
        -0.9365367314698387,
        -0.480526368977216,
        -0.6214150547268585,
        0.09300163003875735
      ],
      [
        0.8475719725087894,
        0.3176587985734853,
        -0.7798580758787955,
        0.06562083577334367,
        0.10237011941562146,
        0.23481621223783894,
        -0.8735654079161166,
        0.30965080827736985,
        -0.683930220808985,
        0.4773875700130696
      ],
      [
        -0.6597383420047994,
        -0.9331027103304768,
        0.35557818257914064,
        -0.6914469325144281,
        0.8184366881401186,
        0.2662339366165564,
        0.3649978101373931,
        0.7051086628798527,
        0.023478794239384523,
        0.8601862131458956
      ]
    ],
    [
      [
        -0.5328153757700006,
        0.3149047428367206,
