{
  "a": [
    [
      0.6844063720492292,
      -0.22026015438754395,
      0.5526058915798313,
      0.6281791693285577,
      0.8315758043106674,
      -0.6083067849621391,
      -0.31455320424434224,
      0.5608092223144209,
      -0.4593388785265769,
      0.09396618473527911
    ],
    [
      -0.03803510268672464,
      0.2539061408001512,
      -0.27029490290287395,
      0.05831370344269704,
      0.8688484466546991,
      0.827573591343432,
      0.2724440179506417,
      0.41669633022251984,
      -0.7182330805818756,
      0.19103560732938438
    ],
    [
      -1.0395494414861195,
      -0.6738832671359708,
      -0.758366685986388,
      0.5942427909935403,
      -0.6910334695273312,
      -0.12248680341801405,
      -0.6879366474829438,
      -0.9165582018157002,
      0.958544846080652,
      -0.6113469406345419
    ]
  ],
  "b": [
    [
      0.7559177547891569,
      0.6452249297599185,
      -0.9512880479776564,
      -0.7468219329355529,
      1.1061636387551406,
      -4.3398257944874725,
      -0.16216469390259577,
      -1.0563928539479126,
      4.004799000688141,
      -3.4833289647812893
    ],
    [
      73.21671392843693,
      -1.2305984338372151,
      -2.093144122814994,
      -5.181713531702632,
      -34.2084820151276,
      22.206400242569195,
      -37.63419536078066,
      -19.72925527113091,
      -5.430138718545354,
      3.4592293057929764
    ],
    [
      -19.24586775460022,
      0.09385904208389208,
      4.264144890602782,
      -2.2353232536116123,
      28.359184390896974,
      2.324475609627991,
      -24.938843256731253,
      28.42879460765428,
      -83.49801699662825,
      0.6709761685513943
    ],
    [
      -0.9260029726710391,
      -0.5662261675277013,
      0.5023663926384434,
      1.125051317205819
    ]
  ],
  "waa": [
    [
      [
        -0.07350870718238448,
        0.676515318924334,
        0.8161109853415272,
        -0.6983009408297164,
        0.16604669822795412,
        0.11601569934985267,
        0.7955286773366133,
        -0.9022960012935036,
        -0.39576695000388185,
        -0.7619495649619036
      ],
      [
        0.6842549161532391,
        0.45267281951464733,
        0.2333853125306177,
        -0.866853018176079,
        -0.4853062271099651,
        -0.13582678402247642,
        -0.7214901112360789,
        -0.11262218575586781,
        0.3227270031258507,
        0.1772272332558234
      ],
      [
        -0.012785218313733616,
        -0.6420097167341563,
        0.6698553267084976,
        -0.788395037091308,
        0.3117840098728315,
        0.663911855257424,
        -0.17610379892460398,
        0.969065695417457,
        0.6211396169115149,
        0.15654027240907814
      ],
      [
        -0.4173336681110353,
        -0.5557014306928152,
        0.6362188688508523,
        0.2950499623442063,
        0.5239072031829534,
        -0.21212025139806512,
        -0.9879069124973543,
        0.41561645626681126,
        -0.7371956040329942,
        0.059833755643577353
      ],
      [
        -0.6446782428832398,
        -0.0014015124005270886,
        -0.011909077097785012,
        -0.27736264070461214,
        -0.0318013199705831,
        -0.5062686585330004,
        0.5682892194965448,
        -0.5821497845105792,
        -0.8931633484037907,
        0.1892089792513173
      ],
      [
        0.368826519832176,
        -0.757622582770656,
        -0.32969604205072855,
        -0.42295917607024064,
        -0.6848765400439522,
        -0.34837516701964144,
        0.5485942789169238,
        -0.051793200216384824,
        -0.8934499609494918,
        -0.27612484212375976
      ],
      [
        0.45627223536958256,
        -0.7239760652136776,
        -0.20990767382228842,
        -0.3361261988587036,
        0.7676354012341194,
        0.4574661085029791,
        -0.4135956545408515,
        0.7314402299422,
        -0.08547292054180447,
        -0.3910664178103764
      ],
      [
        -0.734902501588522,
        -0.2750630901198906,
        0.30721991499713713,
        -0.8293014931839702,
        0.23565956944509697,
        0.2886902005808875,
        -0.7646155938323073,
        -0.8225886610061088,
        0.5700780423192555,
        0.7755332669905762
      ],
      [
        0.2025338595258375,
        -0.3492754929352276,
        0.2147613307825989,
        -0.14862326911211557,
        0.031005887200090287,
        0.9729288201989644,
        0.7327898356218141,
        -0.8037653004886207,
        0.386521412741381,
        -0.04737932862316774
      ],
      [
        -0.022078097075686677,
        0.8659367579821134,
        -0.48775741080001755,
        0.862891609289201,
        -0.5926173376673071,
        -0.3174773706950185,
        0.4452958485225568,
        -0.2397433105335247,
        -0.11049988294795787,
        -0.6614170640825313
      ]
    ],
    [
      [
        0.21941622518116594,
        -0.03626475194968932,
        -0.4853457029732028,
        0.564561057319314,
        0.11172399367713227,
        0.37283299430679334,
        0.037311068135369836,
        -0.6243216304711621,
        -0.6384207851580639,
        0.6581296048250342
      ],
      [
        0.05086859809851739,
        -0.5443849997854546,
        0.5515612286980497,
        0.4397485252717404,
        -0.9550477692666879,
        0.634255103592427,
        -0.19370802518517236,
        0.24545018761090232,
        -0.33004125290628245,
        0.35481109018830814
      ],
      [
        0.2383961593799741,
        0.650237806789537,
        0.25537469132524965,
        -0.5998042495018763,
        -0.2510784488967953,
        0.3848232820927469,
        -0.27923927790465847,
        0.3949845432459381,
        0.3440067875234678,
        0.8055957380082346
      ],
      [
        0.19251436851068437,
        -0.4191503134039081,
        0.6730657409051215,
        -0.19776175196292992,
        -0.2384515022502884,
        -0.37869809720100045,
        0.43687717451749825,
        0.13432714346771607,
        0.7602691444476813,
        -0.6184062990933895
      ],
      [
        -0.5326474064268278,
        -0.28582561651163363,
        -0.3834566037106038,
        -0.3687141090472756,
        -0.3899516956211875,
        0.2910707770167672,
        0.6035555864877804,
        -0.9981172366299335,
        0.3072208276107828,
        -0.21113370869494674
      ],
      [
        0.6596193173231363,
        0.7565393266883786,
        -0.5579649222995935,
        -0.13198239167556666,
        0.47476034729243216,
        -0.9880414470325922,
        0.3556091132090414,
        -0.9886089219619495,
        -0.3734979151559277,
        0.41211773778556415
      ],
      [
        -0.8599667634519714,
        -0.31070096954511833,
        -0.6048153068634958,
        -0.5379080732706322,
        -0.47624478629366357,
        0.06855831953255402,
        -0.6933719480281244,
        -0.3881428796096764,
        0.7677521390449018,
        0.7385209696123075
      ],
      [
        -0.8020248504055006,
        0.6283038847145974,
        0.22650246867473026,
        -0.2286249222521783,
        0.2938178690321171,
        0.6828090348809062,
        -0.9358672541455768,
        -0.47950862438803804,
        -0.6231596264593531,
        0.09346405394335629
      ],
      [
        0.8477617457427012,
        0.31605176759349346,
        -0.7781671499390842,
        0.06528537029464108,
        0.09699668612416992,
        0.2296928256372725,
        -0.8752325846047123,
        0.3070466526655582,
        -0.6794987871670559,
        0.47617096316392654
      ],
      [
        -0.6597708372715433,
        -0.9327998726271604,
        0.35526346371457024,
        -0.6913863655474387,
        0.8194222428134701,
        0.2671589631590849,
        0.3653042160243984,
        0.7055769565188654,
        0.022675645820154317,
        0.8603971972491224
      ]
    ],
    [
      [
        -0.5328605355653862,
        0.31487664691069267,
