{
  "a": [
    [
      0.6718886801618416,
      -0.2142898920185345,
      0.5281595233259688,
      0.5839845760274922,
      0.8010573257220804,
      -0.5787567709704236,
      -0.3029588494279114,
      0.5050848110956987,
      -0.39198752074197313,
      0.1301765216479474
    ],
    [
      -0.07847547640722893,
      0.33977237736547744,
      -0.41409679824192813,
      0.08357690554086815,
      0.9609840582213498,
      0.8623744447574709,
      0.20937061773068194,
      0.37704309312260614,
      -0.8448532718888138,
      0.2637648835136987
    ],
    [
      -1.069210946089445,
      -0.7396915823885241,
      -0.8179903523581991,
      0.6652810919765603,
      -0.6756404132787479,
      -0.12323107040542658,
      -0.6687058591393783,
      -1.0086792768390107,
      0.927288044912456,
      -0.6082589631612384
    ]
  ],
  "b": [
    [
      0.7281061494633722,
      0.6696002302797827,
      -0.9301575012232729,
      -1.1443983039350347,
      0.9255799405820706,
      -4.308846867913935,
      -0.17702442491339185,
      -1.3812658281569492,
      4.051933200342374,
      -3.4463282467266034
    ],
    [
      73.22521100759654,
      -0.6086692772107216,
      -1.5701039392155363,
      -5.310473830804299,
      -34.214926070930126,
      22.225746589356724,
      -37.65383689023572,
      -19.6860879326316,
      -5.352587154559171,
      4.491202518557433
    ],
    [
      -19.24375077184879,
      -0.018830582807335097,
      4.108977590748875,
      -2.3829506562352383,
      28.345619218450093,
      2.1333118785368583,
      -24.962475703116862,
      28.415838842228887,
      -83.50870993240986,
      0.5105547476926389
    ],
    [
      -1.2467536519705666,
      -0.37629898841867215,
      -0.16857178621437072,
      1.4476331172914292
    ]
  ],
  "waa": [
    [
      [
        -0.07959388811232239,
        0.6788779024941985,
        0.8105228334110983,
        -0.7039541452839166,
        0.15789265771139152,
        0.1217000835360909,
        0.799112307829105,
        -0.9074119876937391,
        -0.3913901097450583,
        -0.7630870020390651
      ],
      [
        0.6844402795081972,
        0.45260635683769035,
        0.23354395096326783,
        -0.8666815827443785,
        -0.4850704439236948,
        -0.13599453131459574,
        -0.721590415802354,
        -0.11246825118433408,
        0.3226030705086613,
        0.17726055285245382
      ],
      [
        -0.012777690878474725,
        -0.6420129465875581,
        0.6698626400803207,
        -0.7883874851330278,
        0.31179446598176375,
        0.6639045763333914,
        -0.17610877078580034,
        0.9690726775884871,
        0.6211335198987219,
        0.1565414613813724
      ],
      [
        -0.4397084717760566,
        -0.5407088537581305,
        0.6072055445976741,
        0.2698300448107677,
        0.4839901145097401,
        -0.1864420474724318,
        -0.9614545662162812,
        0.3916083021130096,
        -0.7167503794844894,
        0.05081090446243308
      ],
      [
        -0.6505675938468678,
        0.00012252175581006173,
        -0.01627019234289172,
        -0.2825251501062125,
        -0.03845455605147117,
        -0.5012019281805765,
        0.5700100767696803,
        -0.5866764482436903,
        -0.8890769560862614,
        0.18888475834570137
      ],
      [
        0.37323505148504993,
        -0.7589476517817023,
        -0.32628449477209615,
        -0.41913101015172743,
        -0.6796149046192624,
        -0.35219881293933136,
        0.546617037153047,
        -0.0484261901434437,
        -0.8959975512634806,
        -0.275297785011752
      ],
      [
        0.4508102652196241,
        -0.7221255336121549,
        -0.21445327890137053,
        -0.3409671012448115,
        0.7607949213095363,
        0.46233888121849614,
        -0.4108638637747106,
        0.7271375789917528,
        -0.0820020028784469,
        -0.3920938263195396
      ],
      [
        -0.7065740578884543,
        -0.28533531770730075,
        0.33168292086940443,
        -0.8025574590721147,
        0.2717579919994602,
        0.2629057167925197,
        -0.7799164207671743,
        -0.7984009911589375,
        0.5501496730688593,
        0.77990895205766
      ],
      [
        0.20764891947536765,
        -0.35050209630536094,
        0.218256784653097,
        -0.1444738079286427,
        0.03664433193051085,
        0.9687115645558961,
        0.7310201331955629,
        -0.8002083491583927,
        0.38404471344026986,
        -0.04640542644830058
      ],
      [
        -0.02167765378622485,
        0.8658089740989496,
        -0.4874428455612708,
        0.8632375394953872,
        -0.5921393986300549,
        -0.3178210702086187,
        0.44511617083095384,
        -0.23944278766219193,
        -0.11073337047886836,
        -0.6613404986769723
      ]
    ],
    [
      [
        0.21947940015442305,
        -0.0366367244302095,
        -0.48493821709747265,
        0.5644988211183736,
        0.11050321112205032,
        0.3717654763764579,
        0.03695048845962692,
        -0.6248498342250239,
        -0.6374617325768788,
        0.6578969405197742
      ],
      [
        0.05213395712130586,
        -0.5544671528771894,
        0.5615747641464276,
        0.4378817185228831,
        -0.991974144874422,
        0.599497843973855,
        -0.20621923830775185,
        0.22724992449465953,
        -0.30092499281084545,
        0.34802094462724376
      ],
      [
        0.23920942742005138,
        0.644978163368304,
        0.2609606213823411,
        -0.6007700514529536,
        -0.2688816840097374,
        0.36858842629624944,
        -0.2847092282321299,
        0.38680796255090555,
        0.3582203252190229,
        0.8020671159549678
      ],
      [
        0.20152394447025598,
        -0.469157364564976,
        0.7306113224891296,
        -0.20511536764090788,
        -0.39902469496929127,
        -0.5101373705163162,
        0.3912172672675198,
        0.07016082987535825,
        0.8826771398730704,
        -0.6461022008113447
      ],
      [
        -0.5326401745542143,
        -0.28584292151129004,
        -0.38342474060029214,
        -0.3687246045500101,
        -0.38996239091689644,
        0.291054709618043,
        0.603573841345418,
        -0.9981114833103174,
        0.30725570877719793,
        -0.21116090396355475
      ],
      [
        0.6596215310326238,
        0.7565480566078147,
        -0.5579698527456097,
        -0.13199393740275853,
        0.47483589220018635,
        -0.9880142502581372,
        0.35565135374174683,
        -0.9885809664839634,
        -0.37351176410308096,
        0.4120929751401433
      ],
      [
        -0.8599692386491044,
        -0.31068554885969074,
        -0.6048320905943642,
        -0.537905981465288,
        -0.4761926359023745,
        0.06860241303489355,
        -0.693355958970077,
        -0.38812056882837737,
        0.7677127752533316,
        0.7385294843260637
      ],
      [
        -0.802130512040129,
        0.6291523021466389,
        0.2256298724222525,
        -0.22840366673290033,
        0.29689134678266993,
        0.6858681801821214,
        -0.934834744189509,
        -0.47792891910545476,
        -0.6257356834265471,
        0.09415772053039421
      ],
      [
        0.8477425177426638,
        0.3164318357520852,
        -0.7784551570531086,
        0.06532219023868607,
        0.09871630304905707,
        0.23131176914077542,
        -0.8745039850923165,
        0.3079788303565504,
        -0.6807166926023853,
        0.4763570991313198
      ],
      [
        -0.659725533392798,
        -0.9330199257093241,
        0.35552571390588006,
        -0.6914158857421479,
        0.8187569517320007,
        0.2666408782201393,
        0.36513453102860743,
        0.705336028319083,
        0.023181918557749634,
        0.8602793344862462
      ]
    ],
    [
      [
        -0.5313257844138511,
        0.31596368490010246,
