{
  "a": [
    [
      0.619438684830734,
      -0.24526416211001922,
      0.5532851559047574,
      0.5611970145608365,
      0.8212536405522182,
      -0.565743759523192,
      -0.365096045510037,
      0.4671580926443226,
      -0.3711884517130614,
      0.185551710090807
    ],
    [
      0.027694113170435204,
      0.11361996595425829,
      -0.06242221095725179,
      -0.033941911503726316,
      0.785028905234708,
      0.5675665771162475,
      0.4076793000527704,
      0.3993156657572381,
      -0.3797729813872794,
      -0.086690033232572
    ],
    [
      -1.0392799852610894,
      -0.7307806837530635,
      -0.7871590867627934,
      0.646539800838976,
      -0.6798639876957785,
      -0.09986799708771119,
      -0.6743322932062054,
      -0.9966797393279985,
      0.9407024831303747,
      -0.599878544668423
    ]
  ],
  "b": [
    [
      0.699276866834211,
      0.726261314938661,
      -0.8793315365997599,
      -2.0522666667094276,
      -0.1914261646273988,
      -4.289768509975559,
      -0.4454578127411909,
      -1.2593696155668432,
      4.1632987591799235,
      -3.3897002325333343
    ],
    [
      73.22840637860187,
      0.11572110340096756,
      -0.9063053337724971,
      -4.427408998081202,
      -34.22646307400844,
      22.242510107086694,
      -37.653279359912005,
      -19.66907674247659,
      -5.476271945898151,
      4.562999643035225
    ],
    [
      -19.213493194239543,
      -0.03458763982429528,
      4.0771521957836345,
      -2.2437763202992502,
      28.35424567816344,
      2.3011164678146105,
      -24.956201316775953,
      28.400413735718693,
      -83.51540089587942,
      0.53600195401442
    ],
    [
      -1.565546046837526,
      0.48509939779741224,
      0.18480307528044262,
      0.34454828285959505
    ]
  ],
  "waa": [
    [
      [
        -0.08804854979706443,
        0.6814925348954677,
        0.8040558169429535,
        -0.711257457451882,
        0.148003474694727,
        0.1289065798541243,
        0.802743261246945,
        -0.9137318916607732,
        -0.38654110330707153,
        -0.7646572950328244
      ],
      [
        0.6834331054022305,
        0.4529757111296228,
        0.23268182443381574,
        -0.8675558888567696,
        -0.48636583607426515,
        -0.13510925194683535,
        -0.7210324502987588,
        -0.11319635157750127,
        0.323144038488095,
        0.17695613024703816
      ],
      [
        -0.013716238346410425,
        -0.6416628725413976,
        0.6690466491697905,
        -0.789203177111637,
        0.31057101286683036,
        0.6647356717451792,
        -0.1755739185511095,
        0.9683953701779711,
        0.6216382039721123,
        0.15624682033043646
      ],
      [
        -0.42468417706568545,
        -0.5461088911698687,
        0.6196660904541323,
        0.282770574230139,
        0.5028757584400998,
        -0.19967424796677616,
        -0.9691842707506542,
        0.40220805871801074,
        -0.7248823022508558,
        0.055231994511761764
      ],
      [
        -0.649010707569995,
        -0.0004727315593797782,
        -0.014889187443584804,
        -0.28118182895603416,
        -0.03639090007644075,
        -0.5025798143009803,
        0.5690923043838689,
        -0.5855699047122975,
        -0.8898961819255856,
        0.18940565482837973
      ],
      [
        0.3721508653929808,
        -0.7575293664443614,
        -0.32868794999354306,
        -0.41974593142253147,
        -0.6827986459293026,
        -0.3506171788135023,
        0.5490930609095624,
        -0.048814643649737095,
        -0.8954816081111905,
        -0.2771443013301386
      ],
      [
        0.4453395726682498,
        -0.7203785248825545,
        -0.21871519573203277,
        -0.34569723903388655,
        0.7542940406351009,
        0.46702541840462125,
        -0.40840187177398385,
        0.7230677206266691,
        -0.07889682047373683,
        -0.39321541459626197
      ],
      [
        -0.6706278815840182,
        -0.2981698789601764,
        0.35856259049650174,
        -0.7720265125672745,
        0.31244473550644436,
        0.2322315289975359,
        -0.7950844091322505,
        -0.771991735591766,
        0.5288433353859225,
        0.7870723563157825
      ],
      [
        0.21418073312741395,
        -0.3526114984356076,
        0.22332486844430505,
        -0.13867416885836556,
        0.04438987626964713,
        0.9630280931478473,
        0.7280018242948619,
        -0.7952233556274163,
        0.3802821309707006,
        -0.04502626069157578
      ],
      [
        -0.021768227026270993,
        0.8658420795738659,
        -0.48752053898315584,
        0.8631572702494666,
        -0.5922559946018174,
        -0.31774118003216933,
        0.4451659884762646,
        -0.23950947989312527,
        -0.11068313887236071,
        -0.6613666398129909
      ]
    ],
    [
      [
        0.21948418187931099,
        -0.0366218321345585,
        -0.48494492698124636,
        0.5644930824162279,
        0.11061703409611319,
        0.3718462895055411,
        0.037011921465154814,
        -0.624791270207851,
        -0.6375139302488938,
        0.6578815075669208
      ],
      [
        0.056124225317281375,
        -0.5695350010906256,
        0.5806588897277452,
        0.433551792983794,
        -1.0296541367453602,
        0.5640989675591245,
        -0.2119061905514962,
        0.21331881983069378,
        -0.2644791464585749,
        0.3344247551908823
      ],
      [
        0.24103416989188392,
        0.6394604765584688,
        0.26849204213993844,
        -0.6028245234274313,
        -0.2788984387833994,
        0.35779215879944515,
        -0.28402837671850795,
        0.38381830794644356,
        0.37078242558216107,
        0.7956323511003218
      ],
      [
        0.15850910888298092,
        -0.28923475569705137,
        0.5101013841281266,
        -0.15975102327308272,
        0.09868239759693201,
        -0.06038079392100277,
        0.4943994590210056,
        0.26332899188431697,
        0.4383599757971089,
        -0.502483408819404
      ],
      [
        -0.5326635175951014,
        -0.28593288379410414,
        -0.3833715334408254,
        -0.36869837019170476,
        -0.3905825755436041,
        0.29061014880373237,
        0.6032523300458917,
        -0.9984251535455084,
        0.30755530917404034,
        -0.21109186806915883
      ],
      [
        0.6596137575582195,
        0.7565093383693203,
        -0.557944951681693,
        -0.13198382955198415,
        0.4745806569989733,
        -0.9881962141330641,
        0.35552093837958143,
        -0.9887074914767429,
        -0.37338688060574626,
        0.4121194680480792
      ],
      [
        -0.8599656156702614,
        -0.3106738631895855,
        -0.6048388035522898,
        -0.5379093928056047,
        -0.4761142741678646,
        0.06865967712730064,
        -0.6933157889128688,
        -0.3880800601559481,
        0.7676742936892096,
        0.7385215978565669
      ],
      [
        -0.8020598454935628,
        0.6293935818586319,
        0.2255054167740336,
        -0.22848465450995767,
        0.2986424913616481,
        0.6871224645480273,
        -0.933907214250062,
        -0.4770314800480835,
        -0.6265619346252039,
        0.09394430968819907
      ],
      [
        0.8479926409328413,
        0.31714270170311154,
        -0.7786081531506227,
        0.06489252518506423,
        0.10541929389118822,
        0.23577292838362762,
        -0.8705864027429697,
        0.3113683055449672,
        -0.6833947150082489,
        0.47506970673625737
      ],
      [
        -0.6597119573243775,
        -0.9330018417875428,
        0.3555204777261517,
        -0.6914261183838262,
        0.8188995868102092,
        0.266743232832032,
        0.3652119350749413,
        0.7054153881104278,
        0.023119668676781724,
        0.8602584150371916
      ]
    ],
    [
      [
        -0.5313030851460186,
