{
  "a": [
    [
      0.5299762137059546,
      -0.3120139196429399,
      0.6302525717353047,
      0.4813042180563428,
      0.8731190297324859,
      -0.5461837527390521,
      -0.5314879227271935,
      0.413884972255551,
      -0.3394153987602874,
      0.2817930038030671
    ],
    [
      0.056914490300470584,
      0.12216247247698553,
      -0.08167801289708337,
      -0.02684945730605465,
      0.7721441279787036,
      0.5980256894157177,
      0.3593619584205423,
      0.41072953802081996,
      -0.41960663835115375,
      -0.055173040954460364
    ],
    [
      -1.1154082834425016,
      -0.8160483967530365,
      -0.7789398797197399,
      0.6046936961140755,
      -0.6863012507045182,
      -0.04908797930240508,
      -0.6432818432094194,
      -1.0634514980850909,
      0.9293087077200743,
      -0.6626887664351665
    ]
  ],
  "b": [
    [
      0.5287605326650199,
      2.0200143903935084,
      -0.6557653687502665,
      -3.382094407397407,
      -0.4235228923465644,
      -4.251977118588434,
      -0.8337790574916225,
      -2.957908524672103,
      4.28467711912617,
      -3.2924578914235654
    ],
    [
      73.2268890520071,
      0.06637751821138572,
      -0.8969589369010322,
      -3.9219991428592555,
      -34.26340011313852,
      22.275707123046264,
      -37.638515617264694,
      -19.537373834370168,
      -5.479025228311776,
      4.4872766174888525
    ],
    [
      -19.20880413317222,
      -0.20061951448998955,
      3.7616735012334237,
      -1.8345725027622257,
      28.34148986687511,
      2.3887462714265153,
      -24.99624617710312,
      28.44923835774672,
      -83.51844206377001,
      0.5491539243770429
    ],
    [
      -1.4538289033117777,
      0.7552162526206158,
      0.3603509999351133,
      0.34586592397710036
    ]
  ],
  "waa": [
    [
      [
        -0.09118040680882494,
        0.6831608163405749,
        0.8006314384234821,
        -0.7141701834820581,
        0.14314985058548596,
        0.13205983835998278,
        0.8054457357904786,
        -0.9161868256360775,
        -0.38445895129541974,
        -0.7660328518917023
      ],
      [
        0.6909193282671965,
        0.4490084202483611,
        0.24085656865541574,
        -0.860487702644808,
        -0.47478560506709067,
        -0.14266261531467517,
        -0.7274550231789474,
        -0.10722856312754439,
        0.31807523439921676,
        0.180154164074457
      ],
      [
        -0.011976645242832614,
        -0.6430916432192928,
        0.6716755985481797,
        -0.7877088484094468,
        0.31411639972841554,
        0.6626882243550754,
        -0.17806515791660907,
        0.9696433909715707,
        0.620471909927672,
        0.1577045228012394
      ],
      [
        -0.3856242292087817,
        -0.5613539280924901,
        0.6540816626202822,
        0.3170857783149715,
        0.5542297128409284,
        -0.23507898405845973,
        -0.9917622287706254,
        0.430432340522566,
        -0.7471935372359864,
        0.06758405061963131
      ],
      [
        -0.6549161600745549,
        0.002737739354337596,
        -0.02146280264059475,
        -0.2867534984140622,
        -0.045659774429903516,
        -0.49657397466077174,
        0.5743348251074715,
        -0.5902873440170395,
        -0.8858860663823037,
        0.18678166501633045
      ],
      [
        0.37452384083367557,
        -0.758099672919039,
        -0.3270341275205545,
        -0.4174525866006311,
        -0.6801515692879551,
        -0.35258954818139837,
        0.5482059737695981,
        -0.04692134746661206,
        -0.8968981875667563,
        -0.2769023585995407
      ],
      [
        0.4439967142778963,
        -0.7194174674792432,
        -0.22052823599965943,
        -0.34684810427086593,
        0.7518157143919156,
        0.46850462097630086,
        -0.40677134617607846,
        0.7220927418959536,
        -0.0780347975816838,
        -0.39415850111419604
      ],
      [
        -0.599035079710282,
        -0.3280353753972818,
        0.4228892196620136,
        -0.7034338826380147,
        0.40649783863940353,
        0.16553783093040697,
        -0.839589197500134,
        -0.7131001299174718,
        0.4799067655514658,
        0.8048357939032579
      ],
      [
        0.21419940720710762,
        -0.352643592960646,
        0.22337810313293596,
        -0.13866339142700795,
        0.044455542366693836,
        0.9629974392380578,
        0.7279408456704007,
        -0.7952125793112881,
        0.38027143816357756,
        -0.04498678429929616
      ],
      [
        -0.021271818893799616,
        0.8656000096754837,
        -0.48701026671226466,
        0.8636219902344214,
        -0.5915253184876252,
        -0.318226312293433,
        0.44478321707210583,
        -0.23911604492371089,
        -0.1110094527032323,
        -0.6611780990389265
      ]
    ],
    [
      [
        0.2196161126749626,
        -0.03632728833096683,
        -0.48513439656219387,
        0.564424824612939,
        0.11250839343162519,
        0.37329732234649937,
        0.03790857271941375,
        -0.6237835087217349,
        -0.638523941808446,
        0.6577351283084548
      ],
      [
        0.05655500025280262,
        -0.5672269047152108,
        0.5793655050724368,
        0.4328536994724475,
        -1.0137822481573278,
        0.5753873177362915,
        -0.20374294239805438,
        0.22120224537943256,
        -0.2720964147688731,
        0.3325779200183846
      ],
      [
        0.24103263360450214,
        0.6397989402186145,
        0.26831232958491436,
        -0.6029421570934866,
        -0.27645799673605587,
        0.3594264653038043,
        -0.28271818278177646,
        0.3849615876217106,
        0.36969508792114253,
        0.7952822670346044
      ],
      [
        0.1585724731277497,
        -0.2890669863017497,
        0.5100054766976312,
        -0.15979313157772276,
        0.09980408258056003,
        -0.059526042071299246,
        0.49495452162475645,
        0.2639255119459008,
        0.43777815142129456,
        -0.5025810391625416
      ],
      [
        -0.5325549357879904,
        -0.2857198735148245,
        -0.38351437097496055,
        -0.3687438538078505,
        -0.3892340464723112,
        0.2916607516996217,
        0.603876681361479,
        -0.9976957036727561,
        0.30681719400983437,
        -0.21118421069509
      ],
      [
        0.6596413039662579,
        0.7565650866279838,
        -0.5579817384234853,
        -0.131995999095469,
        0.47493622893781284,
        -0.9879200676794121,
        0.355686711185721,
        -0.9885154766706152,
        -0.37358020751742615,
        0.41209407951314436
      ],
      [
        -0.8599650829842101,
        -0.3106723331941011,
        -0.6048397395743209,
        -0.5379098435756802,
        -0.4761031462544195,
        0.06866761759723358,
        -0.6933098261369818,
        -0.38807432061469,
        0.7676690019192152,
        0.7385203394296244
      ],
      [
        -0.8016318417372633,
        0.6305404100763949,
        0.22481722314052488,
        -0.22877753101071946,
        0.30623980113335536,
        0.6928374707084844,
        -0.9301667227413031,
        -0.47304011072805235,
        -0.6304754993786539,
        0.09326240556912485
      ],
      [
        0.8495739023461922,
        0.32204266383980246,
        -0.7814748070845343,
        0.06358989560244384,
        0.13828511039166003,
        0.26019310653482414,
        -0.8542249672852587,
        0.3284074100646082,
        -0.700053136883892,
        0.4718961044080861
      ],
      [
        -0.6596746092069996,
        -0.9328875500029212,
        0.3554540601852996,
        -0.6914565818263081,
        0.8196621186141442,
        0.2673113108548902,
        0.3655913143429139,
        0.7058115831185447,
        0.022732573894620925,
        0.860185740490535
      ]
    ],
    [
      [
        -0.531463103910081,
        0.3158668241222863,
