{
  "a": [
    [
      0.6070647565228878,
      -0.2689010838082002,
      0.5806608497641831,
      0.5927610501633179,
      0.841555312424634,
      -0.5828275957437519,
      -0.40507314949513945,
      0.5025265180193542,
      -0.42205769324850934,
      0.17506214046627974
    ],
    [
      0.022888211688748987,
      0.11408817467359599,
      -0.058937092932848906,
      -0.03424297578449724,
      0.7847699578021515,
      0.5702937551896345,
      0.40593907346143016,
      0.39756693139007515,
      -0.380896836318071,
      -0.08684200212234675
    ],
    [
      -1.0393940249801337,
      -0.7387963981980651,
      -0.773496760776299,
      0.6247773179999493,
      -0.6863610657971154,
      -0.07685750510067642,
      -0.6857530203104261,
      -0.9947718354263396,
      0.9339383519316871,
      -0.5978345468159328
    ]
  ],
  "b": [
    [
      0.6805562133448065,
      1.0034340470839171,
      -0.8241785704802084,
      -2.244703211576228,
      -0.32348381591281933,
      -4.294748070345425,
      -0.5553787506716832,
      -1.7361533557646163,
      4.146033231824295,
      -3.39823117932514
    ],
    [
      73.23017808347774,
      0.06864306532302132,
      -0.960001103351332,
      -4.204228326545141,
      -34.239818447693544,
      22.25267408905844,
      -37.649696888662625,
      -19.61825949858479,
      -5.543054501644814,
      4.531400987699788
    ],
    [
      -19.2120951003065,
      -0.05826432819640268,
      4.030967573867646,
      -2.0948136399064485,
      28.349358750750707,
      2.3500220828263747,
      -24.966861276200277,
      28.412521825756357,
      -83.51544728223517,
      0.5453698795304156
    ],
    [
      -1.4479204587865495,
      0.5961751181101073,
      -0.4112633279889964,
      0.3515753562244435
    ]
  ],
  "waa": [
    [
      [
        -0.08854272007126118,
        0.6817052307652316,
        0.8035905581548174,
        -0.7117176518709785,
        0.14732227939981024,
        0.12937165174332346,
        0.8030639140976114,
        -0.9141174530624928,
        -0.38622551152171447,
        -0.7648134046357211
      ],
      [
        0.6837851054434357,
        0.4528222330281263,
        0.23301428309653063,
        -0.8672147691937054,
        -0.48588232928146946,
        -0.13544465208710588,
        -0.7212618193124188,
        -0.11290725493875733,
        0.3229025064436006,
        0.1770561137996391
      ],
      [
        -0.014162709312214345,
        -0.6414668262844634,
        0.6686215494731637,
        -0.7896285693933517,
        0.3099522291939908,
        0.6651606516929549,
        -0.1752782087588884,
        0.9680369266475174,
        0.6219354040053512,
        0.1561100235176212
      ],
      [
        -0.38972137499551746,
        -0.5603436720229625,
        0.6513691950095215,
        0.31504384291246557,
        0.5496538307050519,
        -0.23201084115457016,
        -0.9903789489929229,
        0.4291779494387562,
        -0.7466582114116023,
        0.06559465739749724
      ],
      [
        -0.6488091821791846,
        -0.0005634490893038299,
        -0.014693204307893271,
        -0.2809927541336921,
        -0.0361060099963706,
        -0.5027726624603057,
        0.5689535271975071,
        -0.5854117086690499,
        -0.8900268661754975,
        0.1894738095019579
      ],
      [
        0.3721521537540309,
        -0.7575157859082763,
        -0.3287042884921294,
        -0.4197737493622471,
        -0.6828114310532963,
        -0.3506027820131736,
        0.5491135343036039,
        -0.04884443715983033,
        -0.8954437438071428,
        -0.2771320738902161
      ],
      [
        0.44439119561331514,
        -0.7199644674597638,
        -0.21961638140098663,
        -0.34658636760400385,
        0.7529781613838744,
        0.4679233308377196,
        -0.40777613118487316,
        0.7223219754525428,
        -0.0782831126645273,
        -0.3935170836634619
      ],
      [
        -0.6809230043969217,
        -0.2928658740885637,
        0.34745340210824893,
        -0.7817516683040687,
        0.296565314905061,
        0.2426094221986284,
        -0.7866588440630318,
        -0.7800103323302943,
        0.5356934995823773,
        0.7826676457602785
      ],
      [
        0.21419139208475513,
        -0.3526165923423336,
        0.22333599204938395,
        -0.13866558532895754,
        0.044406205508714616,
        0.9630179596948649,
        0.7279935256165483,
        -0.7952165728390207,
        0.3802768862728504,
        -0.04502076545198799
      ],
      [
        -0.021491954168891783,
        0.8657222666573112,
        -0.4872590471235993,
        0.863415002533495,
        -0.5918736453125996,
        -0.3180019545145122,
        0.44498493010334633,
        -0.2392935862236936,
        -0.1108601892745639,
        -0.6612784613113104
      ]
    ],
    [
      [
        0.21948877646515477,
        -0.03660301520632543,
        -0.48495506684125217,
        0.5644875343508097,
        0.11074633285565415,
        0.37194047478948883,
        0.03707873345883864,
        -0.6247252303150389,
        -0.6375769662848391,
        0.6578675394437531
      ],
      [
        0.05612559913422245,
        -0.5693931099299544,
        0.5805834296206421,
        0.433501311765532,
        -1.028628248348094,
        0.5647828222297407,
        -0.21134936282641884,
        0.21380005265764324,
        -0.26493150009227484,
        0.3342764202800428
      ],
      [
        0.24101799295245738,
        0.6394442629932255,
        0.26849963651175496,
        -0.6028227767991023,
        -0.27898197269300473,
        0.3577042488496515,
        -0.28405981037827527,
        0.38375841418948525,
        0.3708427533536163,
        0.7956253801524787
      ],
      [
        0.15851159030119483,
        -0.28922313078217304,
        0.5100952886133392,
        -0.1597544897802986,
        0.09876219139354261,
        -0.06032276442976437,
        0.49444067800688446,
        0.2633694975960557,
        0.4383211768771334,
        -0.5024921685591888
      ],
      [
        -0.5326706607366275,
        -0.2859643374967405,
        -0.3833546470066282,
        -0.3686889666670771,
        -0.3907992338833515,
        0.29045314368671227,
        0.6031400737438963,
        -0.9985351799959066,
        0.3076603198566083,
        -0.2110679570894213
      ],
      [
        0.6596096663400918,
        0.7564936092557903,
        -0.5579364970587142,
        -0.1319792803992699,
        0.4744731133125851,
        -0.9882751398807532,
        0.3554656330349796,
        -0.9887627700669326,
        -0.37333399715897386,
        0.4121307530745917
      ],
      [
        -0.8599649017724798,
        -0.31067084906658016,
        -0.6048405145003278,
        -0.5379103263771841,
        -0.4760928845268485,
        0.06867481384431375,
        -0.6933044510952031,
        -0.3880692843257916,
        0.7676642049759052,
        0.7385190733657864
      ],
      [
        -0.8019631124214289,
        0.6298018217665612,
        0.22528610323568707,
        -0.22860591930738597,
        0.3014520012362139,
        0.6891642005107851,
        -0.9324527727025504,
        -0.47559964650389563,
        -0.6279273595273653,
        0.09363806838075463
      ],
      [
        0.8479044580713395,
        0.31688155407979535,
        -0.778468337940176,
        0.06496233424506892,
        0.10367746184197194,
        0.23445017204681054,
        -0.8714606482884005,
        0.3104452764306689,
        -0.6825042854129773,
        0.4752264358281004
      ],
      [
        -0.6597067518315954,
        -0.9329781215486028,
        0.355507975899602,
        -0.691433167996154,
        0.8190623653096938,
        0.2668616664560371,
        0.36529601470050366,
        0.7054981178118827,
        0.023040464645720612,
        0.860240599771121
      ]
    ],
    [
      [
        -0.5312864006761892,
        0.31599149886943056,
