{
  "a": [
    [
      0.6877363401132381,
      -0.2080831515367522,
      0.5424738552960501,
      0.6120681340638648,
      0.8266783132877624,
      -0.6000113804180505,
      -0.2994580297065141,
      0.5405841150937616,
      -0.4388123028569874,
      0.09897226717787383
    ],
    [
      -0.033720207607503924,
      0.25759325283194406,
      -0.2735749035393372,
      0.05471071132208971,
      0.8717931570723446,
      0.8250646176210614,
      0.2725498136227245,
      0.41874116828310937,
      -0.7154400025346233,
      0.19247476790375495
    ],
    [
      -1.0000454933309606,
      -0.5945918031187063,
      -0.733636054616099,
      0.5933160329620883,
      -0.687487594102911,
      -0.15745489240252003,
      -0.7169942201104238,
      -0.845835675917858,
      0.9754887076071819,
      -0.5830369522226574
    ]
  ],
  "b": [
    [
      0.7666253664243721,
      0.6764504380464051,
      -0.9389737944223019,
      -0.5641426359821146,
      0.7776780637230588,
      -4.314016415153792,
      -0.21541524120803096,
      -0.9092637608810921,
      4.012567866673811,
      -3.4752378552259
    ],
    [
      73.2150930674437,
      -1.189974902255759,
      -2.13127857076246,
      -5.165782909780907,
      -34.20785991872112,
      22.207293568432764,
      -37.63376168644297,
      -19.73083827588757,
      -5.45280378260299,
      3.2084193905104965
    ],
    [
      -19.246203518207693,
      0.5048843852873657,
      4.386463959299421,
      -2.1746738499796034,
      28.35987155658537,
      2.3735009479951144,
      -24.931436462910806,
      28.430789530864363,
      -83.49700282998349,
      0.7746046056388719
    ],
    [
      -0.9027771798814038,
      -0.02403583852237485,
      0.15372703574847377,
      1.1233377084302116
    ]
  ],
  "waa": [
    [
      [
        -0.0731120354444266,
        0.6763948690187547,
        0.8164169039337873,
        -0.6979599482560703,
        0.16653246567150073,
        0.11564870731125815,
        0.7953964718554383,
        -0.9020019271771924,
        -0.3960536573829392,
        -0.7618928108421334
      ],
      [
        0.6863129005553016,
        0.4520401165957467,
        0.23501897139208255,
        -0.864995634936173,
        -0.48283950831466876,
        -0.1376097662179929,
        -0.7224338150278661,
        -0.11096550412456793,
        0.32142793256512703,
        0.17751626905408144
      ],
      [
        -0.013338204226419348,
        -0.6418383267926392,
        0.6694158921019892,
        -0.7888928846533577,
        0.3111175662931843,
        0.6643922485360165,
        -0.17585261185791182,
        0.9686225901742235,
        0.6214922209143532,
        0.15646202316490207
      ],
      [
        -0.4328493513206505,
        -0.5512458739001523,
        0.6242589842787768,
        0.2813505905919391,
        0.5054482472613279,
        -0.19821693617198408,
        -0.9820258409771165,
        0.40378117359384574,
        -0.7269809501178802,
        0.05755184946924464
      ],
      [
        -0.6410043419370058,
        -0.0023549841864202677,
        -0.009209871803283982,
        -0.2743081192450448,
        -0.02740365485715896,
        -0.5096993040920261,
        0.5673092097772746,
        -0.5796493522235826,
        -0.8956916263874125,
        0.18984149780879797
      ],
      [
        0.3662056821512206,
        -0.75681743592737,
        -0.33179713487071,
        -0.4253421085866574,
        -0.6880434719956753,
        -0.3460839506834973,
        0.5497911168111286,
        -0.053908265970459175,
        -0.8917726058846798,
        -0.27649661195238
      ],
      [
        0.45949411052039085,
        -0.7249893846965608,
        -0.2073616717350066,
        -0.3332371230901842,
        0.7715294386393354,
        0.4546828710046683,
        -0.4150642683428847,
        0.7340318639039101,
        -0.08752312385901659,
        -0.3906122505972853
      ],
      [
        -0.7283342467704447,
        -0.27711475596544866,
        0.3124564497436201,
        -0.823361185320892,
        0.2435727174857795,
        0.28295624375545425,
        -0.7676012468977831,
        -0.8172919302312017,
        0.5658450629783943,
        0.7764489825026871
      ],
      [
        0.2043839610917735,
        -0.34984261770292185,
        0.21623021438049927,
        -0.14695323671572388,
        0.03321921797835827,
        0.9713319145004242,
        0.7319449059570367,
        -0.8022798897915269,
        0.3853595672501018,
        -0.04712028765887754
      ],
      [
        -0.020730114622794574,
        0.8655202807250645,
        -0.48668406739518283,
        0.864111022697474,
        -0.5909981338486984,
        -0.3186468251802844,
        0.44467271788837603,
        -0.2386551239289536,
        -0.11135303717232622,
        -0.6612270313627934
      ]
    ],
    [
      [
        0.21941786384963483,
        -0.03628034549286289,
        -0.485329218200427,
        0.5645579874217709,
        0.11167223029172434,
        0.37278389143224894,
        0.037295269822474005,
        -0.6243466969370676,
        -0.6383782018423292,
        0.6581177917117507
      ],
      [
        0.051008955433229766,
        -0.5455412867707378,
        0.5527934427535338,
        0.43951132042455077,
        -0.9589132831164744,
        0.6306356452662755,
        -0.19490426073329745,
        0.24361479502777106,
        -0.32688706776278326,
        0.35397552158736156
      ],
      [
        0.238280283498041,
        0.6510581056019353,
        0.25455394898604816,
        -0.5996148024804498,
        -0.24830784207743292,
        0.3876048320302283,
        -0.27834714514316017,
        0.39639767886797067,
        0.3416586294700927,
        0.8062902640544174
      ],
      [
        0.19247719519285636,
        -0.41888711051000094,
        0.6727856755583054,
        -0.1977035323692785,
        -0.2375564506163571,
        -0.37784991414305724,
        0.43715621134022153,
        0.13475509287319498,
        0.759532196709804,
        -0.6182108182131669
      ],
      [
        -0.532651193487409,
        -0.2857951277478338,
        -0.3834881480536331,
        -0.3687079639978496,
        -0.38985013801427304,
        0.29116831510786445,
        0.6035872938696623,
        -0.9980676363683926,
        0.3071370029093741,
        -0.2111102236915313
      ],
      [
        0.6596193325266497,
        0.7565403942488179,
        -0.5579660012133467,
        -0.13198229592635996,
        0.47476366799443787,
        -0.9880383069050248,
        0.3556101668127612,
        -0.9886071992319226,
        -0.37350054731027066,
        0.4121186224041729
      ],
      [
        -0.859965455397499,
        -0.31071222944554067,
        -0.6048034666853184,
        -0.5379103690179509,
        -0.4762823940815735,
        0.06852245952219434,
        -0.6933835641178021,
        -0.38816113971879473,
        0.7677831452413585,
        0.7385123815068656
      ],
      [
        -0.8019553260275628,
        0.6278313692769247,
        0.22701042130068336,
        -0.22873661875009274,
        0.2921846114753394,
        0.681256378648151,
        -0.9363853356724673,
        -0.4802934261982374,
        -0.6218118743239296,
        0.09310849701092076
      ],
      [
        0.8476857462820303,
        0.3167016571805921,
        -0.7788380891338265,
        0.06542291007765919,
        0.09915010959056167,
        0.23177690930556788,
        -0.8745618317176884,
        0.308104250159618,
        -0.68128971396186,
        0.47667388956498064
      ],
      [
        -0.659772787568183,
        -0.9327904978941928,
        0.35524785335817083,
        -0.6913874311109264,
        0.8194717166135502,
        0.26720112745771607,
        0.36531663329467345,
        0.705602242661739,
        0.022637936013271114,
        0.8604122717058009
      ]
    ],
    [
      [
        -0.5328287505574316,
        0.3148967545010662,
