{
  "a": [
    [
      0.6824559246225709,
      -0.216963814992106,
      0.5614842420049856,
      0.6014112662229089,
      0.8265626387834731,
      -0.6047691028713954,
      -0.33204699456908954,
      0.5517539156542846,
      -0.4412898699227876,
      0.1109819794814913
    ],
    [
      -0.04619974739672351,
      0.24953225204591276,
      -0.2712309316799965,
      0.03289985939912138,
      0.9033277342067094,
      0.8272992296385556,
      0.2773859642598839,
      0.4325470555783121,
      -0.7158592009073137,
      0.20802350049531704
    ],
    [
      -0.9868423663330442,
      -0.5385890941912501,
      -0.7195097253595107,
      0.5918027164689897,
      -0.6857706528272935,
      -0.1895631736056989,
      -0.7225392099600634,
      -0.796870771216316,
      0.9992081023799496,
      -0.5856586005275856
    ]
  ],
  "b": [
    [
      -0.05595680640581045,
      0.6178914829364016,
      -0.6983847261159154,
      -0.11822117048373534,
      0.3983353244139053,
      -4.298574086570733,
      -0.3129761872104421,
      -0.39077175283451515,
      4.035755195355067,
      -3.2584793798030014
    ],
    [
      73.20674563484535,
      -1.1331850160156645,
      -2.247384492128478,
      -5.119056732443558,
      -34.21332844594805,
      22.202789190288424,
      -37.62518366134876,
      -19.745392027251526,
      -5.45872096251708,
      2.6818173768677434
    ],
    [
      -19.2473721632006,
      0.46099497682497437,
      4.434379621518507,
      -2.3328044420500103,
      28.36029580648396,
      2.289905978078695,
      -24.92163174211564,
      28.43012207211065,
      -83.49645267314949,
      1.0062368341963661
    ],
    [
      -0.9113329244009326,
      -0.1982471353958835,
      0.5069027802232269,
      -0.14705377928063806
    ]
  ],
  "waa": [
    [
      [
        -0.07622044094966778,
        0.6773708944685694,
        0.8140262118543786,
        -0.700655477114618,
        0.16284302432556985,
        0.11827210078268871,
        0.7968453927690303,
        -0.904480504905946,
        -0.3941607848217385,
        -0.7623413256931881
      ],
      [
        0.6957756611887718,
        0.44916751097920093,
        0.24245008582874975,
        -0.8567662825689593,
        -0.47163459744792535,
        -0.14572523810142618,
        -0.726818219435539,
        -0.10347816968031412,
        0.3156138007874571,
        0.17893479247725308
      ],
      [
        -0.0062071051195104416,
        -0.6441696696348592,
        0.6751625623852742,
        -0.7826812073198454,
        0.3197292582176162,
        0.6582410822467328,
        -0.17933332190702966,
        0.974425635668619,
        0.6169942442161888,
        0.15756623125592675
      ],
      [
        -0.4196712275960998,
        -0.5555074378166587,
        0.6347912541478484,
        0.2928470185341209,
        0.5213957678243016,
        -0.20963931426278695,
        -0.9883075524902248,
        0.41438758355593086,
        -0.7354362840914054,
        0.059512449709862525
      ],
      [
        -0.6395317377900394,
        -0.002825805833894265,
        -0.008153276233719035,
        -0.2731329568245699,
        -0.02560079891375066,
        -0.5110145724083661,
        0.5667501182981073,
        -0.5785484622896591,
        -0.8967430160724904,
        0.1900288388156656
      ],
      [
        0.3671835027360571,
        -0.7571178169237194,
        -0.33103208387884,
        -0.42449205645641286,
        -0.6868775443347938,
        -0.34692846915267883,
        0.5493433141070077,
        -0.05313848729998981,
        -0.8923878696330833,
        -0.27635274462175313
      ],
      [
        0.4558171756699993,
        -0.7237270342639298,
        -0.21072736625405514,
        -0.3365997462211264,
        0.7669415924815428,
        0.45807396283982976,
        -0.41298590711817107,
        0.7308798242344745,
        -0.08505270648997101,
        -0.3913220709772869
      ],
      [
        -0.7249660806770205,
        -0.2781441518982609,
        0.3151171649782074,
        -0.8204158489030295,
        0.24758982158713874,
        0.280047470167614,
        -0.7691565089193133,
        -0.8146307325579538,
        0.5637422618080845,
        0.7769521843710353
      ],
      [
        0.20375809006869508,
        -0.3496295618302748,
        0.21571192363976346,
        -0.14750668384263987,
        0.0324475651519804,
        0.9718801157251029,
        0.732263662735077,
        -0.8028027305757451,
        0.3857657603333159,
        -0.04721912620514462
      ],
      [
        -0.01799651984039654,
        0.8646861700647835,
        -0.4845318909902053,
        0.8664911926400157,
        -0.5877581367039496,
        -0.3209917585962075,
        0.4434003047001647,
        -0.23648573503637751,
        -0.11303305421626214,
        -0.6608152501934441
      ]
    ],
    [
      [
        0.21942690904569978,
        -0.036357438753763675,
        -0.48524720339483873,
        0.5645430997743147,
        0.1114137521379241,
        0.372541521080132,
        0.03721562314346873,
        -0.6244704935871406,
        -0.6381676447217677,
        0.6580605612807399
      ],
      [
        0.05143372497305954,
        -0.5486817063526284,
        0.5561535102873494,
        0.4389641934560825,
        -0.9696386777334264,
        0.620673649302348,
        -0.19821605850457577,
        0.2384929252973885,
        -0.31824385877941735,
        0.35158790966267023
      ],
      [
        0.23819094337514554,
        0.6516694204528981,
        0.2539257118843134,
        -0.5995149061625744,
        -0.2462350454329031,
        0.3895729328318986,
        -0.2777176466672433,
        0.39740740630573845,
        0.3399641643464018,
        0.8067833657608879
      ],
      [
        0.1923987478967966,
        -0.41838799979154306,
        0.6722500716114964,
        -0.19762569179308875,
        -0.2358101734360786,
        -0.37623420158230053,
        0.4376940850940037,
        0.13559167596357496,
        0.7581334377387416,
        -0.6178141611392662
      ],
      [
        -0.5326489780447631,
        -0.2858132512846564,
        -0.38346883171520907,
        -0.3687112334076813,
        -0.3899112852804802,
        0.2911112987087159,
        0.6035685189542991,
        -0.9980968909656193,
        0.3071865285573127,
        -0.2111238387329986
      ],
      [
        0.6596141767922967,
        0.7565628292874662,
        -0.5579921705591891,
        -0.13197965973357761,
        0.4748518472828577,
        -0.9879581937392766,
        0.3556378074660214,
        -0.9885644443519931,
        -0.37356960098074715,
        0.4121397583535715
      ],
      [
        -0.8598640605133427,
        -0.31126120088877207,
        -0.6042149630421741,
        -0.5379778520141341,
        -0.47825577333099745,
        0.06670371981190121,
        -0.6939865079117771,
        -0.3891132099828145,
        0.7693509947195388,
        0.738045364236674
      ],
      [
        -0.8021634892247299,
        0.6289225663416892,
        0.22583969773637266,
        -0.2286082603527009,
        0.2961330170186456,
        0.6848937247051502,
        -0.9351806725273003,
        -0.47838571765329274,
        -0.6249454617907291,
        0.0940496330973794
      ],
      [
        0.8475710682053685,
        0.31765004021489124,
        -0.7798495506529686,
        0.06561763142204256,
        0.10234896399253651,
        0.23479479499143166,
        -0.8735720253569075,
        0.30964098704676674,
        -0.6839112016725656,
        0.4773841263357808
      ],
      [
        -0.6606834368106205,
        -0.9274381075859852,
        0.3493109728217113,
        -0.6905643509252355,
        0.8388463516603862,
        0.28507719056587083,
        0.37134073896250414,
        0.7149498054530646,
        0.007187915597734417,
        0.8648916944591862
      ]
    ],
    [
      [
        -0.5327966529682223,
        0.3149159368360626,
