{
  "a": [
    [
      0.6890063005704454,
      -0.21697723290482998,
      0.548291084867959,
      0.6182850953649922,
      0.834402223532762,
      -0.5968980084347392,
      -0.3169761646630824,
      0.5530362224730045,
      -0.43923372808512845,
      0.09811262278507615
    ],
    [
      -0.03202345230627137,
      0.2590769984489364,
      -0.2709527846938629,
      0.053552004093128006,
      0.867312266685771,
      0.8295233022344548,
      0.26979975327031636,
      0.4218239258646746,
      -0.715665606998795,
      0.19827964381795993
    ],
    [
      -1.0203975929182987,
      -0.6274526426226813,
      -0.7374446241535856,
      0.589637946903592,
      -0.6863788581053913,
      -0.14320387313707061,
      -0.7072291535942196,
      -0.8752947609714381,
      0.9660145560296942,
      -0.5942014747446792
    ]
  ],
  "b": [
    [
      0.7677188554772717,
      0.6555152690150722,
      -0.9586969246624374,
      -0.6199203048752681,
      0.8859842290810104,
      -4.309774540838693,
      -0.20253456063833636,
      -0.9972689117352185,
      4.015459982619794,
      -3.477670014567344
    ],
    [
      73.21540118095723,
      -1.2091081214146342,
      -2.1362936775421355,
      -5.17773371190218,
      -34.20926610537217,
      22.206407061585214,
      -37.633241310713714,
      -19.731603382633438,
      -5.4523348883725244,
      3.208491457970013
    ],
    [
      -19.246164580158585,
      0.41632242517241086,
      4.219775558884282,
      -2.1819216375854884,
      28.359810859626357,
      2.3655237986389768,
      -24.933371992649352,
      28.430737372168668,
      -83.49723273135375,
      0.8313783482349365
    ],
    [
      -0.9250171760444819,
      -0.6145207594816019,
      0.13609177084290597,
      1.1234127882390266
    ]
  ],
  "waa": [
    [
      [
        -0.0739767808406354,
        0.6766583090469082,
        0.8157347250644311,
        -0.6987271320634179,
        0.16548801008600372,
        0.11640833583876303,
        0.7957675385692382,
        -0.9026798194698674,
        -0.39549317792415084,
        -0.7620175369956512
      ],
      [
        0.6859728059963827,
        0.4521469435906265,
        0.23474861045655218,
        -0.8653005448605696,
        -0.4832507250363112,
        -0.13731524813244142,
        -0.7222772719488915,
        -0.11123834550697823,
        0.3216442851971304,
        0.17746775955358798
      ],
      [
        -0.013300206051497602,
        -0.6418493111830172,
        0.669445504444824,
        -0.7888596978249521,
        0.31116333571302257,
        0.6643581730809478,
        -0.1758670921208802,
        0.9686512951998166,
        0.6214669623188999,
        0.15646759403471733
      ],
      [
        -0.4249519953874555,
        -0.5536634323728314,
        0.6304968575339928,
        0.28837002277905066,
        0.5149867396736709,
        -0.20513626129021115,
        -0.9854571917525383,
        0.4099966445522978,
        -0.7320808378763708,
        0.05868873288280224
      ],
      [
        -0.646868152209967,
        -0.0005549237290343784,
        -0.013841592353132376,
        -0.27951206286478614,
        -0.03450075867518516,
        -0.5045462262563709,
        0.5698402621437764,
        -0.5842575049622389,
        -0.8918800009556298,
        0.18899550894745823
      ],
      [
        0.366106366223218,
        -0.7567859673958841,
        -0.3318762729670814,
        -0.4254314127885241,
        -0.6881637187453347,
        -0.3459981830823531,
        0.5498375294697367,
        -0.05398839817028581,
        -0.8917095928882758,
        -0.27651072526800713
      ],
      [
        0.4608355719676797,
        -0.7253959833144552,
        -0.20630260133402686,
        -0.33204117165378155,
        0.7731411271604502,
        0.4535147956643334,
        -0.4156532292547115,
        0.7350892803115978,
        -0.08837639389526475,
        -0.3904197595974297
      ],
      [
        -0.7285161833083686,
        -0.27705745996330705,
        0.31231164980547077,
        -0.8235247917722297,
        0.2433533442491228,
        0.2831124643016329,
        -0.7675154229847042,
        -0.8174388236993979,
        0.565958934491232,
        0.7764231107654859
      ],
      [
        0.2044511417153281,
        -0.34986448377106444,
        0.2162841136034772,
        -0.14689236838197126,
        0.03330092580983752,
        0.9712742952156204,
        0.7319120323754446,
        -0.8022247123323429,
        0.38531716342354205,
        -0.04711083017544166
      ],
      [
        -0.020894055672287703,
        0.8655717268782349,
        -0.4868143618758327,
        0.8639640921727103,
        -0.5911963521294722,
        -0.31850478842668495,
        0.44474801587837764,
        -0.23878654970958135,
        -0.11124868180485956,
        -0.6612504237636945
      ]
    ],
    [
      [
        0.21941719154829373,
        -0.036275266689416566,
        -0.485334598585332,
        0.5645590645473768,
        0.11168940691589352,
        0.37280015987178694,
        0.037300648741595215,
        -0.6243384431028556,
        -0.6383922977540631,
        0.6581215880355119
      ],
      [
        0.05088731817038066,
        -0.5446013693499631,
        0.5517958740879634,
        0.4397118401837399,
        -0.9557376050187729,
        0.6336444392994668,
        -0.1939132860578783,
        0.2451417666250549,
        -0.32949641115300926,
        0.35467896195725573
      ],
      [
        0.2381178312459604,
        0.6523116674486367,
        0.25322200916409193,
        -0.5993466736817096,
        -0.2440700402889491,
        0.39161772059178307,
        -0.2770247961147792,
        0.3984340073660553,
        0.33817710665876766,
        0.8072272787231395
      ],
      [
        0.1924928332823954,
        -0.4190071140640686,
        0.6729126490299574,
        -0.19772895638609264,
        -0.2379616832636433,
        -0.37823428256530023,
        0.43702957031918144,
        0.13455997564539873,
        0.7598651275937368,
        -0.6183008700093608
      ],
      [
        -0.5326465051092248,
        -0.28583029042137836,
        -0.3834508446799988,
        -0.3687154437484004,
        -0.3899691956954688,
        0.2910556680784301,
        0.6035499845101217,
        -0.9981247748532607,
        0.307234652276445,
        -0.2111364426190103
      ],
      [
        0.6596201844167318,
        0.7565340266081014,
        -0.5579592442461648,
        -0.13198365137254708,
        0.47474210049057125,
        -0.9880587073452134,
        0.3556034056477075,
        -0.9886175461698051,
        -0.3734828615325447,
        0.4121138778384744
      ],
      [
        -0.8599660886219644,
        -0.310707618350626,
        -0.6048083874397626,
        -0.537909376584241,
        -0.47626670863004233,
        0.06853723508766264,
        -0.69337863455058,
        -0.3881536527839407,
        0.767770311449347,
        0.7385157827870691
      ],
      [
        -0.8019545617705464,
        0.6278251749666195,
        0.2270168941206389,
        -0.22873789737453257,
        0.29216388611392285,
        0.6812365514162028,
        -0.9363917828097824,
        -0.48030350852114756,
        -0.6217947721138324,
        0.09310375719138766
      ],
      [
        0.8476698932146012,
        0.31682514258780414,
        -0.778968195613481,
        0.06544906065478824,
        0.09956556603599034,
        0.23217218518505478,
        -0.8744322897586138,
        0.3083049641353642,
        -0.6816317536365176,
        0.4767671052302921
      ],
      [
        -0.6597737682690717,
        -0.9327793211512444,
        0.35523694346198526,
        -0.691385427643264,
        0.8195072664788382,
        0.26723668973675335,
        0.3653274234396766,
        0.7056204795983555,
        0.022607918810272378,
        0.8604216204611417
      ]
    ],
    [
      [
        -0.5328341952822582,
        0.3148934780607728,
