{
  "a": [
    [
      0.6599843034797991,
      -0.23483607672749082,
      0.5240418623433847,
      0.5712020720752291,
      0.7920521523786705,
      -0.57091848800044,
      -0.31457383753058704,
      0.4846120408598072,
      -0.37641373775224535,
      0.1581717988584575
    ],
    [
      0.022017640758255994,
      0.11227222334252003,
      -0.0658376387538328,
      -0.033978076568812104,
      0.795201429827556,
      0.5563729352451612,
      0.41991374692470534,
      0.3922770968816505,
      -0.3738148258546271,
      -0.0993963115856335
    ],
    [
      -1.0504893021469077,
      -0.7350451507489443,
      -0.8016432749202529,
      0.6755405669997117,
      -0.6689472106269977,
      -0.11838511709723035,
      -0.6639149847532618,
      -1.0187749976572884,
      0.9376747274455265,
      -0.6017008809186171
    ]
  ],
  "b": [
    [
      0.7211082583357638,
      0.6739551947879093,
      -0.9183995875426963,
      -1.5071449979790519,
      0.5229579806566577,
      -4.29520293153963,
      -0.2605897060066942,
      -1.307623166054921,
      4.113469877545961,
      -3.418634008925069
    ],
    [
      73.22615455475868,
      -0.003706236907608004,
      -0.9306731036760901,
      -4.670747492391099,
      -34.21713209590319,
      22.229961219043847,
      -37.654548526705675,
      -19.69331347737672,
      -5.364441577654973,
      4.558411731387773
    ],
    [
      -19.214190494293135,
      -0.02477905477073933,
      4.117992104318607,
      -2.405446836055464,
      28.3540292430099,
      2.157082560410697,
      -24.949491974527355,
      28.39662339360132,
      -83.51428959466101,
      0.5133078033997462
    ],
    [
      -1.6040878169455834,
      -0.10655580398345478,
      -0.32977743999710574,
      0.488273232847125
    ]
  ],
  "waa": [
    [
      [
        -0.08875638442351863,
        0.6817526706470999,
        0.8034456331148605,
        -0.7118751007075907,
        0.14708699852431262,
        0.12953124500961882,
        0.8031401694307143,
        -0.9142453108055517,
        -0.38615966473661056,
        -0.7648734215901547
      ],
      [
        0.6843676163206441,
        0.4526301771682843,
        0.2334887296463575,
        -0.8667455182919097,
        -0.4851547007145188,
        -0.13593332628620855,
        -0.7215590847987848,
        -0.1125222615296002,
        0.3226439995882816,
        0.1772456971859504
      ],
      [
        -0.012720593984074378,
        -0.6420316120457888,
        0.6699067808119197,
        -0.7883370197968472,
        0.3118617806763773,
        0.6638559685724642,
        -0.17613440554506474,
        0.9691154457311804,
        0.6211012664194595,
        0.1565535125637453
      ],
      [
        -0.44104504363434394,
        -0.5402487646733628,
        0.6060817464241672,
        0.26865786228020233,
        0.4823316966738454,
        -0.18527903496374928,
        -0.9608061804267687,
        0.39059796420920845,
        -0.7159222996535699,
        0.050553164061600056
      ],
      [
        -0.6509794567240519,
        0.0002557357532405345,
        -0.016590265083497466,
        -0.28289150525956863,
        -0.03894402206136418,
        -0.5008421602922738,
        0.5702022295676058,
        -0.5869914642204324,
        -0.8888398052661955,
        0.18879632990916734
      ],
      [
        0.3800205270332526,
        -0.7612111271937945,
        -0.321040712561036,
        -0.41317012625431304,
        -0.671633756612346,
        -0.35798790455181545,
        0.5435732070430066,
        -0.04336693392250754,
        -0.8998560798686299,
        -0.2738511321262856
      ],
      [
        0.44578226119439157,
        -0.7205461798411517,
        -0.2183315378172827,
        -0.3453164119872781,
        0.7548685103287338,
        0.4666339366625965,
        -0.40865345161002586,
        0.723385320651532,
        -0.07913517533124469,
        -0.3930760467354737
      ],
      [
        -0.6906223961655543,
        -0.2905826923878369,
        0.34365804713793024,
        -0.7885752632637587,
        0.29003791733879886,
        0.24937409370154773,
        -0.7866553621660393,
        -0.786452892219022,
        0.5409338277752925,
        0.7829875239155247
      ],
      [
        0.21418543719093427,
        -0.352614788858388,
        0.22332843332550167,
        -0.13867264167645846,
        0.044394853194513535,
        0.9630240126846734,
        0.7279994129139132,
        -0.7952217318713344,
        0.38027987027869703,
        -0.045023793607478685
      ],
      [
        -0.021694591200470178,
        0.8658157291988514,
        -0.4874570305374863,
        0.8632234053901193,
        -0.5921604757290708,
        -0.31780638134747796,
        0.44512490743413496,
        -0.23945458489698396,
        -0.11072382488963603,
        -0.6613453380934032
      ]
    ],
    [
      [
        0.2194804933312383,
        -0.036636055110630936,
        -0.48493703976128183,
        0.5644973176872611,
        0.1105189410457536,
        0.37177521224937854,
        0.03696103209011625,
        -0.624841364423048,
        -0.6374663578228954,
        0.6578922009363746
      ],
      [
        0.05591576010217974,
        -0.5706415243394486,
        0.5812835057256861,
        0.43389897297198043,
        -1.0374466277103527,
        0.5586304766240049,
        -0.21602950128363138,
        0.20945804065640122,
        -0.26082881708789984,
        0.3353858443389073
      ],
      [
        0.24088579923723272,
        0.6387085266844948,
        0.2689271084936128,
        -0.6025910705259763,
        -0.28418753287722004,
        0.3540871298311257,
        -0.2868182074884862,
        0.38120137938291726,
        0.3732644939244674,
        0.7962845003497604
      ],
      [
        0.15850836270868177,
        -0.2892379613671495,
        0.5101031631551429,
        -0.15975004231056397,
        0.09866016407904975,
        -0.06039671387448857,
        0.4943878424758513,
        0.26331775454401823,
        0.43837061054766935,
        -0.5024808784675382
      ],
      [
        -0.532640775318579,
        -0.2858485950697402,
        -0.3834208960534758,
        -0.3687233793666474,
        -0.3900006018595282,
        0.29102759684132995,
        0.6035541656734722,
        -0.9981299941669621,
        0.3072745667884076,
        -0.21115683853099027
      ],
      [
        0.6596230268259594,
        0.7565495807223618,
        -0.5579687095022037,
        -0.13199607290151588,
        0.4748610918760457,
        -0.9879982710031299,
        0.35566759286844685,
        -0.9885676424455325,
        -0.3735200194821541,
        0.41208621093959236
      ],
      [
        -0.8599698616483926,
        -0.31068931385080467,
        -0.6048299050114379,
        -0.5379048331921987,
        -0.4762211928796751,
        0.06858261123743159,
        -0.6933713074090387,
        -0.3881345527444656,
        0.767726035520413,
        0.7385333753138751
      ],
      [
        -0.8021238717111449,
        0.6291511318793486,
        0.22564136447452562,
        -0.22841250081588954,
        0.29696044045564923,
        0.685907014371359,
        -0.934782653787012,
        -0.47789011150369864,
        -0.6257484531644132,
        0.09412929718878711
      ],
      [
        0.8478913019389941,
        0.31640498288844976,
        -0.7781973382270431,
        0.06512896366128285,
        0.10013369471344166,
        0.23211299993196538,
        -0.8734219478430834,
        0.30879144493260563,
        -0.6809604209658108,
        0.4757645265970426
      ],
      [
        -0.6597321089734295,
        -0.933078661955345,
        0.35556570311998403,
        -0.6914035250765669,
        0.8183659385448138,
        0.2663617979811339,
        0.3649342094097084,
        0.7051458879514285,
        0.02337641540658637,
        0.8603192401381887
      ]
    ],
    [
      [
        -0.531313278347169,
