{
  "a": [
    [
      0.6870421719445504,
      -0.22606470583894797,
      0.550021587204346,
      0.6021989840175855,
      0.8391331154265159,
      -0.6032888055244454,
      -0.33409372821435745,
      0.5558773665816883,
      -0.45070939049856584,
      0.10374858247210861
    ],
    [
      -0.044297032911500785,
      0.24426046363199266,
      -0.27362293379902475,
      0.03577981017580764,
      0.8980836773565352,
      0.8253705007417865,
      0.2795957954700708,
      0.43334787570744643,
      -0.7131838505979136,
      0.2087906471652736
    ],
    [
      -1.0332664813707513,
      -0.5996266395868236,
      -0.7703593907336634,
      0.6310182599993261,
      -0.6733210187786103,
      -0.21444638116434755,
      -0.6585382499661157,
      -0.8633537436048324,
      1.0063842081714773,
      -0.6298071627353795
    ]
  ],
  "b": [
    [
      0.14216467750785602,
      0.589762191041809,
      -0.8910279735838184,
      -0.12204918897936301,
      0.5539023482990869,
      -4.303656836845254,
      -0.23792630447920454,
      -0.45934391736697133,
      4.020939701735374,
      -3.284745933240519
    ],
    [
      73.2116330981791,
      -1.1545445495406774,
      -2.1369532807437075,
      -5.133593609922477,
      -34.210569230695896,
      22.20672714166941,
      -37.628713460399425,
      -19.726016708599946,
      -5.423388967918011,
      2.7903414000600386
    ],
    [
      -19.245394719580663,
      0.29559389383407003,
      4.105153822959002,
      -2.238234733741606,
      28.360135845734646,
      2.181509655510308,
      -24.92942422848203,
      28.430285520724603,
      -83.49701711230038,
      0.6779005709149942
    ],
    [
      -1.038011914886825,
      -0.6775969960477071,
      0.40011724563691486,
      1.1211725865030704
    ]
  ],
  "waa": [
    [
      [
        -0.07664079586326109,
        0.6774653350626685,
        0.8136456195695574,
        -0.7010415823261128,
        0.16234227799532347,
        0.11868688065973017,
        0.7970256620224353,
        -0.9047885701585312,
        -0.39386817502374183,
        -0.7624185735818368
      ],
      [
        0.6939468646280673,
        0.44977599795716505,
        0.24097440417476965,
        -0.8583574742368337,
        -0.4738533618408509,
        -0.14414134241287202,
        -0.7259153912786683,
        -0.10497815855040102,
        0.31678036033088036,
        0.17865042802700395
      ],
      [
        -0.011912901906924936,
        -0.6422503113150567,
        0.6705202315382991,
        -0.7876562531549988,
        0.31277982380437186,
        0.6631808335922529,
        -0.176492689067592,
        0.9697319045107045,
        0.6206414856311131,
        0.1566736389707237
      ],
      [
        -0.42083389309610086,
        -0.5550828627131719,
        0.6337897211031932,
        0.29183154411612794,
        0.5199578446475774,
        -0.20864822543574757,
        -0.9876792639700853,
        0.4133914072986454,
        -0.7346986801498215,
        0.05932139915816258
      ],
      [
        -0.6367711136003583,
        -0.003774805927178921,
        -0.005911185583171088,
        -0.2707308236237154,
        -0.0222243752995247,
        -0.5133879344160525,
        0.5653638816021278,
        -0.5762671986900343,
        -0.8985070662021266,
        0.19045495689068376
      ],
      [
        0.36693885184617137,
        -0.7570395202472933,
        -0.3312240581506266,
        -0.4247051273252167,
        -0.6871742016955379,
        -0.3467139202798932,
        0.5494569314804779,
        -0.05333111176040267,
        -0.8922269482239071,
        -0.2763885442307896
      ],
      [
        0.46864455070424604,
        -0.7278635458249644,
        -0.20020189608390265,
        -0.3253340012346653,
        0.7825103965085124,
        0.4467761734433152,
        -0.4192517973322392,
        0.7412813558688989,
        -0.09334030934099169,
        -0.3892728948193747
      ],
      [
        -0.7248740372723517,
        -0.2781762529746752,
        0.3151832215798678,
        -0.8203357198132801,
        0.2477013011134874,
        0.27997095310730197,
        -0.769197971325305,
        -0.8145560776610339,
        0.5636821103591653,
        0.7769621500671516
      ],
      [
        0.20326786489201265,
        -0.34947586633589967,
        0.2153333404008076,
        -0.14793234009869285,
        0.03185411753768194,
        0.9723114009796349,
        0.7324836369386318,
        -0.8031807746587334,
        0.3860920600699038,
        -0.047288092969701476
      ],
      [
        -0.01851949302401721,
        0.8648623217956026,
        -0.4849581582751799,
        0.8660342951880211,
        -0.5883924372707097,
        -0.32054017170587906,
        0.44366306737417954,
        -0.23691986020855957,
        -0.11270314279178575,
        -0.6608988919439504
      ]
    ],
    [
      [
        0.21942625925757384,
        -0.036353829302885575,
        -0.4852511516297726,
        0.5645435979044799,
        0.11142681275659323,
        0.3725535228967648,
        0.03721965034021103,
        -0.6244642152459224,
        -0.6381780187152293,
        0.6580635876423794
      ],
      [
        0.05131349648526174,
        -0.5480147334233818,
        0.5554307032866477,
        0.43905384536897407,
        -0.9672388859349927,
        0.622879007941062,
        -0.1974791722282001,
        0.23964497263445128,
        -0.32015041741720196,
        0.35214399658318407
      ],
      [
        0.2382674706214168,
        0.6512483388118916,
        0.25436218710538255,
        -0.5995609423858422,
        -0.24771991979298993,
        0.38818825011657115,
        -0.27816566807528403,
        0.39668318322628,
        0.3411511229445942,
        0.8064179903961577
      ],
      [
        0.19245333034225004,
        -0.4186906025797675,
        0.6725770932943956,
        -0.19766590229870395,
        -0.23689757860108238,
        -0.3772333873414891,
        0.43736032452898593,
        0.13506978265348976,
        0.7589969959505918,
        -0.6180659830783533
      ],
      [
        -0.5326495632678091,
        -0.2858100624660204,
        -0.3834723023523792,
        -0.36871081036927855,
        -0.3898997380758306,
        0.29112190221247014,
        0.6035720697829489,
        -0.9980913418331205,
        0.3071773657708351,
        -0.2111211566739519
      ],
      [
        0.6596201306232826,
        0.7565293666864799,
        -0.5579546974401294,
        -0.13198468690160375,
        0.4747292728553957,
        -0.9880707848985814,
        0.35559963457556265,
        -0.9886234587874551,
        -0.37347219147856037,
        0.4121114538364889
      ],
      [
        -0.8599684773495442,
        -0.31068656402935774,
        -0.6048307901857356,
        -0.5379049450947487,
        -0.4761960731524708,
        0.06860437339871815,
        -0.6933569038920033,
        -0.3881194937695316,
        0.7677120327443051,
        0.7385316980365696
      ],
      [
        -0.8019361168369059,
        0.6276702458576388,
        0.22718145001653622,
        -0.22876729444455837,
        0.29164594516086234,
        0.6807532743054104,
        -0.9365521053975674,
        -0.480550157722112,
        -0.6213748438707097,
        0.0929906087462559
      ],
      [
        0.8475756560076557,
        0.3176261745394295,
        -0.7798235412163247,
        0.06561465646933423,
        0.10226168876872821,
        0.23471491923429458,
        -0.8735988439799167,
        0.30959907839390094,
        -0.6838421981414737,
        0.47736384816155164
      ],
      [
        -0.6606393598863775,
        -0.9276241989560061,
        0.34953013792398935,
        -0.6905857545320253,
        0.8381063994775071,
        0.2844089196610111,
        0.37110775522758077,
        0.7145924817549784,
        0.007764469356861605,
        0.8647165974154387
      ]
    ],
    [
      [
        -0.5328261660917352,
