{
  "a": [
    [
      0.5222376473869285,
      -0.32698747499387143,
      0.6450994200322857,
      0.4886941749269851,
      0.8857253078032356,
      -0.5534521520433652,
      -0.5526776418431034,
      0.42436119122652594,
      -0.36009015278626966,
      0.2826574535458316
    ],
    [
      0.057057872451985236,
      0.12033200939892921,
      -0.07775828842341065,
      -0.027302430154835425,
      0.7706539957020924,
      0.594235155366827,
      0.3638720041527812,
      0.41414663551133074,
      -0.4140565733415503,
      -0.057392632225238195
    ],
    [
      -1.1014655385054841,
      -0.7997375991006741,
      -0.7762284614523534,
      0.6099353093883926,
      -0.684109696892772,
      -0.05596930440640447,
      -0.6518860842397062,
      -1.051062503799394,
      0.9282458223616727,
      -0.6488251501397929
    ]
  ],
  "b": [
    [
      0.5485120772358102,
      1.8968472241994578,
      -0.6820503006846979,
      -3.2420896794432217,
      -0.3946202771437586,
      -4.2561398255688285,
      -0.8116666860184812,
      -2.6981350605966887,
      4.261715383758409,
      -3.2942328048647296
    ],
    [
      73.22873496526002,
      0.09468336947211846,
      -0.9012106321034021,
      -3.957591257573284,
      -34.26469173655661,
      22.272133954067023,
      -37.640384525901815,
      -19.53884960585718,
      -5.472374052676444,
      4.491397358289536
    ],
    [
      -19.209485600316235,
      -0.17593823089501093,
      3.693107146519736,
      -1.809091317355923,
      28.342079674448676,
      2.239599459657494,
      -24.99327233337303,
      28.443771752902762,
      -83.51837470194177,
      0.5544169146958211
    ],
    [
      -1.4440496990244296,
      0.7238475931843433,
      -0.22196819472737495,
      0.8815875048426882
    ]
  ],
  "waa": [
    [
      [
        -0.09113376918358179,
        0.6831345371156886,
        0.8006848790188723,
        -0.7141289765425483,
        0.14322445310494558,
        0.13201273344963735,
        0.8054016412611644,
        -0.9161515859615113,
        -0.38448760475836197,
        -0.7660087749292289
      ],
      [
        0.6907148389593486,
        0.449136895228146,
        0.24060253147371183,
        -0.8606799603744824,
        -0.47513410735567835,
        -0.1424454333407172,
        -0.7272366041499111,
        -0.10739551125482745,
        0.31821649961791554,
        0.18004284993496567
      ],
      [
        -0.011978100388316273,
        -0.6430906831569777,
        0.6716737187951393,
        -0.7877102638056939,
        0.31411383987069946,
        0.6626898065496151,
        -0.17806350659990758,
        0.9696421520635367,
        0.6204729695707898,
        0.1577037112390171
      ],
      [
        -0.374012663640695,
        -0.5692731707834188,
        0.6694311219853816,
        0.328539663411373,
        0.5750198320691429,
        -0.24791275604614404,
        -1.0053339266947776,
        0.4404891937516123,
        -0.7559525607388425,
        0.07417427491949308
      ],
      [
        -0.6544864419358608,
        0.002465298143206228,
        -0.020925687608041053,
        -0.2863475487523446,
        -0.04492392757610269,
        -0.49703230862028586,
        0.5738717989834387,
        -0.5899343495603357,
        -0.886186034559566,
        0.1870163760929894
      ],
      [
        0.37560131881703834,
        -0.7587806966276964,
        -0.3256909891979916,
        -0.4164368761503653,
        -0.6783105431914392,
        -0.3537369835175639,
        0.5470496398555045,
        -0.04603844037000567,
        -0.8976479619710107,
        -0.27631502969912114
      ],
      [
        0.4441103176456001,
        -0.7194902879842551,
        -0.2203851592748392,
        -0.34674013570186973,
        0.7520114094153126,
        0.4683828239333264,
        -0.4068951049430498,
        0.7221867863527973,
        -0.07811510035254446,
        -0.39409618883743436
      ],
      [
        -0.5993308321836202,
        -0.32782283655004996,
        0.422484922445339,
        -0.7037345834813353,
        0.40595440047871817,
        0.1658733397864539,
        -0.8392275145822942,
        -0.7133665964405342,
        0.48014525449944295,
        0.8046661727705664
      ],
      [
        0.21415098688023076,
        -0.3526133303471037,
        0.2233181612966618,
        -0.13870876709310084,
        0.04437324583224384,
        0.9630487413755833,
        0.7279923043204706,
        -0.7952519477353889,
        0.38030467076589536,
        -0.04501310825377672
      ],
      [
        -0.02130862180837865,
        0.8656238006806755,
        -0.4870568958606795,
        0.8635868425010056,
        -0.5915890108245182,
        -0.3181866940203381,
        0.4448236520640332,
        -0.2391466976613692,
        -0.11098318211182617,
        -0.6611983518445236
      ]
    ],
    [
      [
        0.2195099410336826,
        -0.03655114967190112,
        -0.48498664140992814,
        0.5644748207038214,
        0.11108630474255049,
        0.37219922469665456,
        0.03724377528140267,
        -0.6245447158072707,
        -0.6377550095783484,
        0.6578390196371481
      ],
      [
        0.056555568856083156,
        -0.567226006705931,
        0.5793651391020211,
        0.4328534367670751,
        -1.0137756107049143,
        0.5753922632398678,
        -0.2037393885177859,
        0.22120623036404502,
        -0.2720996234083124,
        0.33257725744320144
      ],
      [
        0.24109189122557628,
        0.6399240369583152,
        0.26823032456056345,
        -0.6029702340488895,
        -0.27566088444354403,
        0.3600417692820331,
        -0.28234414349966674,
        0.38538871803730557,
        0.3692650301289845,
        0.7952236846383095
      ],
      [
        0.15857125035709044,
        -0.2890695701275033,
        0.5100071740990023,
        -0.15979255256485275,
        0.09978763118817204,
        -0.05953874230053069,
        0.49494680925980217,
        0.263916701599199,
        0.43778703243818645,
        -0.5025798317167687
      ],
      [
        -0.532648412482548,
        -0.28591654831511604,
        -0.38338474127994215,
        -0.3686998793796274,
        -0.39048481891692494,
        0.2906951784028283,
        0.6032913436454054,
        -0.9983656424227179,
        0.30749302033431825,
        -0.21109264602274305
      ],
      [
        0.6596354073246744,
        0.7565526336987678,
        -0.557973543931567,
        -0.13199320903127973,
        0.47485702887593856,
        -0.9879812128704474,
        0.35564963113728654,
        -0.9885578864436583,
        -0.37353742681225677,
        0.4120998834097441
      ],
      [
        -0.8599651447477354,
        -0.31067246882343175,
        -0.6048396474599758,
        -0.5379098143769672,
        -0.47610399980332463,
        0.06866695394988444,
        -0.6933102217247794,
        -0.38807477101416643,
        0.7676694685255137,
        0.7385203986253848
      ],
      [
        -0.8018094719794499,
        0.6301673874689023,
        0.22506274779530208,
        -0.2286940280623608,
        0.30386510558818863,
        0.6910046865112156,
        -0.931279141358919,
        -0.4743128142631305,
        -0.6291932420036643,
        0.0934365967685652
      ],
      [
        0.8493664804528094,
        0.3216042797344269,
        -0.7811870318744647,
        0.06368815891885246,
        0.13549290465250277,
        0.2580374828549434,
        -0.855534557866018,
        0.32691196602732775,
        -0.6985460956481612,
        0.4721010622187793
      ],
      [
        -0.6596843500311735,
        -0.9329081493430207,
        0.35546758464481715,
        -0.6914519653905109,
        0.8195309484154079,
        0.26721004054581804,
        0.3655298006509875,
        0.7057413421740979,
        0.02280337664740704,
        0.8601953654407172
      ]
    ],
    [
      [
        -0.5314640481728705,
