{
  "a": [
    [
      0.6094537625821741,
      -0.24919175247866618,
      0.555700605896462,
      0.5306331183926876,
      0.8236438730176653,
      -0.5538502455910289,
      -0.37972530262552184,
      0.44105676342807154,
      -0.3394097091338598,
      0.21069523469105406
    ],
    [
      0.03921249209484486,
      0.11396671719543804,
      -0.06891190680116847,
      -0.03135464372608053,
      0.7802882693148591,
      0.5716852600864676,
      0.3991929412038452,
      0.4041655020221508,
      -0.386974194094912,
      -0.07978187702276099
    ],
    [
      -1.044871803807361,
      -0.7301261105443669,
      -0.7953935814578739,
      0.6626500087608065,
      -0.6733356376518506,
      -0.11399965173256471,
      -0.6667381061868999,
      -1.005348026887638,
      0.9415674374548055,
      -0.6020595773955363
    ]
  ],
  "b": [
    [
      0.690067661190383,
      0.6863502125100113,
      -0.8894115318431777,
      -1.89668544084898,
      0.27994851468252335,
      -4.286788339915008,
      -0.3802926982178062,
      -1.0189792612197128,
      4.164976785052338,
      -3.3668046800804867
    ],
    [
      73.22758910869342,
      0.14081531120158539,
      -0.8448863390557793,
      -4.608719692697081,
      -34.22023443789984,
      22.234981148769215,
      -37.6544696266266,
      -19.69246771539523,
      -5.375828088513453,
      4.577038245692694
    ],
    [
      -19.214460769283733,
      -0.007081445287597174,
      4.122912592761473,
      -2.386065434869705,
      28.355792111652313,
      2.1596650437776734,
      -24.95148562787831,
      28.398124040635217,
      -83.51484008943007,
      0.522188535862528
    ],
    [
      -1.6055158294852812,
      0.2636066796992604,
      -0.393717116710955,
      0.3565891070707844
    ]
  ],
  "waa": [
    [
      [
        -0.08878216441713441,
        0.6817637224016815,
        0.8034209036652018,
        -0.7118976852005993,
        0.14705057845380576,
        0.1295551205126397,
        0.8031577428894131,
        -0.9142639381274046,
        -0.38614540820311505,
        -0.7648833661964125
      ],
      [
        0.6844344191300402,
        0.45260514876332353,
        0.23354330111188,
        -0.866688156150501,
        -0.4850727653213945,
        -0.1359918276403955,
        -0.7215928597110405,
        -0.11247365669872623,
        0.32260576280313535,
        0.17726326243966897
      ],
      [
        -0.012683685782574424,
        -0.6420453483598866,
        0.6699365136123222,
        -0.7883054331556246,
        0.31190647888873496,
        0.6638237763860688,
        -0.17615255195295343,
        0.9691422838931392,
        0.6210800402191314,
        0.1565628721475904
      ],
      [
        -0.4349945313452853,
        -0.5426025561400298,
        0.6112788306974877,
        0.2738628590617712,
        0.4900932947827256,
        -0.19066016642073005,
        -0.9641809348065054,
        0.39496344814961537,
        -0.7193126314342219,
        0.05238833232724819
      ],
      [
        -0.6510787010222772,
        0.0002927921939581262,
        -0.01667116639330841,
        -0.28297676330075194,
        -0.03906554333661092,
        -0.5007553256631999,
        0.5702521900875465,
        -0.5870637195585076,
        -0.8887830023969003,
        0.18877040941515405
      ],
      [
        0.37299176490630936,
        -0.7580067145170991,
        -0.3277542069428027,
        -0.419060377904816,
        -0.6814682376996947,
        -0.35144995603695284,
        0.5483417481007585,
        -0.04824429999703315,
        -0.8959442091223155,
        -0.2766783380927759
      ],
      [
        0.4457450917347778,
        -0.7205304018788949,
        -0.21836656569229804,
        -0.3453487980535944,
        0.7548168405096152,
        0.4666681516628817,
        -0.40862887857354313,
        0.723358512735908,
        -0.0791145255442817,
        -0.3930898968443766
      ],
      [
        -0.6505954812153162,
        -0.30596872748167114,
        0.3765785055091115,
        -0.7543953752912581,
        0.3393067398557281,
        0.21415444243546564,
        -0.8071855776149269,
        -0.7574344425137567,
        0.5178216625012892,
        0.7937441163835381
      ],
      [
        0.2140953865352123,
        -0.35257994848259694,
        0.22325072048665606,
        -0.13875029415531404,
        0.04427872453247809,
        0.9631040986912417,
        0.7280500616079397,
        -0.7952866802979895,
        0.3803299147244771,
        -0.045051462089631
      ],
      [
        -0.021680127230684854,
        0.8658097425642018,
        -0.48744360991963587,
        0.863236034001673,
        -0.5921406172654262,
        -0.31781960072128446,
        0.4451156094728064,
        -0.23944412285819003,
        -0.11073183360254375,
        -0.6613401390453042
      ]
    ],
    [
      [
        0.2194805128481057,
        -0.03663598333446993,
        -0.48493708184332524,
        0.5644972969732354,
        0.11051944138609418,
        0.3717755720106765,
        0.03696129257794802,
        -0.6248411105653418,
        -0.6374665999222264,
        0.6578921445341849
      ],
      [
        0.05631555708007496,
        -0.5690007804313242,
        0.5803225634277338,
        0.43341014171372266,
        -1.025976172110299,
        0.5667902482470487,
        -0.21003067565940697,
        0.21521841479740247,
        -0.26631297966044964,
        0.33404702005231585
      ],
      [
        0.2410811514689615,
        0.6395547573414451,
        0.26843058040574963,
        -0.6028450511083626,
        -0.2782539463632835,
        0.3582875146709524,
        -0.2837082284283196,
        0.3841662591163306,
        0.37044139729846753,
        0.7955791387035688
      ],
      [
        0.15850852660052142,
        -0.28923731037751454,
        0.5101027803134084,
        -0.1597502338331862,
        0.09866470982192385,
        -0.060393473425559896,
        0.494390216623325,
        0.2633200417278467,
        0.43836843039723267,
        -0.5024814057532565
      ],
      [
        -0.5326422611279399,
        -0.28585369750065026,
        -0.38341785889983104,
        -0.36872191884545474,
        -0.390035955859999,
        0.29100209527080506,
        0.6035358603822161,
        -0.9981480062346313,
        0.30729176854528284,
        -0.21115294531882203
      ],
      [
        0.6596195404536054,
        0.7565343591387563,
        -0.5579597400829395,
        -0.13199149505098912,
        0.4747544383223252,
        -0.9880736271402101,
        0.3556117021507316,
        -0.9886208388468197,
        -0.3734693380649077,
        0.4120989380300372
      ],
      [
        -0.8599697661895885,
        -0.3106887905029888,
        -0.6048302162533368,
        -0.5379049946482167,
        -0.47621749587259327,
        0.06858517383831605,
        -0.6933693551721806,
        -0.3881327442866569,
        0.7677243112995848,
        0.7385329040408875
      ],
      [
        -0.8021195603344484,
        0.6291648714967334,
        0.2256330673308638,
        -0.22841635501565868,
        0.29705530459845386,
        0.6859757916256278,
        -0.9347337909589375,
        -0.4778415058471767,
        -0.6257949648108978,
        0.09411911323511517
      ],
      [
        0.8483810836870155,
        0.31840659305314983,
        -0.7793617466731304,
        0.06453299848369981,
        0.11412622587645986,
        0.24208471846174223,
        -0.8661002434402518,
        0.3158294430462217,
        -0.6876565250438599,
        0.4741378282160326
      ],
      [
        -0.6597191281225762,
        -0.9330273641473428,
        0.3555351244354785,
        -0.6914185914304206,
        0.8187236700776448,
        0.2666161244137098,
        0.36512073622507374,
        0.7053254774361363,
        0.023204971727534354,
        0.860277567289605
      ]
    ],
    [
      [
        -0.5313029819437356,
        0.3159798154962233,
