{
  "a": [
    [
      0.6866284820245988,
      -0.2254976854078849,
      0.5512947116859932,
      0.6016681424207676,
      0.8384293600020248,
      -0.6023659952727535,
      -0.33369266935736247,
      0.5549249302815191,
      -0.449161353635141,
      0.1040488074195922
    ],
    [
      -0.039317447782798956,
      0.2509173601033237,
      -0.2756644768977044,
      0.04097564006116749,
      0.8910392066936638,
      0.8238473908202861,
      0.27656933611758716,
      0.42837811620864746,
      -0.7133049976987884,
      0.2029228498048053
    ],
    [
      -0.9950481244523434,
      -0.5598841564349899,
      -0.7371459126502283,
      0.6111245880786929,
      -0.67933136656909,
      -0.19587175035356735,
      -0.7087060025335588,
      -0.8231906842051431,
      0.9934653618112019,
      -0.5866553969020627
    ]
  ],
  "b": [
    [
      0.2879693240232859,
      0.65726599804665,
      -0.901089991276105,
      -0.1685238629643166,
      0.4646103665805719,
      -4.303639055985556,
      -0.30350839076717406,
      -0.4796829395366899,
      4.024051198394216,
      -3.2965259206807214
    ],
    [
      73.2136774603386,
      -1.0801484186046464,
      -2.033680799893728,
      -5.146122305462298,
      -34.20913600812414,
      22.207645610916952,
      -37.63277968472029,
      -19.72139844172701,
      -5.41968153163355,
      2.8062403646075635
    ],
    [
      -19.245980428753093,
      0.5205606222584217,
      4.219416799039961,
      -2.266249595673628,
      28.359957951548548,
      2.385445455588915,
      -24.930238447551677,
      28.43056601520719,
      -83.49718746487396,
      0.6970764286451959
    ],
    [
      -1.0062746914233298,
      -0.6248044468751119,
      0.12771295323158635,
      1.1224912266294564
    ]
  ],
  "waa": [
    [
      [
        -0.07632381395838422,
        0.6773610060652575,
        0.8138986748425525,
        -0.7007631801731578,
        0.1627293279390455,
        0.11840807792671704,
        0.7968718479819406,
        -0.9045319343986991,
        -0.3940766685479562,
        -0.762370734316073
      ],
      [
        0.6938963740463027,
        0.449792574769058,
        0.24093349842809783,
        -0.8584015777993925,
        -0.47391480073355224,
        -0.14409739672102032,
        -0.7258903654291354,
        -0.1050190190780903,
        0.316812589089505,
        0.17864246785241106
      ],
      [
        -0.01137377706252828,
        -0.6424272902733049,
        0.6709524001693561,
        -0.7871847494626222,
        0.3134382269667729,
        0.6627078443526058,
        -0.17675421919658282,
        0.9701674335213508,
        0.6202877706118867,
        0.15675452778321855
      ],
      [
        -0.42082434817243963,
        -0.5550858988665044,
        0.6337973162351263,
        0.2918395929294216,
        0.5199695070585953,
        -0.20865655482969803,
        -0.9876836243925767,
        0.41339893494080354,
        -0.7347051730773053,
        0.0593225827756287
      ],
      [
        -0.637377905105942,
        -0.00357568035552003,
        -0.006398047698581013,
        -0.27126096251901277,
        -0.022965354455361565,
        -0.5128558919403873,
        0.5656580238209495,
        -0.5767574528491204,
        -0.8981090198894381,
        0.1903641671566969
      ],
      [
        0.36699952038583344,
        -0.757059456573573,
        -0.33117535271014953,
        -0.42465205174762793,
        -0.6871001162864099,
        -0.34676710910787967,
        0.5494273749553849,
        -0.053282052011850996,
        -0.8922666096142153,
        -0.2763793595354535
      ],
      [
        0.4677442725451711,
        -0.7275679461196907,
        -0.2009245367579683,
        -0.32612082258234587,
        0.7814110733363413,
        0.4475651784203254,
        -0.4188146145469519,
        0.7405539862207355,
        -0.09275080701953976,
        -0.3894081399195593
      ],
      [
        -0.7245147622817684,
        -0.2782940948755657,
        0.3154714449642861,
        -0.8200218393509064,
        0.24813968357093844,
        0.2796559936407066,
        -0.7693718869858257,
        -0.8142654935743335,
        0.5634463950772336,
        0.777015770656855
      ],
      [
        0.20357465739731237,
        -0.349576657063616,
        0.21557949678070742,
        -0.14766393996274965,
        0.032228773641836524,
        0.9720423784786806,
        0.7323344573421177,
        -0.8029327766179104,
        0.3858912278492964,
        -0.047241825307866206
      ],
      [
        -0.01835246307716951,
        0.8648073966465893,
        -0.484823726340223,
        0.8661801529437921,
        -0.5881883944402294,
        -0.32068644176883065,
        0.44358152703206166,
        -0.23678479850512582,
        -0.11281210016322192,
        -0.6608735069887977
      ]
    ],
    [
      [
        0.2194263601069813,
        -0.03635444583113791,
        -0.48525047048003966,
        0.564543499918439,
        0.11142460161644366,
        0.3725514819253513,
        0.0372189634025721,
        -0.6244652793514268,
        -0.6381762525084645,
        0.6580630811995622
      ],
      [
        0.05128042569381661,
        -0.5478359269162382,
        0.5552298340285561,
        0.43907975763173335,
        -0.9665779923107357,
        0.623486295244122,
        -0.19727331281741511,
        0.23996421065992368,
        -0.3206749630563744,
        0.35229821456399085
      ],
      [
        0.23825158169023686,
        0.6513346557222094,
        0.2542652848130477,
        -0.5995483240724212,
        -0.24740118804782238,
        0.38848136105703673,
        -0.27806639133409716,
        0.396837201962014,
        0.34089795394038663,
        0.806492378936023
      ],
      [
        0.1924522805058508,
        -0.4186832439701218,
        0.6725690993568032,
        -0.19766463124604158,
        -0.23687197515459377,
        -0.37720962858962687,
        0.4373682569364011,
        0.13508206547152968,
        0.7589764009735571,
        -0.6180602225206306
      ],
      [
        -0.5326495077723683,
        -0.28581040401659774,
        -0.3834719253561304,
        -0.3687108649021131,
        -0.38990096117166084,
        0.2911207727838568,
        0.6035716898458936,
        -0.9980919304507748,
        0.3071783431752798,
        -0.21112143666950542
      ],
      [
        0.6596209745712396,
        0.7565251759422468,
        -0.5579499356620117,
        -0.13198524724343974,
        0.4747134288682183,
        -0.9880853170432676,
        0.3555946905146971,
        -0.9886311461942262,
        -0.3734596657403917,
        0.4121076907163063
      ],
      [
        -0.8599687078932856,
        -0.3106850965868792,
        -0.6048324033329321,
        -0.5379047055194669,
        -0.4761908586058743,
        0.06860919374054507,
        -0.6933552851394209,
        -0.38811698701183106,
        0.7677078588911757,
        0.7385328855822525
      ],
      [
        -0.8019370419842466,
        0.6276762972333664,
        0.22717481961053687,
        -0.22876628984290606,
        0.2916673164608993,
        0.6807730461160494,
        -0.9365454748419849,
        -0.48053989356946614,
        -0.6213919714268495,
        0.09299545489645566
      ],
      [
        0.8475753601671671,
        0.3176280400199092,
        -0.7798255949359341,
        0.06561496073816761,
        0.10226833258252865,
        0.23472105967902762,
        -0.8735967809781757,
        0.30960227280827846,
        -0.6838475150228217,
        0.47736536234501736
      ],
      [
        -0.660279274448036,
        -0.929378771937688,
        0.3515284338175386,
        -0.6908156683608391,
        0.8314382955801601,
        0.2782933545348475,
        0.36902619971585576,
        0.7113524914583621,
        0.013032012794899059,
        0.8631254888949877
      ]
    ],
    [
      [
        -0.5328302251767223,
        0.3148963945364082,
