{
  "a": [
    [
      0.686307319953318,
      -0.2252818309163166,
      0.5519901485937881,
      0.6005535933008838,
      0.8385546514329593,
      -0.6016021022258224,
      -0.3333169510220708,
      0.5530235408432119,
      -0.44857717527179736,
      0.10428835865013447
    ],
    [
      -0.03478150868422139,
      0.25723736818096093,
      -0.27788956887668975,
      0.04569855750808695,
      0.8851207380493102,
      0.822152619721638,
      0.27398494584161737,
      0.4236455012797151,
      -0.713418798119833,
      0.1972571608332148
    ],
    [
      -0.9809819759317825,
      -0.5519216261000323,
      -0.7328842904120293,
      0.6155845096954231,
      -0.6796790890368313,
      -0.18883499979646745,
      -0.726523549541303,
      -0.8207347075685268,
      0.9836915206227161,
      -0.5664829510951918
    ]
  ],
  "b": [
    [
      0.5296332868790912,
      0.710496241917027,
      -0.8713258443899886,
      -0.3149882409613005,
      0.46596461909658154,
      -4.3027342072081005,
      -0.32771519376221253,
      -0.537075109860102,
      4.027541862552008,
      -3.308482578774043
    ],
    [
      73.21459573676064,
      -1.0191135683963923,
      -1.995910236873265,
      -5.148787721626627,
      -34.20870224141346,
      22.20781653707732,
      -37.632587892903295,
      -19.730245178545854,
      -5.425227536406666,
      2.823153089962251
    ],
    [
      -19.245993465828604,
      0.4828591941404443,
      4.213245422557122,
      -2.327078618470149,
      28.359936254671197,
      2.3752951019085673,
      -24.930449139459572,
      28.43069550763471,
      -83.49711175377452,
      0.7746296853361179
    ],
    [
      -0.9819684199767852,
      -0.6250667828183742,
      0.4131842068477195,
      1.122814277649084
    ]
  ],
  "waa": [
    [
      [
        -0.07590852958886246,
        0.6772245583803113,
        0.814232518822791,
        -0.7003994990854697,
        0.16323669874178087,
        0.11804390020159916,
        0.7966699049796626,
        -0.9041967768384973,
        -0.3943481514941625,
        -0.762307588893838
      ],
      [
        0.693923241990004,
        0.44978375546682675,
        0.24095508863003065,
        -0.8583780463729509,
        -0.4738819730869731,
        -0.14412097106872365,
        -0.725903427729322,
        -0.10499732546220697,
        0.31679501503373636,
        0.1786465424917647
      ],
      [
        -0.0115621900232533,
        -0.6423653516014376,
        0.6708008700793782,
        -0.7873496886909124,
        0.3132080196823779,
        0.6628729941532058,
        -0.17666258512917007,
        0.9700154462686437,
        0.6204108659043631,
        0.15672582752540662
      ],
      [
        -0.4209636976169712,
        -0.5550401508336775,
        0.6336852284372674,
        0.2917175469366508,
        0.5197992305041222,
        -0.20853433172472222,
        -0.9876158864501592,
        0.4132865569607895,
        -0.7346140459444049,
        0.05930140248105655
      ],
      [
        -0.6374966000869502,
        -0.003536754703976041,
        -0.006493394609446058,
        -0.2713649565333845,
        -0.023110387380399593,
        -0.5127516323127052,
        0.5657157502209539,
        -0.576853402170991,
        -0.8980312678075616,
        0.19034622340852778
      ],
      [
        0.3669980794211852,
        -0.7570589835389028,
        -0.3311765064977739,
        -0.42465331876593426,
        -0.6871018703617584,
        -0.34676584702595875,
        0.5494280703782688,
        -0.05328321600294637,
        -0.8922656678002991,
        -0.2763795772408053
      ],
      [
        0.4676402004752996,
        -0.7275336701174814,
        -0.20100816600509375,
        -0.32621188293444836,
        0.7812838546543065,
        0.44765646412393767,
        -0.4187638725344503,
        0.7404698185837478,
        -0.09268274679256787,
        -0.3894239634161511
      ],
      [
        -0.7239991450782234,
        -0.2784632921138293,
        0.31588551648849816,
        -0.8195700566454418,
        0.24876935374380565,
        0.27920356914562555,
        -0.7696223748530011,
        -0.8138488915049816,
        0.5631089714262425,
        0.77709377357073
      ],
      [
        0.20394613604660977,
        -0.34969874537868184,
        0.21587824570328099,
        -0.14733870062660936,
        0.032682709618881804,
        0.9717165481428186,
        0.7321535687699896,
        -0.8026328622137232,
        0.38564847998131835,
        -0.04718519914782309
      ],
      [
        -0.018523002661071923,
        0.8648634054025829,
        -0.48496090311111867,
        0.8660308934836601,
        -0.5883968422661408,
        -0.32053688396062946,
        0.44366458271734605,
        -0.23692238904723867,
        -0.11270069459665395,
        -0.6608994710845401
      ]
    ],
    [
      [
        0.21942626047324704,
        -0.03635380246977225,
        -0.48525117622417135,
        0.5645436057997473,
        0.11142688019609513,
        0.37255358985921383,
        0.037219670460793317,
        -0.6244641841110724,
        -0.6381780778451128,
        0.6580635994451826
      ],
      [
        0.051271646711799825,
        -0.5477789466354259,
        0.5551673632115915,
        0.4390891662432638,
        -0.9663764191073098,
        0.6236727977032824,
        -0.19721077143885252,
        0.24006108087589118,
        -0.32083647950428085,
        0.3523440234621581
      ],
      [
        0.23824534855737028,
        0.6513762466252104,
        0.2542198338612394,
        -0.5995413378049735,
        -0.2472549531404542,
        0.38861678662343657,
        -0.2780210452233334,
        0.3969074191233593,
        0.3407806199965829,
        0.8065254772459369
      ],
      [
        0.19245387734117955,
        -0.4186917769399428,
        0.6725786929211893,
        -0.19766585136774023,
        -0.23690361328402645,
        -0.3772387142169317,
        0.43735840090413136,
        0.1350667591308478,
        0.7590015053704698,
        -0.6180676385281676
      ],
      [
        -0.5326493142108438,
        -0.2858118093627524,
        -0.3834704042126868,
        -0.3687111122739243,
        -0.38990581472364433,
        0.29111626681376973,
        0.6035701870030932,
        -0.9980942547426754,
        0.30718225217311074,
        -0.21112252118088423
      ],
      [
        0.659620948573163,
        0.7565253558362334,
        -0.5579501314333041,
        -0.13198521638182287,
        0.4747140564654711,
        -0.9880847351340512,
        0.3555948849837761,
        -0.988630845152504,
        -0.37346017017919136,
        0.4121078320330528
      ],
      [
        -0.8599684510854141,
        -0.31068696806981916,
        -0.6048303783302574,
        -0.5379050356492806,
        -0.47619731710711893,
        0.06860319702368668,
        -0.6933572847787675,
        -0.38812007953608146,
        0.7677130614503747,
        0.7385314431722092
      ],
      [
        -0.8019367273228523,
        0.6276739541708557,
        0.2271773485792709,
        -0.22876670744570446,
        0.29165926666467035,
        0.6807655675102559,
        -0.9365479658605028,
        -0.4805437453898309,
        -0.6213854810546409,
        0.09299366275062203
      ],
      [
        0.8475763779575572,
        0.3176203028564747,
        -0.7798172584625582,
        0.06561356683262212,
        0.10224185478377631,
        0.23469644427205708,
        -0.8736049706270447,
        0.3095896096693953,
        -0.6838261453496373,
        0.4773594819569408
      ],
      [
        -0.6600102848879792,
        -0.9310870206594473,
        0.35340584828664207,
        -0.6910938742179719,
        0.8253657947171656,
        0.2726770410729112,
        0.36714149371736127,
        0.7084312542783515,
        0.017893708197856104,
        0.8617394930219647
      ]
    ],
    [
      [
        -0.5328320523696239,
