{
  "a": [
    [
      0.6921646177881003,
      -0.2182514890571793,
      0.5437296562164826,
      0.5995387967910311,
      0.832324799017015,
      -0.5998857253788182,
      -0.3181699124504908,
      0.5492710644868491,
      -0.4424436892058471,
      0.10181959397387802
    ],
    [
      -0.02949268192619445,
      0.26383382692298196,
      -0.280694232012142,
      0.050219849935366656,
      0.8792296251732565,
      0.8210650176411712,
      0.27064152147803305,
      0.41938321557927005,
      -0.7141753018230911,
      0.19279811418255416
    ],
    [
      -1.010306355327719,
      -0.6028679466040121,
      -0.7357042343638962,
      0.6016733808100397,
      -0.6822290382348728,
      -0.15456687282700168,
      -0.7107347581210178,
      -0.8636426936795605,
      0.9671227936218434,
      -0.587973100920143
    ]
  ],
  "b": [
    [
      0.7512250374976462,
      0.7167607963142223,
      -0.9068592836562105,
      -0.4769132424739559,
      0.6263384411827326,
      -4.322324508014639,
      -0.294637313740696,
      -0.8017645307302019,
      4.006934686264815,
      -3.4671908377142633
    ],
    [
      73.21512553587169,
      -1.0831380514036706,
      -2.0425740819229716,
      -5.154521715562834,
      -34.20802942551787,
      22.207790038627284,
      -37.633498699904344,
      -19.731580166872035,
      -5.458640442677271,
      3.20803178678738
    ],
    [
      -19.246247666121416,
      0.4845176733715458,
      4.304561089946979,
      -2.209902910271467,
      28.3598965658939,
      2.3719972901613926,
      -24.930869954294234,
      28.430785415699525,
      -83.49699043407253,
      0.8133896986370018
    ],
    [
      -0.9142036490306886,
      -0.09984980395735954,
      0.44879856264304563,
      1.1232745564933502
    ]
  ],
  "waa": [
    [
      [
        -0.07598496439674018,
        0.6772458058900398,
        0.8141755136505219,
        -0.700463386446554,
        0.16314781840835715,
        0.11810920697296694,
        0.7966994476953927,
        -0.904253919736156,
        -0.3943014278176776,
        -0.7623183019724535
      ],
      [
        0.693630997149792,
        0.44987838392819723,
        0.24072195037411437,
        -0.8586333272210667,
        -0.4742362599561654,
        -0.14386667820711602,
        -0.7257638131685392,
        -0.10523240286744029,
        0.31698426810471364,
        0.1786034237823901
      ],
      [
        -0.011648157433076081,
        -0.6423379415554881,
        0.6707328137706035,
        -0.7874244020974708,
        0.3131043662118736,
        0.6629474819567605,
        -0.1766223795671439,
        0.9699468029453061,
        0.6204659756152897,
        0.15671317949351368
      ],
      [
        -0.42909804224970377,
        -0.5524088043422465,
        0.6272005836880857,
        0.2846164440043609,
        0.5099384753219731,
        -0.20145449426934559,
        -0.983737588818332,
        0.4067504980430884,
        -0.729347485700755,
        0.058099395748827255
      ],
      [
        -0.6364381232521334,
        -0.003876077597433392,
        -0.005654047108257563,
        -0.2704416904089202,
        -0.02183441882379789,
        -0.5136676473655973,
        0.5652162640792968,
        -0.576003420997347,
        -0.8987115852579356,
        0.1904994676749857
      ],
      [
        0.3666870351377957,
        -0.7569603222295594,
        -0.3314217031741386,
        -0.4249232318745478,
        -0.687476405037394,
        -0.34649603349550884,
        0.5495722344826213,
        -0.05353077087875591,
        -0.8920661765890024,
        -0.27642524230656407
      ],
      [
        0.46766174292103263,
        -0.7275384462785414,
        -0.2009933969308831,
        -0.32619441946616,
        0.7813069982713193,
        0.44763913918297743,
        -0.41877010056415315,
        0.7404850569708975,
        -0.0926944493899201,
        -0.38942145148411306
      ],
      [
        -0.7260350840436726,
        -0.2777980542787457,
        0.3142533419987014,
        -0.8213506625736258,
        0.24628998121626755,
        0.2809818208986985,
        -0.7686381269316007,
        -0.8154886963914616,
        0.5644335271884243,
        0.7767880906926217
      ],
      [
        0.20441842305593197,
        -0.3498523757352969,
        0.21625594426606734,
        -0.14692620587381255,
        0.03325697170442482,
        0.9713043657468703,
        0.7319267095569593,
        -0.8022530737149784,
        0.38534168671963204,
        -0.04711460422022798
      ],
      [
        -0.01869819628405913,
        0.8649199360155104,
        -0.4851005125681878,
        0.86587766047269,
        -0.5886091290204781,
        -0.32038424687904654,
        0.4437481849306521,
        -0.23706322616337264,
        -0.11258715068624164,
        -0.6609252007641844
      ]
    ],
    [
      [
        0.21942167517856173,
        -0.03631261420768205,
        -0.4852949022251516,
        0.564551401530483,
        0.11156394247845584,
        0.37268166938849256,
        0.03726181574622093,
        -0.6243987325350505,
        -0.6382894382636326,
        0.6580937274056979
      ],
      [
        0.051257546784892714,
        -0.5476699223164311,
        0.55505053148676,
        0.43910888264776543,
        -0.9660053969187609,
        0.6240180387971767,
        -0.19709588469159162,
        0.24023846981817887,
        -0.3211360385922998,
        0.3524261518464047
      ],
      [
        0.23822245592677957,
        0.6515321948516848,
        0.25405031983506987,
        -0.5995146129169431,
        -0.24671040847591416,
        0.38912155596217396,
        -0.277851908076395,
        0.3971685383788862,
        0.3403432806960371,
        0.8066477905860255
      ],
      [
        0.1924574882337978,
        -0.41872202456149493,
        0.6726107347384377,
        -0.1976715011195663,
        -0.23700479553919593,
        -0.3773331788028918,
        0.4373270901305765,
        0.13501844960698178,
        0.7590834963716666,
        -0.618089835453993
      ],
      [
        -0.53265086794267,
        -0.2857978980428529,
        -0.3834852106673099,
        -0.3687084998806254,
        -0.38985938509061385,
        0.2911596521420839,
        0.6035844366895434,
        -0.9980720528187033,
        0.30714452769194966,
        -0.211112256363789
      ],
      [
        0.6596194101473263,
        0.7565397082022707,
        -0.557965268620649,
        -0.13198243858449737,
        0.47476136368379984,
        -0.9880404887027237,
        0.3556094586860936,
        -0.9886083103186234,
        -0.3734986511366009,
        0.4121181064088752
      ],
      [
        -0.8599685297866051,
        -0.31068625742257794,
        -0.6048311280279044,
        -0.5379048993448441,
        -0.47619496687501883,
        0.06860539359320322,
        -0.693356559188803,
        -0.38811895988939205,
        0.7677111523302085,
        0.7385319538224099
      ],
      [
        -0.8019349952236383,
        0.6276581603801453,
        0.2271941288051392,
        -0.22876970142446615,
        0.29160674242053847,
        0.6807164677157548,
        -0.9365640870411924,
        -0.4805688384497961,
        -0.6213427752694439,
        0.09298209334881163
      ],
      [
        0.8475509835933628,
        0.3178402190947204,
        -0.7800500834049069,
        0.0656552456679685,
        0.10297407294503765,
        0.23538065719228926,
        -0.8733788419198601,
        0.30993896398241927,
        -0.6844205114109783,
        0.4775198629341638
      ],
      [
        -0.6597746452554119,
        -0.9327740390100188,
        0.355230263393696,
        -0.6913842795475401,
        0.8195269025312262,
        0.2672526399256463,
        0.3653336327572503,
        0.705628590102756,
        0.022593111640652797,
        0.8604243791724454
      ]
    ],
    [
      [
        -0.532820076445013,
        0.3149019701719864,
