{
  "a": [
    [
      0.6835292247810089,
      -0.21756035641549715,
      0.561939260587144,
      0.5995078458087009,
      0.8276473138725396,
      -0.603834543933428,
      -0.33275006661106726,
      0.5530571997008717,
      -0.4409358561637676,
      0.11016054181496229
    ],
    [
      -0.046416402369599874,
      0.24935922799651955,
      -0.2710951673095092,
      0.032935062658249026,
      0.9034370716057876,
      0.8270206350983929,
      0.27772130706815007,
      0.43236759305086325,
      -0.7156178244967097,
      0.20758815793643806
    ],
    [
      -0.9729660873894813,
      -0.5211103973029839,
      -0.7145302621659794,
      0.5948945727027266,
      -0.6870280436453085,
      -0.18733329120640133,
      -0.7359165139156805,
      -0.7857012338180599,
      0.9959621985969592,
      -0.5728917539440097
    ]
  ],
  "b": [
    [
      -0.09643116715506916,
      0.6225582177504126,
      -0.6633649466332838,
      -0.1584521801225401,
      0.3992154304581913,
      -4.297505308008581,
      -0.32501882926956466,
      -0.39754476706738223,
      4.038586188232249,
      -3.264188159689153
    ],
    [
      73.20598614374873,
      -1.1237641596572512,
      -2.3090895207210944,
      -5.104128270657241,
      -34.21379738322551,
      22.203044309566426,
      -37.625110728126046,
      -19.750303805832495,
      -5.474124749012391,
      2.6288819105398624
    ],
    [
      -19.247816483173832,
      0.48404970142735565,
      4.396713958432115,
      -2.430513046270749,
      28.360796825684968,
      2.2778374310929967,
      -24.919856957720295,
      28.42898258397757,
      -83.49634846531055,
      1.0517327128155125
    ],
    [
      -0.879226670416423,
      -0.2561381436901572,
      0.5410084679481286,
      -0.1997008300571543
    ]
  ],
  "waa": [
    [
      [
        -0.07588752709001063,
        0.6772650590465438,
        0.8142999531052557,
        -0.7003640856733148,
        0.16324605413246038,
        0.11797831013958103,
        0.7966835449425187,
        -0.9042112537376596,
        -0.3943754594685918,
        -0.762287991081589
      ],
      [
        0.6962197131989651,
        0.4490260420402413,
        0.24281511636346506,
        -0.856375747765864,
        -0.47109690260712006,
        -0.14611810268470848,
        -0.7270347604782503,
        -0.10311867779769161,
        0.3153272528303742,
        0.17900695793033045
      ],
      [
        -0.005726518822122013,
        -0.6443227944456574,
        0.6755576111707474,
        -0.7822585046220999,
        0.32031120281028935,
        0.6578158872278471,
        -0.17956767685598807,
        0.9748147105080702,
        0.6166841102496287,
        0.1576443406852526
      ],
      [
        -0.4198340748313209,
        -0.5554554716474799,
        0.6346575589750537,
        0.2927040258230209,
        0.5211986311415286,
        -0.20949545900462094,
        -0.9882281115944662,
        0.4142556507184055,
        -0.7353313377686603,
        0.05948606224250485
      ],
      [
        -0.6394348111173529,
        -0.002856692074647324,
        -0.008073685149603257,
        -0.273048158875789,
        -0.025483481034720614,
        -0.5111000294361759,
        0.5667029249797522,
        -0.5784699798033844,
        -0.896805436722493,
        0.19004438325134929
      ],
      [
        0.3671170756014949,
        -0.7570966721424769,
        -0.33108671731934125,
        -0.42455053402472825,
        -0.6869579990805215,
        -0.34686965056063873,
        0.5493756844609377,
        -0.05319223775939145,
        -0.8923449632258497,
        -0.27636354722155126
      ],
      [
        0.4569217433612624,
        -0.7240792847081691,
        -0.2098197467036293,
        -0.33562854397022096,
        0.7682792411453884,
        0.45709714235338716,
        -0.41352468530075526,
        0.7317743051382494,
        -0.08576537247338624,
        -0.39114276623378336
      ],
      [
        -0.7249600078437375,
        -0.27814601261377275,
        0.3151222457385704,
        -0.8204103786282336,
        0.2475971931679312,
        0.28004196900887307,
        -0.7691593835654902,
        -0.8146259197690336,
        0.5637382443483456,
        0.7769531923075461
      ],
      [
        0.20362117455758175,
        -0.3495859907450767,
        0.21559929877273273,
        -0.14762725072910896,
        0.03228172671986179,
        0.9720013805933159,
        0.7323303708975231,
        -0.8029135019985094,
        0.3858542210351307,
        -0.04724139849527667
      ],
      [
        -0.017891796479976612,
        0.864652766635663,
        -0.48444592518944185,
        0.8665832520023821,
        -0.5876313887966682,
        -0.321084322543428,
        0.4433491920539029,
        -0.23640087727351533,
        -0.11310053590411209,
        -0.6607982374085817
      ]
    ],
    [
      [
        0.2194270544574581,
        -0.03635822327999622,
        -0.4852463505317845,
        0.564542996310183,
        0.11141091099133733,
        0.3725389195358112,
        0.03721475040080001,
        -0.6244718538626366,
        -0.63816539363458,
        0.6580599075834038
      ],
      [
        0.05144024433513871,
        -0.5487168249197673,
        0.5561916811673695,
        0.4389595608853464,
        -0.9697658560079109,
        0.6205572069160444,
        -0.19825513749918128,
        0.23843204634020917,
        -0.3181431048138129,
        0.3515586631283309
      ],
      [
        0.2382006429732332,
        0.6516171362210103,
        0.25398256884274495,
        -0.5995218138790275,
        -0.2464244636535985,
        0.3893995111155641,
        -0.27777584401941846,
        0.39731673012723234,
        0.34011423486426073,
        0.8067398143164067
      ],
      [
        0.19239238982770623,
        -0.41835365761439125,
        0.6722127496737412,
        -0.19762117315335148,
        -0.23568584456067584,
        -0.3761203421973128,
        0.4377322675467286,
        0.1356512130278894,
        0.7580349246429798,
        -0.617785531790352
      ],
      [
        -0.5326489178181997,
        -0.2858135761341832,
        -0.3834684785263179,
        -0.3687112762690154,
        -0.38991246188284606,
        0.2911102213667744,
        0.6035681575103007,
        -0.998097454283073,
        0.3071874607874845,
        -0.211124109407122
      ],
      [
        0.659614386320901,
        0.7565616974863301,
        -0.5579909405317138,
        -0.1319798086753657,
        0.47484774971264393,
        -0.9879619462460352,
        0.35563654905186726,
        -0.9885664065467662,
        -0.37356635424344736,
        0.41213881486168497
      ],
      [
        -0.8598641987459333,
        -0.31126045504277766,
        -0.6042157738857137,
        -0.5379777536335377,
        -0.4782530721896329,
        0.06670619315099616,
        -0.693985678179887,
        -0.38911191673865136,
        0.7693488545495416,
        0.7380459857031108
      ],
      [
        -0.8021634766120392,
        0.6289224995136461,
        0.22583977062945665,
        -0.22860826930835584,
        0.2961327738622864,
        0.6848935023928076,
        -0.9351807474397449,
        -0.47838583387752837,
        -0.6249452693199892,
        0.09404957755766796
      ],
      [
        0.8475817801818877,
        0.3175924214516237,
        -0.7797869151714305,
        0.06561002127721877,
        0.10214025261555437,
        0.2346037253546677,
        -0.8736361750574402,
        0.30954109608058894,
        -0.683745869483617,
        0.4773361612225822
      ],
      [
        -0.6606823748107157,
        -0.927443860933676,
        0.3493172187299131,
        -0.6905651274880772,
        0.8388255671169742,
        0.2850581671491227,
        0.37133434266071935,
        0.7149398743685079,
        0.007204384928381969,
        0.8648869494379633
      ]
    ],
    [
      [
        -0.5328070736405944,
