{
  "a": [
    [
      0.5932704915005316,
      -0.27765492267944925,
      0.588954182741466,
      0.5720792836028589,
      0.8475865226422837,
      -0.5760482300784872,
      -0.4255845887165984,
      0.4861640026653633,
      -0.4075926904546686,
      0.19397218727061455
    ],
    [
      0.027259436812123616,
      0.11416341054892136,
      -0.059962557664223516,
      -0.033123372742391514,
      0.7810917140288447,
      0.5739585383891151,
      0.40080894876106143,
      0.4003095803843177,
      -0.3845735827096856,
      -0.08233105938055603
    ],
    [
      -1.039340496485515,
      -0.7388925870957871,
      -0.7719703046719465,
      0.6227052652770723,
      -0.686830511792651,
      -0.07516094916135224,
      -0.6868010629877136,
      -0.994059129759389,
      0.9334885490715185,
      -0.5976849917461025
    ]
  ],
  "b": [
    [
      0.6687641691835611,
      1.039153216043669,
      -0.8134429675105663,
      -2.2843428339008356,
      -0.32771984550477207,
      -4.2878509146555235,
      -0.581695071334965,
      -1.7841595214945114,
      4.1613802229352155,
      -3.3797122993490585
    ],
    [
      73.23037583753724,
      0.07138603292794962,
      -0.9558897779094299,
      -4.1909884960976544,
      -34.24071919644981,
      22.25426659217639,
      -37.64912335565842,
      -19.612458629835697,
      -5.528575942072019,
      4.529096677053757
    ],
    [
      -19.211927083143056,
      -0.06653081414779718,
      4.007802427657937,
      -2.065169038469876,
      28.348017480908187,
      2.3800970551153986,
      -24.9692162244295,
      28.41545939588717,
      -83.51565329404781,
      0.5440194898698261
    ],
    [
      -1.4490879001559875,
      0.603143195162186,
      -0.07701975826581794,
      0.3449828251539709
    ]
  ],
  "waa": [
    [
      [
        -0.08890357770631284,
        0.6818633915849144,
        0.8032477971500392,
        -0.7120706444393795,
        0.1468249117322916,
        0.12971728126451246,
        0.8033014779379853,
        -0.9144166650420409,
        -0.38597429088370344,
        -0.7649149944368786
      ],
      [
        0.6845313167531976,
        0.4524914081194009,
        0.23372846114792376,
        -0.8664864103909665,
        -0.4848474699468599,
        -0.13616115705892518,
        -0.7217604360211052,
        -0.11228969831168951,
        0.3223839501038475,
        0.17727185582625493
      ],
      [
        -0.013483174903859085,
        -0.6417677050356796,
        0.6692713429319601,
        -0.7889651160387189,
        0.3108939420964044,
        0.664508336487821,
        -0.17573148162122676,
        0.9685994221710381,
        0.6214630435639034,
        0.15630588148704552
      ],
      [
        -0.38987006189750806,
        -0.5602792405302944,
        0.6512298516127741,
        0.3148990236591554,
        0.5494516073280414,
        -0.2318698316944444,
        -0.9902826953910108,
        0.42905399979923203,
        -0.7465553079538789,
        0.06555446537806085
      ],
      [
        -0.6497230068460781,
        -0.00015844455787259305,
        -0.015567607218642207,
        -0.28188476434460835,
        -0.037373084369006035,
        -0.5018952835419042,
        0.5695638869300548,
        -0.5861680231992552,
        -0.8893918024275395,
        0.18920980748122418
      ],
      [
        0.37297734561038604,
        -0.7578997574356882,
        -0.3278869334082082,
        -0.41897661798807173,
        -0.6816341917828174,
        -0.3514030593720745,
        0.5485237766595079,
        -0.04816724003225167,
        -0.8960099405544045,
        -0.2768640965306891
      ],
      [
        0.444568682228846,
        -0.7200436451740532,
        -0.21944580804703204,
        -0.346413339802931,
        0.7532251327510249,
        0.467752680734097,
        -0.40789569854344027,
        0.7224687082041843,
        -0.07840631905204658,
        -0.39346502421820617
      ],
      [
        -0.66626654708228,
        -0.2993724521009177,
        0.36146199120973577,
        -0.7675246374232539,
        0.3168464528087211,
        0.2286072341928376,
        -0.796499442064525,
        -0.7678675523048566,
        0.5256102386021212,
        0.7869249637234541
      ],
      [
        0.21418475123702094,
        -0.35261345028973246,
        0.22332934256493647,
        -0.1386719861543238,
        0.044396646034615864,
        0.9630244328598705,
        0.72799836106881,
        -0.7952220038938633,
        0.3802814463390578,
        -0.045022993521636925
      ],
      [
        -0.021491459121233365,
        0.8657220304908415,
        -0.48725854739557345,
        0.8634154795483776,
        -0.5918729273212979,
        -0.31800243881117957,
        0.44498456474694925,
        -0.23929318242068373,
        -0.11086052857150348,
        -0.6612782910309464
      ]
    ],
    [
      [
        0.21948886567389594,
        -0.03660263856849619,
        -0.48495526455861576,
        0.5644874248615376,
        0.11074891110318669,
        0.3719423682372594,
        0.037080056981675526,
        -0.6247239097229297,
        -0.6375782347994972,
        0.6578672670149706
      ],
      [
        0.056213804404203364,
        -0.5689632995133013,
        0.5803609744428149,
        0.43337286034433453,
        -1.0256722602764237,
        0.5669339811026168,
        -0.2098216325114827,
        0.21529972359135394,
        -0.2663688434659017,
        0.3339511978336867
      ],
      [
        0.24104820537786975,
        0.6395882932497876,
        0.2684249205666874,
        -0.6028656406057208,
        -0.2779918686254846,
        0.3584257205090663,
        -0.28354858833619045,
        0.3842614127577572,
        0.3703604826187452,
        0.7955170516867138
      ],
      [
        0.15851186141381451,
        -0.28922186328457744,
        0.5100946295139482,
        -0.15975486572105538,
        0.09877089846523564,
        -0.060316412743054916,
        0.49444516941816746,
        0.2633739263048916,
        0.4383169294547553,
        -0.5024931163676527
      ],
      [
        -0.5326707695556169,
        -0.28596477458955133,
        -0.3833544161182949,
        -0.3686888410043303,
        -0.39080222255467567,
        0.2904509412110611,
        0.6031385435445203,
        -0.9985367163698333,
        0.30766179704902535,
        -0.21106764625120228
      ],
      [
        0.6596101621712674,
        0.7564959838442127,
        -0.5579377283788474,
        -0.13197998786140044,
        0.4744894402393731,
        -0.9882632456805219,
        0.35547406460490827,
        -0.9887544774739188,
        -0.37334194697257184,
        0.4121289647967147
      ],
      [
        -0.8599648910226151,
        -0.3106708069715744,
        -0.6048405368376314,
        -0.5379103383768093,
        -0.47609259666841125,
        0.0686750263422832,
        -0.693304303901878,
        -0.38806913609352395,
        0.7676640623355816,
        0.7385190436336723
      ],
      [
        -0.801962771975876,
        0.6298032658320292,
        0.2252853443271125,
        -0.22860633862664342,
        0.301461896739641,
        0.6891714644945393,
        -0.9324476913577343,
        -0.47559458055597803,
        -0.6279322267344528,
        0.09363701979276357
      ],
      [
        0.8480117679097275,
        0.3174049595280862,
        -0.7787392062712846,
        0.0648058890638033,
        0.10727726152828373,
        0.23706971211612424,
        -0.8696000955824171,
        0.3122714680879929,
        -0.6842545585426765,
        0.47483028146414125
      ],
      [
        -0.659705112600557,
        -0.9329704553195757,
        0.35550398486514045,
        -0.6914354362012304,
        0.8191150535031623,
        0.26690009665322145,
        0.36532319597254964,
        0.7055249106886846,
        0.023014760835443477,
        0.860234854618047
      ]
    ],
    [
      [
        -0.5312866695077286,
