{
  "a": [
    [
      0.6834715330635964,
      -0.21819062754415255,
      0.5613383513464597,
      0.6004389017286851,
      0.8275058738731702,
      -0.6039528405353215,
      -0.3336353572539818,
      0.5537832198147663,
      -0.4405366635905913,
      0.11095763536071192
    ],
    [
      -0.04616308978454183,
      0.24955324020072894,
      -0.27119047680263236,
      0.03288218425294904,
      0.9033079067701881,
      0.827227329280581,
      0.27742619220925113,
      0.4325254927461023,
      -0.7157581300782917,
      0.20791137897675335
    ],
    [
      -0.9787534879894672,
      -0.5280166837057731,
      -0.7170142527897327,
      0.5943499135874397,
      -0.686402104752956,
      -0.1881655956616666,
      -0.7297598673912157,
      -0.7907278636079488,
      0.9971104009302736,
      -0.5786705051098961
    ]
  ],
  "b": [
    [
      -0.07816051829822357,
      0.6219564552534216,
      -0.6782051130773841,
      -0.1421639015798646,
      0.39535586651005866,
      -4.297733573742984,
      -0.32196132838458896,
      -0.39337296206815725,
      4.036745705326843,
      -3.2625504711318563
    ],
    [
      73.2062369147481,
      -1.1264288735551968,
      -2.278500597024017,
      -5.110175342488278,
      -34.21366969327886,
      22.202899549462014,
      -37.62518306728612,
      -19.748814766599175,
      -5.462884004992514,
      2.657780186713196
    ],
    [
      -19.247667598276447,
      0.47848148253341544,
      4.418556543062764,
      -2.3733245293072316,
      28.360575350784455,
      2.281881370596532,
      -24.920719681793887,
      28.429588004169425,
      -83.49640362480793,
      1.0235903113740281
    ],
    [
      -0.9018974156411432,
      -0.22253224169964786,
      0.5219017721411416,
      -0.17647927248855488
    ]
  ],
  "waa": [
    [
      [
        -0.07649454785360002,
        0.6774583296908707,
        0.8138009811445432,
        -0.7008965717279108,
        0.1625110687794934,
        0.11851454601080133,
        0.7969791353756239,
        -0.904702495021738,
        -0.3939839253896981,
        -0.7623858713041226
      ],
      [
        0.6961190095797846,
        0.4490581722259069,
        0.2427324234691139,
        -0.8564641700561674,
        -0.4712187999556247,
        -0.1460291401913243,
        -0.7269856249479936,
        -0.10320026357446624,
        0.3153921414632592,
        0.17899062826826256
      ],
      [
        -0.005821925310376598,
        -0.6442923486125708,
        0.6754792739150974,
        -0.7823422832819898,
        0.32019571926874113,
        0.6579001710084568,
        -0.17952111778125657,
        0.9747374082845554,
        0.6167455807928817,
        0.15762886222232214
      ],
      [
        -0.4197054388412973,
        -0.5554965065637683,
        0.6347632052670146,
        0.292816985570039,
        0.5213543580586012,
        -0.20960911229824067,
        -0.9882908608924433,
        0.41435985291535804,
        -0.7354142474560399,
        0.05950691308854212
      ],
      [
        -0.6396391623750987,
        -0.0027915818717783826,
        -0.008241605492362818,
        -0.27322749435253724,
        -0.025730895705762535,
        -0.5109194943044975,
        0.5668025001799116,
        -0.5786354156390681,
        -0.8966736638824689,
        0.19001136634337232
      ],
      [
        0.3671267831140377,
        -0.7570997687733331,
        -0.3310787429728696,
        -0.42454201041501466,
        -0.6869462464975152,
        -0.3468782274339484,
        0.5493709484926499,
        -0.05318437448508527,
        -0.8923512202561448,
        -0.2763619736509269
      ],
      [
        0.4567398358302334,
        -0.7240213210918892,
        -0.20996921904278387,
        -0.3357881961436118,
        0.7680589924823643,
        0.4572578533703704,
        -0.413436045525226,
        0.7316270353092641,
        -0.08564806428332297,
        -0.3911721542140355
      ],
      [
        -0.7249361888138037,
        -0.27815361521718707,
        0.3151418029183748,
        -0.8203894531866506,
        0.24762602831053232,
        0.28002092198878703,
        -0.7691710090992133,
        -0.8146066191212269,
        0.5637228939506521,
        0.7769570585922884
      ],
      [
        0.2036335878628584,
        -0.34958995062449716,
        0.21560949774155588,
        -0.1476163505953814,
        0.03229675649789343,
        0.9719904120251437,
        0.7323243139579112,
        -0.802903447102638,
        0.385846218827472,
        -0.04723938600971743
      ],
      [
        -0.01798255525559453,
        0.8646817243283954,
        -0.48452040579448,
        0.8665034945875014,
        -0.5877412204526694,
        -0.3210041280279931,
        0.4433934993369746,
        -0.23647443587878542,
        -0.11304207785271857,
        -0.6608129780183697
      ]
    ],
    [
      [
        0.21942692133776925,
        -0.03635750532507575,
        -0.4852471310940339,
        0.5645430910301006,
        0.1114135113553897,
        0.3725413005218553,
        0.037215549226925056,
        -0.6244706089077962,
        -0.6381674539039116,
        0.6580605057831735
      ],
      [
        0.05143578525793259,
        -0.5486928434403829,
        0.5561656118885911,
        0.4389627283019797,
        -0.9696789877364526,
        0.6206367317853193,
        -0.19822843691136868,
        0.2384736216629861,
        -0.318211917381499,
        0.35157862600661693
      ],
      [
        0.23819051842588324,
        0.6516717295871084,
        0.25392320996403195,
        -0.5995146083388678,
        -0.24622671839657018,
        0.389580571867809,
        -0.2777150966267555,
        0.3974114009110613,
        0.3399575595337991,
        0.8067853027095688
      ],
      [
        0.19239400876669582,
        -0.41836238885855687,
        0.6722222423263455,
        -0.19762232446200226,
        -0.2357174693892611,
        -0.3761492994940477,
        0.4377225527725471,
        0.13563607158178947,
        0.7580599810385202,
        -0.6177928082336035
      ],
      [
        -0.5326489783522945,
        -0.2858132495901065,
        -0.38346883354658845,
        -0.36871123319012933,
        -0.38991127918993035,
        0.29111130429746823,
        0.6035685208181983,
        -0.9980968880438124,
        0.3071865237260304,
        -0.2111238373165411
      ],
      [
        0.6596143442949607,
        0.7565619242510552,
        -0.5579911870294872,
        -0.13197977882553788,
        0.4748485709728819,
        -0.9879611941976957,
        0.35563680130428144,
        -0.9885660132836578,
        -0.3735670049364596,
        0.4121390039223745
      ],
      [
        -0.8598640706117344,
        -0.31126114620811707,
        -0.6042150224387804,
        -0.537977844819765,
        -0.47825557552096576,
        0.06670390098865958,
        -0.6939864471762892,
        -0.38911311525603803,
        0.7693508379646813,
        0.7380454097969738
      ],
      [
        -0.8021635403359115,
        0.628922843033893,
        0.22583939719964682,
        -0.22860822399389455,
        0.29613401798918365,
        0.6848946415362901,
        -0.9351803652024228,
        -0.47838523827021634,
        -0.6249462550005669,
        0.09404986372366719
      ],
      [
        0.8475714226208934,
        0.31764812646914803,
        -0.7798474702441897,
        0.0656173788547451,
        0.10234203381509421,
        0.23478844932391013,
        -0.8735741541998921,
        0.30963766913734797,
        -0.6839057107212632,
        0.47738253225295524
      ],
      [
        -0.6606815548945557,
        -0.9274483329809784,
        0.3493220787912067,
        -0.69056570641164,
        0.8388093814177122,
        0.2850433311597664,
        0.37132938442228397,
        0.7149321083061049,
        0.0072172165524742055,
        0.8648831972459557
      ]
    ],
    [
      [
        -0.532806484649209,
        0.3149105870018797,
