{
  "a": [
    [
      0.6824757829258272,
      -0.2169135355887434,
      0.5614464535383394,
      0.6014616731684556,
      0.8264985621389327,
      -0.6047866499290168,
      -0.3319372524784074,
      0.5517062301603405,
      -0.441299435506605,
      0.11096216366857051
    ],
    [
      -0.04620211743389065,
      0.24952688310472113,
      -0.2712260904686267,
      0.032895165646146245,
      0.9033274269544687,
      0.8273065692760274,
      0.2773851716190577,
      0.4325550165585292,
      -0.7158605738035554,
      0.2080359329730766
    ],
    [
      -0.9872558707938038,
      -0.5391179295177377,
      -0.7196390757292749,
      0.5916804040525911,
      -0.6857458177687336,
      -0.1895977790117613,
      -0.7221629018148367,
      -0.7971981665436053,
      0.999299808552378,
      -0.5860359890453135
    ]
  ],
  "b": [
    [
      -0.05525329320575258,
      0.6177996843446238,
      -0.6992481380926517,
      -0.11750372336850415,
      0.39861025578766074,
      -4.298530054937802,
      -0.3124823695284549,
      -0.39048271944783974,
      4.035719360429842,
      -3.258280732870073
    ],
    [
      73.20676937137824,
      -1.1336205978515683,
      -2.2459078109799875,
      -5.119388279916646,
      -34.213307443762794,
      22.202799648330114,
      -37.62518423842171,
      -19.745229169130038,
      -5.4585193781292585,
      2.68294393521197
    ],
    [
      -19.247361613689577,
      0.45996663954993194,
      4.434994595360761,
      -2.331327804031716,
      28.360292259167558,
      2.29030980083823,
      -24.921669986401405,
      28.430139906614237,
      -83.49645375713409,
      1.0051301871490872
    ],
    [
      -0.9115350403617494,
      -0.1973086646896201,
      0.5061109394294062,
      -0.1456623301852859
    ]
  ],
  "waa": [
    [
      [
        -0.07622152669663831,
        0.6773712396681056,
        0.8140253186556358,
        -0.7006564337836088,
        0.16284170935894635,
        0.11827306280767481,
        0.7968459209431911,
        -0.9044813826244285,
        -0.39416008280016795,
        -0.7623415022004382
      ],
      [
        0.6957685029554015,
        0.44916978665456303,
        0.24244419658068078,
        -0.8567725908662462,
        -0.47164326705354837,
        -0.14571889472300223,
        -0.72681473669537,
        -0.10348395710139205,
        0.3156184294624057,
        0.1789336284699511
      ],
      [
        -0.006219397856577228,
        -0.6441657617322565,
        0.675152448724676,
        -0.7826920407727532,
        0.3197143699604022,
        0.6582519758920619,
        -0.17932734104871823,
        0.9744156970180409,
        0.6170021931133729,
        0.15756423224208704
      ],
      [
        -0.41969397266680064,
        -0.5555002080185708,
        0.6347725415098822,
        0.2928269726147832,
        0.52136822173763,
        -0.20961915766233616,
        -0.9882964884332296,
        0.4143691957390599,
        -0.735421575749382,
        0.059508751486988
      ],
      [
        -0.6395291464012868,
        -0.002826629452702928,
        -0.0081511441366506,
        -0.27313067278754233,
        -0.025597660545779267,
        -0.5110168690602691,
        0.5667488576606802,
        -0.5785463672588702,
        -0.896744691854365,
        0.19002926024763542
      ],
      [
        0.3671891658320035,
        -0.7571196171441649,
        -0.3310274246434433,
        -0.42448706547522974,
        -0.686870685600977,
        -0.3469334878078666,
        0.5493405589631798,
        -0.053133908820324434,
        -0.8923915316721053,
        -0.2763518237112233
      ],
      [
        0.4557886339099864,
        -0.7237179607706477,
        -0.21075084768761834,
        -0.33662489984065896,
        0.766907024850879,
        0.45809925564181375,
        -0.41297202171884745,
        0.7308567488750585,
        -0.08503425018527073,
        -0.3913267116912894
      ],
      [
        -0.7249916516395722,
        -0.2781360229130263,
        0.3150961269316422,
        -0.8204383842841588,
        0.2475588516642527,
        0.28007013075849096,
        -0.7691440683900141,
        -0.8146514055462408,
        0.5637587970120059,
        0.7769480260659184
      ],
      [
        0.20377212484662063,
        -0.34963402328470267,
        0.21572347056926533,
        -0.1474943147305959,
        0.03246456306033569,
        0.9718676780368426,
        0.7322568346938575,
        -0.8027913837656336,
        0.38575668473636954,
        -0.04721684392658834
      ],
      [
        -0.017997509762231915,
        0.8646864847402036,
        -0.4845327054205877,
        0.8664903202193538,
        -0.5877593356164706,
        -0.32099088133542103,
        0.4434007863044811,
        -0.2364865353642506,
        -0.1130324141039161,
        -0.6608154111685831
      ]
    ],
    [
      [
        0.21942690911918994,
        -0.03635743915069157,
        -0.4852472029634027,
        0.5645430997219899,
        0.11141375070101388,
        0.37254151976414496,
        0.037215622702236356,
        -0.6244704942751997,
        -0.6381676435830592,
        0.6580605609498218
      ],
      [
        0.05143348423647102,
        -0.5486804062397689,
        0.5561520971042535,
        0.43896436484886003,
        -0.9696339710798568,
        0.6206779598175968,
        -0.19821461322299053,
        0.23849517903836243,
        -0.31824758863763397,
        0.3515889935704266
      ],
      [
        0.23819073040220112,
        0.651670570293768,
        0.25392446192603624,
        -0.5995147545308153,
        -0.246230882409762,
        0.3895767453775533,
        -0.2777163682926684,
        0.39740939968232003,
        0.33996086531509356,
        0.8067843243948061
      ],
      [
        0.19239880743339408,
        -0.4183883212669248,
        0.6722504210491739,
        -0.19762573416283954,
        -0.2358113372899637,
        -0.3762352674858896,
        0.4376937277060174,
        0.13559111864934584,
        0.7581343600476735,
        -0.6178144291856578
      ],
      [
        -0.5326489780122498,
        -0.2858132514602019,
        -0.38346883152438305,
        -0.3687112334308251,
        -0.3899112859160327,
        0.29111129812667824,
        0.6035685187591345,
        -0.9980968912699363,
        0.30718652906095373,
        -0.2111238388793458
      ],
      [
        0.6596141746110857,
        0.7565628410696816,
        -0.5579921833653217,
        -0.13197965818047147,
        0.4748518899338799,
        -0.9879581546770365,
        0.35563782056273824,
        -0.9885644239285087,
        -0.3735696347806573,
        0.41213976817639464
      ],
      [
        -0.8598640606265702,
        -0.31126120027724324,
        -0.6042149637068288,
        -0.5379778519335593,
        -0.47825577111726675,
        0.06670372183934799,
        -0.6939865072320107,
        -0.38911320892276,
        0.7693509929652477,
        0.738045364746528
      ],
      [
        -0.802163476187576,
        0.6289224959187929,
        0.2258397742764422,
        -0.22860826963211994,
        0.29613276209520667,
        0.684893491230735,
        -0.9351807508053116,
        -0.478385839725636,
        -0.6249452597720567,
        0.09404957438307551
      ],
      [
        0.8475710334855096,
        0.31765022772636087,
        -0.7798497544695387,
        0.06561765614010491,
        0.10234964281396432,
        0.23479541668589266,
        -0.8735718169107112,
        0.3096413120987676,
        -0.6839117396174649,
        0.47738428266956145
      ],
      [
        -0.6606837429950972,
        -0.9274364530999025,
        0.3493091745408104,
        -0.690564132655842,
        0.8388523404153005,
        0.28508267531419856,
        0.3713425779348207,
        0.7149526730040614,
        0.007183169586618565,
        0.8648930733999773
      ]
    ],
    [
      [
        -0.5327958294553103,
        0.31491638642817354,
