{
  "a": [
    [
      0.630627387020147,
      -0.2808806171030854,
      0.6209061177642449,
      0.6254914538538284,
      0.8873065864556906,
      -0.6058527930124553,
      -0.4460178704801962,
      0.576227975025588,
      -0.4824865167473201,
      0.12803589571911936
    ],
    [
      -0.04198979353126356,
      0.2599721221843919,
      -0.27628778731981957,
      0.047332634024964404,
      0.8943941950465166,
      0.8052220518849965,
      0.2814722451090479,
      0.4073072430769276,
      -0.7039032801857312,
      0.16552141672894283
    ],
    [
      -1.0553696182834917,
      -0.7095810060389373,
      -0.7967898302812457,
      0.6416386735129144,
      -0.6822565098902669,
      -0.1298285607777937,
      -0.6710685291110754,
      -0.9722250812992472,
      0.9457077800557433,
      -0.6109455896815822
    ]
  ],
  "b": [
    [
      0.7265975998237405,
      0.5885322879718038,
      -0.9048686792196303,
      -0.6534125004250013,
      1.2089331203460258,
      -4.337625036533113,
      -0.2648605528449091,
      -1.2295778240578996,
      3.9583084468375564,
      -3.449948016418147
    ],
    [
      73.22427367630486,
      -0.6232273921333138,
      -1.6318624055355484,
      -5.430490311428129,
      -34.21097240053371,
      22.21338754948336,
      -37.651257896324644,
      -19.695843861248044,
      -5.371493325442449,
      4.358323603364696
    ],
    [
      -19.25487434684495,
      0.011898108015095507,
      4.204545196489775,
      -2.314791384686709,
      28.35246330723891,
      2.3482599839694354,
      -24.95749418335722,
      28.420956021293645,
      -83.50355067734017,
      0.5439330434721995
    ],
    [
      -1.2644704404586207,
      -0.3218793034632411,
      -0.3277944197694518,
      1.308852480608473
    ]
  ],
  "waa": [
    [
      [
        -0.0738263968371332,
        0.6766400910629504,
        0.8158225105500545,
        -0.6986059028285706,
        0.16562634167944548,
        0.11631032644729727,
        0.7957201029935744,
        -0.9025737988276348,
        -0.3955372878237125,
        -0.7620046926175794
      ],
      [
        0.684336725129406,
        0.4526431393948239,
        0.23345597963820813,
        -0.866775895405692,
        -0.48520199048254636,
        -0.13590099430726843,
        -0.721534602974522,
        -0.11255234740614106,
        0.3226698828338579,
        0.17723994729243484
      ],
      [
        -0.01277753772545029,
        -0.6420124239053185,
        0.669861867448136,
        -0.7883878616456369,
        0.31179371216190693,
        0.6639048875618427,
        -0.17610779495039355,
        0.9690721480302805,
        0.6211342918241589,
        0.1565414677943599
      ],
      [
        -0.3568338804006331,
        -0.574907122571179,
        0.6845318284129602,
        0.35011554543112766,
        0.5967670877372838,
        -0.2653051705922164,
        -1.015352841399922,
        0.46481442040047216,
        -0.7769392203076619,
        0.06808628259019678
      ],
      [
        -0.6588786112828016,
        0.003426299738532829,
        -0.023721352461030458,
        -0.2905264767938552,
        -0.049421344942859206,
        -0.4935339001082247,
        0.5753205598102575,
        -0.5939653629098826,
        -0.8834750660461593,
        0.18712802443021986
      ],
      [
        0.3693558989091963,
        -0.757802090796231,
        -0.32925584128105895,
        -0.4224681311187447,
        -0.6842197692601704,
        -0.34884998401431705,
        0.5483321923567467,
        -0.051352346156340246,
        -0.8938110564800109,
        -0.2760475443822714
      ],
      [
        0.4560786799199397,
        -0.7238988249359642,
        -0.2100849930232548,
        -0.33631338491602175,
        0.7673776890040881,
        0.45764642795724164,
        -0.4134768835223692,
        0.7312692215624594,
        -0.08533110016521121,
        -0.391099787145617
      ],
      [
        -0.7069091130701408,
        -0.2852078171872156,
        0.33138263451589706,
        -0.8028697973744072,
        0.27131626224564565,
        0.26321626332784875,
        -0.7797203494828695,
        -0.7986824814557294,
        0.5503815495595828,
        0.7798430106044835
      ],
      [
        0.20187079582093087,
        -0.3489641341657418,
        0.2140874862976944,
        -0.1492988546095812,
        0.030052451905372445,
        0.9735754093329795,
        0.7332857642381637,
        -0.8043922239719603,
        0.38705249428171457,
        -0.04751166814121795
      ],
      [
        -0.022060365531151777,
        0.865929504257833,
        -0.4877408027831225,
        0.8629085621110208,
        -0.5925932267984675,
        -0.3174940926350811,
        0.44528458596944975,
        -0.2397279280261331,
        -0.11051274225425411,
        -0.6614134840253454
      ]
    ],
    [
      [
        0.2194407681945058,
        -0.036415272048162424,
        -0.48518858541419657,
        0.5645297514015486,
        0.11121829481278572,
        0.372355156461345,
        0.03715671147756936,
        -0.624560037527316,
        -0.6380051283301824,
        0.6580197522075768
      ],
      [
        0.051949346883604364,
        -0.5512497458178871,
        0.5588119336254753,
        0.4382902977504179,
        -0.9786256548915374,
        0.6121500591254747,
        -0.20109073506565847,
        0.2343137029506193,
        -0.31084076186922105,
        0.34990754002246865
      ],
      [
        0.2387443994860146,
        0.6480743060534299,
        0.2576456300827607,
        -0.6002624436297112,
        -0.2584477942514186,
        0.37787775994812517,
        -0.2815223485878659,
        0.391500248420553,
        0.3500400697173927,
        0.8040314076540879
      ],
      [
        0.19188152005888107,
        -0.4152577042151089,
        0.6689429420134112,
        -0.19694947236608276,
        -0.22516835146408812,
        -0.36630743061874477,
        0.4409953790683511,
        0.1405461831731984,
        0.7494677590909155,
        -0.6156539677475442
      ],
      [
        -0.5326510897077473,
        -0.28580913271499686,
        -0.3834732511220366,
        -0.3687131432852453,
        -0.3898971682665923,
        0.29111374753337205,
        0.6035716535950462,
        -0.99809604143768,
        0.3071822870986452,
        -0.21112750559682544
      ],
      [
        0.6596313856947105,
        0.7564634548386787,
        -0.5578849346571726,
        -0.13199791120979465,
        0.4744984359193208,
        -0.9882847247059878,
        0.35552675243340437,
        -0.9887317520702387,
        -0.3732865813479253,
        0.41206516162284496
      ],
      [
        -0.8599665991641687,
        -0.31070243328847014,
        -0.6048137207124556,
        -0.5379084813746404,
        -0.476249977984607,
        0.0685532058245204,
        -0.6933736646466339,
        -0.38814549958524736,
        0.7677565223296434,
        0.7385197582479177
      ],
      [
        -0.8021996793067001,
        0.6295028061930209,
        0.22521757900003708,
        -0.22834510652258672,
        0.2979474714807336,
        0.686745016172035,
        -0.9345650382359143,
        -0.47752039029695953,
        -0.6265751996775561,
        0.09437482443167164
      ],
      [
        0.8477347511219685,
        0.3162257221895769,
        -0.7783521836895632,
        0.06532282360122176,
        0.09759263620344757,
        0.2302515294497371,
        -0.8750460447874002,
        0.3073281056178563,
        -0.6799848783558603,
        0.4762964322943777
      ],
      [
        -0.6597616939719098,
        -0.9328468043591674,
        0.3553127146923958,
        -0.6913914866638435,
        0.8192594429827369,
        0.2670247073565342,
        0.36525346861603863,
        0.7055090391709122,
        0.022794555825681784,
        0.8603755742155424
      ]
    ],
    [
      [
        -0.5329969603205981,
        0.3147865561877054,
