{
  "a": [
    [
      0.6825999123808286,
      -0.21721571274461948,
      0.5616872404932014,
      0.601041728702471,
      0.8268146151956253,
      -0.6046003898161924,
      -0.3327343076891623,
      0.5523254300446301,
      -0.44099902849660355,
      0.11109370866762694
    ],
    [
      -0.04612679299625472,
      0.2496664069731386,
      -0.2711946753019924,
      0.03280603107924513,
      0.9032749211092628,
      0.8273311092451273,
      0.2773395511728056,
      0.4325944651700674,
      -0.7157764281893343,
      0.20810526211188543
    ],
    [
      -0.9831172680307382,
      -0.5337516544077532,
      -0.7183991241150177,
      0.593014236469063,
      -0.686015424480063,
      -0.18910094415762932,
      -0.7258575058024361,
      -0.7940133772717435,
      0.9983025688567575,
      -0.5823702385040974
    ]
  ],
  "b": [
    [
      -0.06313758705636482,
      0.6198212529966327,
      -0.6891701307236603,
      -0.12683359139762518,
      0.39638964741839466,
      -4.298455986693892,
      -0.3167034795314388,
      -0.3948379316743232,
      4.037390181528926,
      -3.2600212704302853
    ],
    [
      73.20651414645663,
      -1.129490556603116,
      -2.259757185883638,
      -5.115468335674463,
      -34.213505029984084,
      22.202801020845968,
      -37.62522161506262,
      -19.746776396631603,
      -5.4603971744270785,
      2.672379320137176
    ],
    [
      -19.24748215946902,
      0.4701326621549222,
      4.428002634533777,
      -2.3489505942255198,
      28.36038152134717,
      2.285858944413793,
      -24.92127895585839,
      28.429928881354105,
      -83.49644492355453,
      1.0153608753145535
    ],
    [
      -0.908823635134924,
      -0.21016511445421227,
      0.51404706982541,
      -0.1597972721415349
    ]
  ],
  "waa": [
    [
      [
        -0.07626051577335799,
        0.677383640281599,
        0.8139932364031149,
        -0.7006907858553654,
        0.1627944799655678,
        0.11830761173448001,
        0.7968649107163394,
        -0.90451291743045,
        -0.39413488018303683,
        -0.7623478487888428
      ],
      [
        0.6959118474444422,
        0.44912418591562414,
        0.24256214629857548,
        -0.8566463381163316,
        -0.47146964169487915,
        -0.14584588227980827,
        -0.7268845741390622,
        -0.10336799758769596,
        0.31552579768817307,
        0.1789569565452006
      ],
      [
        -0.00603480019572029,
        -0.6442244800968769,
        0.6753043429697457,
        -0.7825294302574127,
        0.31993796733704727,
        0.6580884275963929,
        -0.17941726054768786,
        0.9745650159390642,
        0.6168828877375241,
        0.15759427338713647
      ],
      [
        -0.4196030112880568,
        -0.5555291452457044,
        0.6348474070085078,
        0.2929071229529586,
        0.5214784183959215,
        -0.20969976617429417,
        -0.9883408130608425,
        0.41444277855264267,
        -0.7354803775067134,
        0.05952356379911991
      ],
      [
        -0.6396006408913623,
        -0.0028038890557406902,
        -0.008209978686046315,
        -0.27319366096385994,
        -0.025684262740860435,
        -0.5109535197443946,
        0.5667836852320087,
        -0.5786041969927156,
        -0.8966984805610942,
        0.19001762212693157
      ],
      [
        0.36714465520523765,
        -0.757105463527807,
        -0.33106404784915794,
        -0.4245262835974838,
        -0.686924600148869,
        -0.3468940455421726,
        0.5493622299495499,
        -0.05316990431397648,
        -0.8923627579260104,
        -0.27635906691309337
      ],
      [
        0.4559668602947645,
        -0.7237746545580617,
        -0.21060420798186533,
        -0.33646787903323405,
        0.7671229192244781,
        0.4579413421174671,
        -0.413058817015495,
        0.7310009055046692,
        -0.08514945948726876,
        -0.39129771688766124
      ],
      [
        -0.7248993835660252,
        -0.2781653537089094,
        0.3151720414914144,
        -0.8203570836560965,
        0.2476706007145798,
        0.2799883690079728,
        -0.769188964625621,
        -0.8145768109809723,
        0.5636991463883316,
        0.7769630367944073
      ],
      [
        0.20366272311338024,
        -0.34959923619362104,
        0.21563345597848155,
        -0.14759070841050181,
        0.0323320481807977,
        0.9719646227660829,
        0.7323100978602448,
        -0.8028798554736444,
        0.3858274073801226,
        -0.04723464660022313
      ],
      [
        -0.01798853192510191,
        0.8646836297361805,
        -0.48452531795918424,
        0.8664982317172147,
        -0.5877484604739154,
        -0.320998837431413,
        0.443396414740372,
        -0.23647927485958872,
        -0.11303821813570543,
        -0.6608139498884713
      ]
    ],
    [
      [
        0.21942691915643303,
        -0.03635749344607348,
        -0.48524714397682794,
        0.564543092579819,
        0.11141355424400973,
        0.3725413398271152,
        0.03721556238180848,
        -0.6244705883563247,
        -0.6381674879005935,
        0.658060515692369
      ],
      [
        0.05143468823307712,
        -0.5486869144071844,
        0.5561591689531408,
        0.43896350854310434,
        -0.9696575256081446,
        0.6206563868038446,
        -0.19822184580805255,
        0.23848389909584608,
        -0.31822892324208746,
        0.3515835676995801
      ],
      [
        0.23818336475939755,
        0.6517104153080434,
        0.25388117650243025,
        -0.5995095175411838,
        -0.24608671403522375,
        0.38970879454991636,
        -0.2776721047350418,
        0.3974784447051603,
        0.33984661909474406,
        0.8068175444642871
      ],
      [
        0.1923970626137778,
        -0.41837888818335983,
        0.6722401726638889,
        -0.19762449522629588,
        -0.23577719903429115,
        -0.37620399999951193,
        0.43770420969737456,
        0.13560746868873902,
        0.7581073087384264,
        -0.6178065626453592
      ],
      [
        -0.5326489793718902,
        -0.2858132441060587,
        -0.383468839513787,
        -0.3687112324642038,
        -0.3899112593050309,
        0.29111132249985594,
        0.6035685269298939,
        -0.998096878525669,
        0.30718650797376645,
        -0.2111238327484392
      ],
      [
        0.6596141922780278,
        0.756562745490007,
        -0.5579920795315204,
        -0.13197967074698977,
        0.4748515441034454,
        -0.9879584714363234,
        0.35563771438248154,
        -0.988564589552179,
        -0.3735693607250839,
        0.4121396884939922
      ],
      [
        -0.8598640671853132,
        -0.3112611647940376,
        -0.6042150022537954,
        -0.537977847267904,
        -0.47825564273251997,
        0.06670383942902228,
        -0.6939864678128211,
        -0.38911314743943215,
        0.7693508912277822,
        0.7380453943239097
      ],
      [
        -0.802163509409108,
        0.628922675587746,
        0.2258395790742624,
        -0.22860824600137972,
        0.29613341224259715,
        0.6848940867114403,
        -0.9351805511847633,
        -0.4783855283686949,
        -0.6249457749828871,
        0.0940497241698821
      ],
      [
        0.8475705795966488,
        0.3176526847467983,
        -0.7798524231019781,
        0.06561797873760292,
        0.10235853115157936,
        0.234803558124439,
        -0.8735690880944683,
        0.3096455691270845,
        -0.6839187831080039,
        0.4773863311224299
      ],
      [
        -0.6606820652566088,
        -0.9274455438176337,
        0.3493190509630345,
        -0.6905653336010505,
        0.838819455653819,
        0.2850525569539566,
        0.3713324797437721,
        0.7149369284129589,
        0.007209231474940403,
        0.8648855059444377
      ]
    ],
    [
      [
        -0.5328054768234336,
        0.31491113226995204,
