{
  "a": [
    [
      0.5961932832080126,
      -0.2685407695110148,
      0.579129179484911,
      0.5615299454826456,
      0.8418540849414332,
      -0.570182018371196,
      -0.4092107707275972,
      0.47166359297080235,
      -0.3903079415529294,
      0.1975195793651223
    ],
    [
      0.0290605214198249,
      0.11422984359642382,
      -0.06141609161219814,
      -0.0331960526690527,
      0.7814086295654964,
      0.5721812568176591,
      0.4022048435165155,
      0.4007158625910203,
      -0.38339148481730845,
      -0.08270116916581605
    ],
    [
      -1.038011198857908,
      -0.7293032776552937,
      -0.7807413460521894,
      0.6378655544113758,
      -0.681689461766382,
      -0.09427013642299707,
      -0.6780449651226482,
      -0.9915932616298302,
      0.9399067249612669,
      -0.5994023442265092
    ]
  ],
  "b": [
    [
      0.6750354481257396,
      0.7686976652785165,
      -0.8510731895171185,
      -2.075954855644093,
      -0.27258907373966756,
      -4.290287459306287,
      -0.5147492234283727,
      -1.3985092259118421,
      4.155631022908799,
      -3.378116375549533
    ],
    [
      73.2288575912772,
      0.0959369810736361,
      -0.9246475865536292,
      -4.30891988573055,
      -34.23009792405395,
      22.245404153432762,
      -37.652501796717715,
      -19.654547644196565,
      -5.506302508598531,
      4.552840098575758
    ],
    [
      -19.212429785582195,
      -0.041724950628033636,
      4.018077569636578,
      -2.151775211600196,
      28.352573467530448,
      2.257979995783018,
      -24.958682132723474,
      28.40153800315304,
      -83.51536061380207,
      0.5505932090033727
    ],
    [
      -1.544017563702297,
      0.5290573109879182,
      0.002524282402371597,
      0.36313203932917704
    ]
  ],
  "waa": [
    [
      [
        -0.08828334335103995,
        0.6815903681724474,
        0.8038396743694263,
        -0.7114753021540486,
        0.147685638189071,
        0.12912508988699084,
        0.8028896002052001,
        -0.9139146369838475,
        -0.3863928528522331,
        -0.764728000291908
      ],
      [
        0.6835425501091874,
        0.45293142503602235,
        0.23278074915545355,
        -0.8674554399591294,
        -0.4862196314451595,
        -0.1352100458412097,
        -0.7210984086740622,
        -0.11311235486550779,
        0.3230765968213081,
        0.176988633363493
      ],
      [
        -0.013717147229854596,
        -0.6416629881982887,
        0.6690464724035107,
        -0.7892034784715528,
        0.31057045586265186,
        0.6647360966606078,
        -0.17557416553869126,
        0.9683952546665158,
        0.621637994739155,
        0.156246577164174
      ],
      [
        -0.4026440825673368,
        -0.5548675822166277,
        0.6393019129732319,
        0.3030357580469021,
        0.5319556538750121,
        -0.21986091460373788,
        -0.9821173637859673,
        0.41919300497963874,
        -0.7384988871778778,
        0.061492747770819985
      ],
      [
        -0.6491025154093579,
        -0.0004352354717401531,
        -0.014972453523608785,
        -0.2812670884759026,
        -0.036513641361073684,
        -0.5024948915177507,
        0.5691479807916906,
        -0.5856415333017692,
        -0.889838240244214,
        0.18937913923372127
      ],
      [
        0.37253759305326234,
        -0.7576839339367699,
        -0.32834130177195653,
        -0.41939200475624683,
        -0.6822853827634591,
        -0.35097185658253305,
        0.5488635178216221,
        -0.04851881588847834,
        -0.8957183146515565,
        -0.2770309084392435
      ],
      [
        0.44510997468667746,
        -0.7202818819461825,
        -0.21892806990693242,
        -0.34591046504621237,
        0.7539814428137643,
        0.46723978957285867,
        -0.4082569033156027,
        0.7228888598844757,
        -0.07875139861135995,
        -0.3932856084748271
      ],
      [
        -0.6628182146731494,
        -0.30154941488858666,
        0.3658233704949675,
        -0.7642915596444242,
        0.3229899010274269,
        0.22481814991548685,
        -0.8000346780062759,
        -0.7653340081173136,
        0.5232546792091785,
        0.788995500728328
      ],
      [
        0.21419459050311507,
        -0.3526173643622054,
        0.22333771677671582,
        -0.13866108652728,
        0.04440869383766163,
        0.9630151020896368,
        0.7279930762540231,
        -0.7952123112906369,
        0.3802730765948756,
        -0.045022229990229534
      ],
      [
        -0.021690019783294323,
        0.8658090547450225,
        -0.4874478755756315,
        0.8632299657087917,
        -0.5921493457827356,
        -0.3178142839775815,
        0.44511641781212336,
        -0.2394484892258965,
        -0.11073277413662115,
        -0.661342661315601
      ]
    ],
    [
      [
        0.21948599301552907,
        -0.03661430669755486,
        -0.4849490450511061,
        0.5644908319522781,
        0.11066911063665352,
        0.3718839291371656,
        0.037038990648075545,
        -0.6247647905376058,
        -0.637539105177478,
        0.6578757406690395
      ],
      [
        0.056210200404237784,
        -0.5690777875325629,
        0.580417428237682,
        0.4334111284864718,
        -1.026492094477967,
        0.566367287976128,
        -0.21025817571293032,
        0.21490598504244876,
        -0.26599284536338247,
        0.3340608569948292
      ],
      [
        0.24106148793456847,
        0.6396107565923017,
        0.26841299779678784,
        -0.6028708715009096,
        -0.27785898567046385,
        0.35853738007041497,
        -0.2834865763158387,
        0.38433928870468537,
        0.3702851992993388,
        0.7955122553184354
      ],
      [
        0.15850928798550787,
        -0.28923399384226245,
        0.510100969567843,
        -0.15975125142261484,
        0.09868765965432875,
        -0.06037699039798094,
        0.49440219188995055,
        0.2633316646812436,
        0.4383574318810435,
        -0.5024839920155711
      ],
      [
        -0.5326683601536043,
        -0.2859527172793673,
        -0.3833606826807014,
        -0.3686924507129975,
        -0.39071963362134354,
        0.29051093488913665,
        0.6031811544270557,
        -0.9984949373767998,
        0.307621673382454,
        -0.2110767825681853
      ],
      [
        0.659613970909315,
        0.7565101993211443,
        -0.5579454228901138,
        -0.13198408558534597,
        0.47458660306470846,
        -0.9881919044429427,
        0.35552402352937096,
        -0.9887044599286506,
        -0.3733897640054925,
        0.4121188172332174
      ],
      [
        -0.8599638246869022,
        -0.3106658974255319,
        -0.6048431184614694,
        -0.5379117906837927,
        -0.4760591180256767,
        0.06869943460596155,
        -0.6932870894982879,
        -0.38805212718547094,
        0.7676477157700874,
        0.7385154096982556
      ],
      [
        -0.8020110032106833,
        0.6296067960839403,
        0.2253900472651256,
        -0.22854855585616948,
        0.3001165487615281,
        0.6881873336834893,
        -0.9331412497338654,
        -0.47628360735373404,
        -0.6272739534003607,
        0.09378024165391932
      ],
      [
        0.8480447087408721,
        0.3174500780641456,
        -0.7787681214133552,
        0.06479710012606818,
        0.1075451489434742,
        0.23729495933506772,
        -0.8694774756236588,
        0.31243089500148,
        -0.6844094680176248,
        0.47482211368008864
      ],
      [
        -0.6597117241949056,
        -0.9330006349636459,
        0.35551980449613374,
        -0.6914264950853655,
        0.8189081047540615,
        0.26674923976226167,
        0.3652164320253382,
        0.7054196299661822,
        0.023115659700397945,
        0.8602573823754258
      ]
    ],
    [
      [
        -0.5312864486398237,
        0.3159914506541534,
