{
  "a": [
    [
      0.6824600046000223,
      -0.2169897224835631,
      0.5615239632264487,
      0.6012633865649557,
      0.8266042904023416,
      -0.6047100868968212,
      -0.3322170716642684,
      0.551844650418576,
      -0.44112119687120466,
      0.11106177771103355
    ],
    [
      -0.0461591985242091,
      0.2496232546579567,
      -0.2712117842460529,
      0.03284186192066751,
      0.9032933542849888,
      0.8273280790769534,
      0.27735228025484787,
      0.432576335586434,
      -0.7158150154513334,
      0.2080881144488885
    ],
    [
      -0.9855673548283335,
      -0.5369562758459568,
      -0.7190994942772432,
      0.5921634034381068,
      -0.6858539236224034,
      -0.18943727974182506,
      -0.7237116162058382,
      -0.7958547125259088,
      0.998921254809726,
      -0.5844957534921819
    ]
  ],
  "b": [
    [
      -0.059078990190078166,
      0.6183515405153427,
      -0.6947987572879104,
      -0.12071203644582539,
      0.39777171694584657,
      -4.298587985258622,
      -0.3142039228986532,
      -0.390692550848974,
      4.036335758652958,
      -3.2587771076621297
    ],
    [
      73.20666318683303,
      -1.1319253256563693,
      -2.2513774695852224,
      -5.117942942710525,
      -34.21338667911391,
      22.20276212474319,
      -37.62520373574616,
      -19.74583155594419,
      -5.459220759383564,
      2.67877314975825
    ],
    [
      -19.247403415881227,
      0.46402560991546327,
      4.432368271755048,
      -2.337454235090157,
      28.36030800505908,
      2.2886610021893534,
      -24.921523375966636,
      28.43006629435828,
      -83.49645348778343,
      1.0095658878658695
    ],
    [
      -0.9108805124883467,
      -0.2013266655516775,
      0.5093061395851466,
      -0.151310670372586
    ]
  ],
  "waa": [
    [
      [
        -0.07622988725497302,
        0.6773738974839987,
        0.8140184399040962,
        -0.7006638010798918,
        0.16283158300873773,
        0.11828047182967864,
        0.796849989918287,
        -0.9044881426552832,
        -0.3941546777150992,
        -0.7623428625476876
      ],
      [
        0.6958050388749887,
        0.4491581712274974,
        0.24247425581100562,
        -0.8567403984351678,
        -0.4715990163081632,
        -0.14575126931315205,
        -0.7268325167742111,
        -0.10345441629352113,
        0.31559481030369685,
        0.17893957195559176
      ],
      [
        -0.006154726418035574,
        -0.6441863217640322,
        0.6752056567029098,
        -0.7826350556615029,
        0.31979269802996146,
        0.6581946688564794,
        -0.17935881334380877,
        0.9744679865488906,
        0.6169603841575666,
        0.15757475298748166
      ],
      [
        -0.4196973329694275,
        -0.5554991415285756,
        0.6347697802244309,
        0.292824013693244,
        0.5213641539731272,
        -0.20961618098283397,
        -0.9882948579106174,
        0.41436648185158703,
        -0.7354194047229231,
        0.059508205484780335
      ],
      [
        -0.6395560898534509,
        -0.0028180635481401682,
        -0.008173313279397373,
        -0.27315441482366876,
        -0.025630294590063007,
        -0.5109929928416633,
        0.5667619718552863,
        -0.5785681532145525,
        -0.8967272734682651,
        0.1900248761306888
      ],
      [
        0.3671679783953871,
        -0.757112881719939,
        -0.33104485628267893,
        -0.4245057357835054,
        -0.6868963471055592,
        -0.34691471223777615,
        0.5493508686408186,
        -0.053151038928320626,
        -0.8923778330941016,
        -0.27635527016876427
      ],
      [
        0.45584047928531624,
        -0.7237344433926034,
        -0.21070819524149167,
        -0.33657921354658826,
        0.7669698175229348,
        0.4580533141601923,
        -0.41299724677384725,
        0.7308986659705957,
        -0.08506777135691217,
        -0.39131828068222974
      ],
      [
        -0.7249088482582833,
        -0.27816234618925956,
        0.3151642522975661,
        -0.8203654194047701,
        0.24765913932315817,
        0.2799967547918096,
        -0.769184358988256,
        -0.8145844605975395,
        0.5637052621345534,
        0.7769614954199014
      ],
      [
        0.2037189459132354,
        -0.349617117886018,
        0.21567971847853978,
        -0.1475411758550836,
        0.03240015456435483,
        0.9719148033782279,
        0.732282711158319,
        -0.8028343790853418,
        0.38579106721742307,
        -0.047225494246562416
      ],
      [
        -0.017994160432017056,
        0.8646854200428706,
        -0.4845299498388001,
        0.8664932716535787,
        -0.5877552790934878,
        -0.32099384936566133,
        0.4433991565560369,
        -0.23648382741940874,
        -0.11303457949763539,
        -0.6608148663420034
      ]
    ],
    [
      [
        0.2194269094295963,
        -0.036357440830027475,
        -0.4852472011391682,
        0.5645430995012983,
        0.11141374462501381,
        0.3725415141989425,
        0.037215620836688834,
        -0.6244704971850951,
        -0.6381676387682156,
        0.658060559549839
      ],
      [
        0.05143417870483162,
        -0.5486841584044928,
        0.5561561750128612,
        0.4389638705132944,
        -0.9696475527404906,
        0.6206655210013352,
        -0.19821878366486972,
        0.23848867539347518,
        -0.318236825726492,
        0.35158586553243415
      ],
      [
        0.23818592139195846,
        0.6516965709376938,
        0.25389621092999637,
        -0.5995113329300544,
        -0.24613678994405533,
        0.3896629246478381,
        -0.2776874774242249,
        0.39745445924723966,
        0.3398863011545053,
        0.8068060000521743
      ],
      [
        0.19239841432076338,
        -0.41838619705747937,
        0.6722481126093436,
        -0.19762545447601043,
        -0.23580364868750145,
        -0.376228225719919,
        0.43769608856406794,
        0.13559480051239883,
        0.7581282671969294,
        -0.6178126581761753
      ],
      [
        -0.5326489782662192,
        -0.28581325008740166,
        -0.3834688330160866,
        -0.36871123325016425,
        -0.3899112809476985,
        0.29111130267706314,
        0.6035685202846833,
        -0.998096888890707,
        0.3071865251238334,
        -0.21112383773487836
      ],
      [
        0.659614182268065,
        0.756562799683384,
        -0.5579921383920851,
        -0.13197966363016309,
        0.4748517401481836,
        -0.987958291864001,
        0.3556377745705223,
        -0.9885644956570575,
        -0.37356951608055233,
        0.4121397336738538
      ],
      [
        -0.8598640599611059,
        -0.3112612038726253,
        -0.6042149597993225,
        -0.537977852407248,
        -0.47825578413140835,
        0.06670370992023353,
        -0.6939865112281771,
        -0.38911321515466557,
        0.7693510032784693,
        0.7380453617491526
      ],
      [
        -0.8021634906022655,
        0.6289225738051327,
        0.22583968963485998,
        -0.22860825937674562,
        0.2961330440071644,
        0.6848937494288018,
        -0.9351806642423839,
        -0.47838570472432795,
        -0.6249454831763281,
        0.09404963932224585
      ],
      [
        0.8475709819183634,
        0.31765050691671426,
        -0.7798500576676832,
        0.06561769278120168,
        0.10235065269433213,
        0.23479634172126215,
        -0.8735715068628801,
        0.309641795784174,
        -0.6839125398813685,
        0.47738451542345983
      ],
      [
        -0.660682579540861,
        -0.9274427418600196,
        0.34931600932646834,
        -0.6905649621375803,
        0.8388295789920039,
        0.2850618293120322,
        0.37133558863283067,
        0.7149417742812931,
        0.007201207665267362,
        0.864887832461167
      ]
    ],
    [
      [
        -0.5328003798588254,
