{
  "a": [
    [
      0.6617783346518455,
      -0.21722895669665318,
      0.536835332969358,
      0.5895404805445321,
      0.8170391960122828,
      -0.5889088317939282,
      -0.32991333197511014,
      0.522690036989341,
      -0.4037730681685924,
      0.13154602513137006
    ],
    [
      -0.06086602411314635,
      0.3117142276155184,
      -0.3648508691201502,
      0.058008988288303094,
      0.9534964017269327,
      0.8141887309841268,
      0.24875115985126237,
      0.38288589799272277,
      -0.7699331115339836,
      0.20256929696533746
    ],
    [
      -1.0697450205804093,
      -0.7329797778920197,
      -0.8160056125234577,
      0.6616663253625061,
      -0.6794467855871872,
      -0.12671583291337687,
      -0.6731309726965462,
      -1.002315415886733,
      0.9336465102271907,
      -0.6064647349168749
    ]
  ],
  "b": [
    [
      0.7225547020644444,
      0.6619742267050572,
      -0.9342663778949526,
      -1.0705341471947447,
      1.010804589351193,
      -4.323185276085612,
      -0.19856626757715207,
      -1.3383344540072948,
      4.025608323968172,
      -3.445994727862991
    ],
    [
      73.22503334691918,
      -0.5714194904622577,
      -1.5855228900646068,
      -5.27616395652739,
      -34.21397951699302,
      22.221970744615128,
      -37.6538704981228,
      -19.687605465904113,
      -5.353730185874026,
      4.4697153615462994
    ],
    [
      -19.242223355462844,
      -0.011576946700018569,
      4.272571450580739,
      -2.4038325792850905,
      28.347470617147028,
      2.2496224643185143,
      -24.961632895724158,
      28.416470490046574,
      -83.5078013331699,
      0.517110976141607
    ],
    [
      -1.2299153055574437,
      -0.4149020877819049,
      -0.05157081256153663,
      1.3515857175291028
    ]
  ],
  "waa": [
    [
      [
        -0.07913422251807854,
        0.6787195454350234,
        0.8108973622148606,
        -0.7035564746600633,
        0.15845534376889137,
        0.12130285002086466,
        0.7988979274585812,
        -0.9070630734818591,
        -0.39167521111411524,
        -0.7630029403772671
      ],
      [
        0.6843648396687971,
        0.45263065623501086,
        0.23348378339536138,
        -0.8667479680212583,
        -0.48516215596406365,
        -0.13592845711475168,
        -0.721554322047578,
        -0.11252669782358474,
        0.3226479234322589,
        0.17724575236219453
      ],
      [
        -0.01277036365085627,
        -0.6420152498461382,
        0.6698684120737923,
        -0.7883810794019119,
        0.3118033058867741,
        0.6638981904291883,
        -0.17611220131338756,
        0.9690783118621679,
        0.6211292368482477,
        0.15654289329269258
      ],
      [
        -0.4299099327592768,
        -0.5439791810275966,
        0.6152508600584683,
        0.2786638838020494,
        0.49621177901319347,
        -0.19523905696808,
        -0.9665275765667569,
        0.3994780773368917,
        -0.7228017134936909,
        0.052790819639888395
      ],
      [
        -0.6492464003494316,
        -0.00030804193978735265,
        -0.015207849438985331,
        -0.2813579528149053,
        -0.03683713296555086,
        -0.5023658958014289,
        0.5693685525082948,
        -0.5856461733892092,
        -0.8898731125948615,
        0.18914441492900083
      ],
      [
        0.36882673718166303,
        -0.7575853707738637,
        -0.329736039441996,
        -0.4229795360716247,
        -0.6849226683180172,
        -0.34835840798268125,
        0.5486750104264391,
        -0.05181882545300537,
        -0.8934458022865603,
        -0.2761595020532452
      ],
      [
        0.454218676092354,
        -0.7232035128857789,
        -0.21176793292800405,
        -0.3380040639719222,
        0.764901661051768,
        0.4593836356781329,
        -0.4124412693753254,
        0.7297419321530694,
        -0.08399823599984352,
        -0.39143846279222944
      ],
      [
        -0.7065867853353874,
        -0.28533126914883694,
        0.33167323495651374,
        -0.8025680273812182,
        0.2717434166737415,
        0.26291611451361907,
        -0.7799114955228105,
        -0.7984098909112656,
        0.5501567945954549,
        0.7799066673629536
      ],
      [
        0.20002807005793075,
        -0.3481395260403999,
        0.21227843421949136,
        -0.1511354413539217,
        0.027455577578885688,
        0.9753593986624681,
        0.7345923320003118,
        -0.8060829976722692,
        0.3884686231664902,
        -0.04789722254374418
      ],
      [
        -0.022065683515800714,
        0.8659332403885001,
        -0.4877477124751334,
        0.8629019840292039,
        -0.5926023831777365,
        -0.31748815797470437,
        0.4452907762142178,
        -0.23973428604095612,
        -0.11050715240060793,
        -0.6614148357436113
      ]
    ],
    [
      [
        0.21948677302223724,
        -0.036671907696518145,
        -0.4848963635070506,
        0.5644914938050564,
        0.11039849410858947,
        0.3716746299785588,
        0.036924712549880515,
        -0.624891453059022,
        -0.6373746422507904,
        0.6578725292152904
      ],
      [
        0.053198114429899995,
        -0.5600847429177848,
        0.5680707890475768,
        0.4369211484021815,
        -1.00950943205191,
        0.5847057691974274,
        -0.21098840159061785,
        0.22017853712845792,
        -0.28707220098891767,
        0.3445647466107895
      ],
      [
        0.2392136299023187,
        0.6448713564381312,
        0.26105790969257264,
        -0.6007563993998372,
        -0.26934834687468695,
        0.3682649666125997,
        -0.28490515586310117,
        0.3866083342537769,
        0.35847627331526,
        0.8020741163914086
      ],
      [
        0.19631882881228097,
        -0.44200025305662327,
        0.6991073209238373,
        -0.20034742200587696,
        -0.3147283269372234,
        -0.43876135607169603,
        0.41389316326146447,
        0.10411750828019128,
        0.8156610695525939,
        -0.6291218009715263
      ],
      [
        -0.532657708120368,
        -0.2857670897030371,
        -0.3835174419058905,
        -0.36870551728284257,
        -0.3897511458064458,
        0.2912462892951652,
        0.6036181295984403,
        -0.9980285823031355,
        0.3070672920491397,
        -0.21110039217683427
      ],
      [
        0.6596122246823964,
        0.7565907613951072,
        -0.5580211106163833,
        -0.13198442224788046,
        0.47496083678380957,
        -0.9879045086320369,
        0.3556809180738552,
        -0.9885315192989367,
        -0.3736177770889801,
        0.4121238906063127
      ],
      [
        -0.8599692540621746,
        -0.3106854941329439,
        -0.6048321616267515,
        -0.5379059633459661,
        -0.4761925007836027,
        0.06860254383093596,
        -0.6933559407906376,
        -0.38812051885299,
        0.7677126389801027,
        0.738529536750313
      ],
      [
        -0.802144896199405,
        0.6292112553726777,
        0.2255566688488676,
        -0.22838724439798383,
        0.2970484183175303,
        0.6860151600477644,
        -0.9348058604247379,
        -0.47786772713784254,
        -0.6258825077721699,
        0.09420869183175899
      ],
      [
        0.8476000490399338,
        0.3170848212383793,
        -0.779241675189902,
        0.06547062553966392,
        0.10060980521125078,
        0.23298383412851,
        -0.8740653618458065,
        0.308727779170078,
        -0.682337227015376,
        0.4768384990650268
      ],
      [
        -0.6597338326532295,
        -0.9329805459321934,
        0.35547884403315355,
        -0.6914076094412704,
        0.8188737518652286,
        0.26674250168484304,
        0.36516307974859885,
        0.7053824570049929,
        0.023084420260102854,
        0.8603068988734509
      ]
    ],
    [
      [
        -0.5362977599220228,
        0.31254840138491585,
