{
  "a": [
    [
      0.515120540562461,
      -0.3194766943268937,
      0.6440198127841456,
      0.4725013029743574,
      0.8871033156619784,
      -0.5433588262357985,
      -0.5572487139965113,
      0.40431243565223685,
      -0.33189736247047835,
      0.298583260079995
    ],
    [
      0.05925129658075505,
      0.12195502436443818,
      -0.08243508651135711,
      -0.025806406411597597,
      0.7698713189815403,
      0.6009695481039958,
      0.3557605151126963,
      0.4120140921128107,
      -0.4227596296920418,
      -0.052430461337550714
    ],
    [
      -1.1238948649112064,
      -0.8255330776718982,
      -0.7803369997974071,
      0.6026789124161703,
      -0.6867680861823585,
      -0.045963284712586955,
      -0.6387776881366801,
      -1.071513927477089,
      0.9292733595147317,
      -0.6698730841357636
    ]
  ],
  "b": [
    [
      0.5035132123653815,
      2.063022378863991,
      -0.5964090137744704,
      -3.478629372941429,
      -0.44798210599231775,
      -4.253965508399625,
      -0.8747095787349203,
      -3.109941700316656,
      4.296255874293913,
      -3.2733706931424056
    ],
    [
      73.22431188343081,
      0.07326347292259104,
      -0.9021419609686682,
      -3.8913278058909673,
      -34.26414579411441,
      22.27880374604944,
      -37.637269257598106,
      -19.53746978809969,
      -5.470058558760602,
      4.487476045302431
    ],
    [
      -19.208872068069848,
      -0.21158105598781132,
      3.7382970200722765,
      -1.8361931111759773,
      28.34125892050669,
      2.4078445101832218,
      -24.998765656378556,
      28.452542569924088,
      -83.5184790296937,
      0.5484056930748401
    ],
    [
      -1.4580616676289075,
      0.7937404261646976,
      -0.20387281876695001,
      0.3359862004344016
    ]
  ],
  "waa": [
    [
      [
        -0.09136810363018638,
        0.6832726199496731,
        0.8004051336268102,
        -0.7143415800263301,
        0.14283679627560214,
        0.13225441207027447,
        0.805638033444878,
        -0.9163339994190962,
        -0.38433857543507766,
        -0.7661348246997459
      ],
      [
        0.6910359839319107,
        0.4489387147650039,
        0.24099753198019297,
        -0.8603812483508222,
        -0.4745906591502259,
        -0.14278368063452093,
        -0.7275749372826849,
        -0.10713718218197961,
        0.318000432814561,
        0.18021786849964816
      ],
      [
        -0.012023138063396673,
        -0.6430638360310554,
        0.6716193241012757,
        -0.7877513592623345,
        0.3140385943090495,
        0.6627365092335795,
        -0.17801724872784075,
        0.9696068956715701,
        0.6205017634890972,
        0.15767911273519608
      ],
      [
        -0.381716191577923,
        -0.5636713692679212,
        0.6587755352408401,
        0.3206334681784337,
        0.5607289742332924,
        -0.23911894883117132,
        -0.9957452945656667,
        0.4334744496123521,
        -0.7496752701671386,
        0.06971170142328152
      ],
      [
        -0.6552600661634165,
        0.0029424228226851675,
        -0.02187684001034764,
        -0.28706733459724765,
        -0.046232584664971675,
        -0.4962176511963211,
        0.5746863568689161,
        -0.5905568956545115,
        -0.8856654266575635,
        0.1865952718382206
      ],
      [
        0.3725754576145601,
        -0.7569323721893505,
        -0.32938900512177205,
        -0.41923371227260686,
        -0.6834063629263449,
        -0.3505656607812668,
        0.5502093816854161,
        -0.04845241370942334,
        -0.895641067752785,
        -0.27796232415392763
      ],
      [
        0.4439127583176351,
        -0.7193678263869445,
        -0.22062878002442202,
        -0.3469247880825886,
        0.7516765213521134,
        0.46859139695305757,
        -0.4066862069676921,
        0.7220268314408052,
        -0.07798089728173525,
        -0.3942034824561814
      ],
      [
        -0.5892075654888137,
        -0.3339087082771568,
        0.43478857750318706,
        -0.6944141790581572,
        0.4229486514318057,
        0.15532758303495262,
        -0.8497254017676963,
        -0.7053530578907073,
        0.4735745019793041,
        0.8101864997979404
      ],
      [
        0.21426168357232983,
        -0.3526805614257,
        0.22345289811844493,
        -0.13860658858078828,
        0.04455905252137264,
        0.9629329858540066,
        0.7278774188138764,
        -0.795163781684291,
        0.3802315011234059,
        -0.04495316925249621
      ],
      [
        -0.021230565401432342,
        0.8655755901463564,
        -0.4869608566864234,
        0.8636595812408594,
        -0.5914569166487205,
        -0.3182689490900255,
        0.4447413758737847,
        -0.23908374728717152,
        -0.11103587963530089,
        -0.6611559229581924
      ]
    ],
    [
      [
        0.21962213244170836,
        -0.036314594059316245,
        -0.48514295338742786,
        0.5644220718804485,
        0.11258858047017717,
        0.37335953787105414,
        0.03794577769161473,
        -0.6237407841179929,
        -0.6385676631773872,
        0.6577294821323622
      ],
      [
        0.05671391927891491,
        -0.5668900586551715,
        0.5791352723763911,
        0.4327812686816163,
        -1.0116518431075558,
        0.5770354146815776,
        -0.2027563233371096,
        0.22233306045283546,
        -0.27325753216447707,
        0.33242544521713036
      ],
      [
        0.24104765766658798,
        0.6398310026906625,
        0.2682890797537428,
        -0.6029487710115694,
        -0.27625333838158955,
        0.3595826212480316,
        -0.2826239139134618,
        0.3850686999785966,
        0.3695839134608728,
        0.7952665365006615
      ],
      [
        0.15857289599888302,
        -0.28906608441006343,
        0.5100048724589378,
        -0.15979332944215197,
        0.09980977893152616,
        -0.059521627538933454,
        0.49495716982663895,
        0.26392854429899937,
        0.437775052795747,
        -0.5025814433905736
      ],
      [
        -0.5325434801964612,
        -0.28569576178700257,
        -0.38353063049016695,
        -0.36874907365977827,
        -0.3890817367918748,
        0.2917789629260409,
        0.603947333371394,
        -0.9976145286153263,
        0.3067341149925314,
        -0.21119491574588398
      ],
      [
        0.6596419827439025,
        0.7565665310759222,
        -0.5579827093291979,
        -0.13199631388013927,
        0.4749453439315311,
        -0.9879129954813827,
        0.3556909402645488,
        -0.988510624744643,
        -0.37358517577759964,
        0.4120934365843545
      ],
      [
        -0.8599649661598193,
        -0.31067208469155205,
        -0.6048399070690404,
        -0.5379098976896072,
        -0.4761015759586585,
        0.06866883431677968,
        -0.6933090970772526,
        -0.38807348526370433,
        0.7676681468989294,
        0.738520227862149
      ],
      [
        -0.8016028798806418,
        0.6306013903965612,
        0.22477610930487918,
        -0.22879073504792383,
        0.30662501666677566,
        0.6931364397700104,
        -0.9299880201087717,
        -0.4728348112204354,
        -0.6306856078921959,
        0.09323532315134479
      ],
      [
        0.8497534671854056,
        0.32242358027143053,
        -0.7817327950340368,
        0.06350740129419709,
        0.14069217716375224,
        0.26205807702505685,
        -0.8531087906580153,
        0.3296873245875999,
        -0.7013649139768303,
        0.47172515029504963
      ],
      [
        -0.6596698622873193,
        -0.9328774498858343,
        0.3554472647133945,
        -0.6914587796986983,
        0.8197259331878262,
        0.26736078651568035,
        0.3656209454443927,
        0.7058455425799549,
        0.022697814677811064,
        0.8601812149160035
      ]
    ],
    [
      [
        -0.5314120930368941,
