{
  "a": [
    [
      0.6832852710040631,
      -0.21809578493880405,
      0.5612484788230387,
      0.6007533608351331,
      0.8274271273901995,
      -0.604092630805411,
      -0.333514499486785,
      0.5535341099765394,
      -0.44067594225793694,
      0.11098681710921099
    ],
    [
      -0.04614397377009867,
      0.24961218803188018,
      -0.2712020218502781,
      0.032855517793220844,
      0.9032907934226714,
      0.8272756399747405,
      0.2773799535512689,
      0.432550341645774,
      -0.7157764448281644,
      0.20799871998205474
    ],
    [
      -0.9809912175272576,
      -0.5309560998526967,
      -0.7177668074318142,
      0.5937250347508053,
      -0.6861840450867566,
      -0.18869941425583645,
      -0.7277239588912581,
      -0.7924334750815772,
      0.9977294423778703,
      -0.5805671133224145
    ]
  ],
  "b": [
    [
      -0.0704262488166016,
      0.6200706619920269,
      -0.6854361727246644,
      -0.13325319946391984,
      0.39386487441786305,
      -4.298124644266777,
      -0.3192578915051486,
      -0.39545484469983255,
      4.038172508550439,
      -3.261397618115692
    ],
    [
      73.2063589489499,
      -1.127789690239714,
      -2.268123784315521,
      -5.112950535131329,
      -34.21362254594322,
      22.202840964811376,
      -37.62518811367919,
      -19.74774801961787,
      -5.461547954295794,
      2.6659991402449332
    ],
    [
      -19.247566753356697,
      0.47454771160942516,
      4.42370000579605,
      -2.360287319824412,
      28.36048604298653,
      2.2839078840158065,
      -24.92101590414632,
      28.429772668841636,
      -83.49642924755439,
      1.019402931000134
    ],
    [
      -0.9059552894367703,
      -0.2156662763000643,
      0.5180309661347609,
      -0.16783225207172173
    ]
  ],
  "waa": [
    [
      [
        -0.07650544799167869,
        0.6774618090348875,
        0.8137920264584309,
        -0.7009061502933112,
        0.16249787000578642,
        0.11852418013926273,
        0.796984456042539,
        -0.9047113260691974,
        -0.3939768976648445,
        -0.7623876412876786
      ],
      [
        0.6960212009747517,
        0.4490893925404987,
        0.24265210361390144,
        -0.8565501084535211,
        -0.47133721788643895,
        -0.1459427045683238,
        -0.7269378832661424,
        -0.10327950536581713,
        0.3154551913122646,
        0.1789747510744208
      ],
      [
        -0.00593706452226254,
        -0.6442555936340305,
        0.6753847221260446,
        -0.782443440025509,
        0.3200563205627538,
        0.6580019153909791,
        -0.17946491581866236,
        0.9746441211397051,
        0.6168197966456233,
        0.15761017227127086
      ],
      [
        -0.41966809806685934,
        -0.5555084251902087,
        0.6347938707300871,
        0.29284981861832954,
        0.5213995801032737,
        -0.20964212730313103,
        -0.988309082985997,
        0.41439010318946684,
        -0.7354383351852276,
        0.059512974257679874
      ],
      [
        -0.6396533271875374,
        -0.0027870606590062585,
        -0.008253239864373289,
        -0.2732399578791247,
        -0.025748054979448275,
        -0.5109069646993524,
        0.5668094114139236,
        -0.5786468896733847,
        -0.8966645203827969,
        0.19000906690901997
      ],
      [
        0.3671340281688319,
        -0.757102081182333,
        -0.331072791307508,
        -0.4245356410646283,
        -0.6869374729953872,
        -0.3468846328768963,
        0.5493674114072759,
        -0.05317850473503336,
        -0.8923558926295849,
        -0.27636079662653323
      ],
      [
        0.4566382158358136,
        -0.7239888816423217,
        -0.2100526642570433,
        -0.33587753249328167,
        0.7679359304816662,
        0.4573476856168242,
        -0.4133864571562875,
        0.7315447092888695,
        -0.08558252070464017,
        -0.39118864355877575
      ],
      [
        -0.7249181749582205,
        -0.27815936529254015,
        0.3151565955307861,
        -0.8203736174709582,
        0.2476478423651039,
        0.2800049977826987,
        -0.769179799973215,
        -0.8145920254597762,
        0.5637112759493299,
        0.776959982113671
      ],
      [
        0.2036473411371286,
        -0.3495943403073007,
        0.21562079735803802,
        -0.14760425860944024,
        0.032313411783627816,
        0.9719782514980283,
        0.7323175982919132,
        -0.8028923041747588,
        0.38583734882480136,
        -0.04723715086706993
      ],
      [
        -0.017977493705443763,
        0.864680108089765,
        -0.48451624867544113,
        0.8665079408726397,
        -0.587735092309525,
        -0.32100860025038724,
        0.4433910282027099,
        -0.2364703344506926,
        -0.11304534001472881,
        -0.6608121562379352
      ]
    ],
    [
      [
        0.21942693502018953,
        -0.036357579287678396,
        -0.4852470507231746,
        0.5645430812911928,
        0.1114132436434184,
        0.3725410553518211,
        0.037215467010048416,
        -0.6244707370998676,
        -0.6381672417753284,
        0.6580604441512239
      ],
      [
        0.05143523586867408,
        -0.5486898751697392,
        0.556162386008935,
        0.438963119112794,
        -0.9696682416248789,
        0.6206465726802097,
        -0.19822513650064938,
        0.23847876739495297,
        -0.31822043203768074,
        0.35158109978111496
      ],
      [
        0.23818742363371928,
        0.6516884597699618,
        0.253905029730387,
        -0.5995124051672988,
        -0.24616616295699703,
        0.3896360288587562,
        -0.2776965001693858,
        0.3974403975208998,
        0.3399095758771178,
        0.8067992444629118
      ],
      [
        0.19239581700288752,
        -0.4183721568925138,
        0.6722328582787424,
        -0.19762361021241673,
        -0.23575283348400491,
        -0.37618168508468225,
        0.43771169191448933,
        0.1356191372688659,
        0.7580880020287312,
        -0.6178009504141354
      ],
      [
        -0.5326489815591012,
        -0.2858132322677669,
        -0.3834688523730085,
        -0.36871123090839353,
        -0.3899112164746858,
        0.29111136172882374,
        0.603568540080584,
        -0.9980968580138105,
        0.3071864740340745,
        -0.2111238228814468
      ],
      [
        0.6596142446029126,
        0.7565624627059022,
        -0.5579917722488208,
        -0.13197970793930952,
        0.47485052051843085,
        -0.9879594088740682,
        0.3556374000581483,
        -0.9885650797348773,
        -0.37356854965174574,
        0.41213945274283
      ],
      [
        -0.8598640628426416,
        -0.3112611882126605,
        -0.6042149767943864,
        -0.537977850350779,
        -0.4782557275568425,
        0.06670376175330335,
        -0.693986493866423,
        -0.3891131880582536,
        0.7693509584359023,
        0.7380453747943188
      ],
      [
        -0.8021635489858586,
        0.6289228897215207,
        0.2258393464456668,
        -0.22860821783846152,
        0.2961341870655872,
        0.6848947963607744,
        -0.9351803132688921,
        -0.4783851573147817,
        -0.6249463889668803,
        0.09404990263365093
      ],
      [
        0.8475709637046082,
        0.31765060689565733,
        -0.7798501656980333,
        0.06561770547857408,
        0.10235101231586212,
        0.23479667175665925,
        -0.8735713968092087,
        0.3096419684306867,
        -0.6839128250558438,
        0.47738459924299864
      ],
      [
        -0.6606815299162034,
        -0.927448455422101,
        0.34932221287583576,
        -0.690565719709489,
        0.838808930719724,
        0.28504291771364654,
        0.37132924722286464,
        0.7149318904733484,
        0.0072175730413225,
        0.8648830875416301
      ]
    ],
    [
      [
        -0.5328060344741008,
        0.31491083034365974,
