{
  "a": [
    [
      0.49842531553464736,
      -0.3267310160279906,
      0.6419368506628732,
      0.4500252061580696,
      0.8951669399663978,
      -0.5446888677558942,
      -0.5539011262407434,
      0.3641869864698334,
      -0.3282470783453089,
      0.31688066981636304
    ],
    [
      0.05180673927796001,
      0.11339808776168553,
      -0.0646733609814786,
      -0.025545189137055176,
      0.7585945721628136,
      0.5962477049592683,
      0.37119670769781044,
      0.41608721804473764,
      -0.40653093651745237,
      -0.05662796441173477
    ],
    [
      -1.0477729816448587,
      -0.739214643331645,
      -0.7651342989578553,
      0.6267507865260084,
      -0.6797280775282097,
      -0.07511096380128084,
      -0.6888527390070522,
      -1.0042287932934686,
      0.924372632292241,
      -0.5965112847963747
    ]
  ],
  "b": [
    [
      0.5849793662836299,
      1.3161435502764363,
      -0.7555121859303683,
      -2.818454253508424,
      -0.34479251877375877,
      -4.254071507387359,
      -0.7240192058318617,
      -2.114677228465606,
      4.272358133418926,
      -3.2616399014136563
    ],
    [
      73.23253245617367,
      0.11579545199628082,
      -0.9213789749356358,
      -4.0977920980155655,
      -34.25709358848014,
      22.26258713081161,
      -37.64505450844655,
      -19.562163404599296,
      -5.481910135676525,
      4.5096849013160805
    ],
    [
      -19.211617340364533,
      -0.08857091611204584,
      3.836193680105859,
      -1.9235284692318475,
      28.344541299181866,
      2.317620958055044,
      -24.980111071945043,
      28.428628589059826,
      -83.51673782428601,
      0.5398299554971205
    ],
    [
      -1.386649218458002,
      0.6629361039154918,
      -0.2769046417531292,
      0.35270932325311966
    ]
  ],
  "waa": [
    [
      [
        -0.08930010534739821,
        0.6820392537479182,
        0.802866333658593,
        -0.7124479349885784,
        0.14626990028518794,
        0.13009643677582164,
        0.8035813129236468,
        -0.9147335862460145,
        -0.38570901331389895,
        -0.76503958276807
      ],
      [
        0.6868584373328037,
        0.4514517593800272,
        0.23600002519956495,
        -0.8642303670510453,
        -0.48155574811994756,
        -0.1384037909799203,
        -0.7233911533888256,
        -0.11039076626620421,
        0.32080622454666835,
        0.1780046769778328
      ],
      [
        -0.016300370499965154,
        -0.6404921351123378,
        0.6665096442577003,
        -0.7916941959525459,
        0.30690129694655344,
        0.6672283924201882,
        -0.17375067127960256,
        0.9662934484169879,
        0.6233829711820565,
        0.15541332500277014
      ],
      [
        -0.3912833157683651,
        -0.5597302174066833,
        0.6498829867267808,
        0.3134392050356863,
        0.5474759256172982,
        -0.2305322335222586,
        -0.9893553030548825,
        0.42782882331693695,
        -0.7456021143451703,
        0.06518474584207412
      ],
      [
        -0.6512500592816518,
        0.0005178126804262979,
        -0.017054325668742848,
        -0.2833672695523283,
        -0.03953026468864392,
        -0.50042521706309,
        0.570630090278586,
        -0.5874132458099093,
        -0.8883592643164927,
        0.1887314509426933
      ],
      [
        0.3763452499169409,
        -0.7592140103903047,
        -0.3248233029998754,
        -0.415768123954273,
        -0.6771044231654064,
        -0.35449916557782957,
        0.5463274074103102,
        -0.04546287896314136,
        -0.8981256646087139,
        -0.2759300207855364
      ],
      [
        0.4463562718513512,
        -0.7208407726369973,
        -0.21770020330310583,
        -0.344675149422362,
        0.7557535546753961,
        0.46602980257023985,
        -0.4091423178944991,
        0.723933051943409,
        -0.07961991227148058,
        -0.39290505805827197
      ],
      [
        -0.573307021641912,
        -0.3445494495155587,
        0.4554138215939194,
        -0.6800766894521111,
        0.45192186067038276,
        0.13766761784832712,
        -0.8674071645810075,
        -0.6940814102449682,
        0.46285061622524803,
        0.8205285093400795
      ],
      [
        0.214057111479073,
        -0.3525560529038066,
        0.22320450610935058,
        -0.13879561050077882,
        0.04421589450335005,
        0.9631474466096079,
        0.7280883959842319,
        -0.7953263203891909,
        0.380368110515603,
        -0.045063310283937355
      ],
      [
        -0.02141455159736794,
        0.8656875623925313,
        -0.4871836783984789,
        0.8634895890576595,
        -0.5917644259128367,
        -0.3180763321415464,
        0.4449304282837523,
        -0.2392306108054602,
        -0.11091252468151597,
        -0.6612541062316434
      ]
    ],
    [
      [
        0.21949115476672276,
        -0.036593207823483125,
        -0.4849604414878413,
        0.564484704095039,
        0.11081319862959874,
        0.3719892710671223,
        0.03711284195386431,
        -0.6246911685670986,
        -0.6376098521687129,
        0.6578604153251655
      ],
      [
        0.056987909237295506,
        -0.5662722885195566,
        0.5788200922400273,
        0.4326376448865183,
        -1.0073866430789449,
        0.5804023506669799,
        -0.20060885205494533,
        0.22470514219606977,
        -0.27551478248795486,
        0.33209348791768123
      ],
      [
        0.2412821337394871,
        0.640349814259515,
        0.2679857677198714,
        -0.6030684837425877,
        -0.27281654833265306,
        0.362262720077984,
        -0.28095115450668834,
        0.3869404874682079,
        0.3677505665134692,
        0.7950049261999599
      ],
      [
        0.15851481689594568,
        -0.28920974036314945,
        0.5100880265717194,
        -0.15975836523799813,
        0.09885350298108214,
        -0.06025604161260656,
        0.49448732907937,
        0.263416067228825,
        0.43827627884818343,
        -0.5025018801253759
      ],
      [
        -0.532671416570896,
        -0.28596796613298536,
        -0.3833527369773504,
        -0.36868787393755564,
        -0.39082398880568275,
        0.2904351910643824,
        0.603127325330614,
        -0.9985477066095373,
        0.3076723382540613,
        -0.21106523522622272
      ],
      [
        0.6596103255351327,
        0.7564966279621625,
        -0.5579380777587344,
        -0.1319801715835864,
        0.4744938343422299,
        -0.9882600178147164,
        0.35547630473688846,
        -0.9887522250822073,
        -0.37334412025269553,
        0.4121285061279285
      ],
      [
        -0.8599655012526533,
        -0.310673376655908,
        -0.6048391333441216,
        -0.5379095901081481,
        -0.47611008873285915,
        0.06866228260032584,
        -0.6933132337704342,
        -0.3880780325136954,
        0.7676726447010603,
        0.7385209161319545
      ],
      [
        -0.8019503672636271,
        0.6298530762192287,
        0.22525832452033576,
        -0.22862061336220718,
        0.3018019409163302,
        0.6894207597565587,
        -0.9322741352330703,
        -0.47542059400275727,
        -0.628100032160697,
        0.0936012467747677
      ],
      [
        0.8488449019059888,
        0.32039810130720103,
        -0.7804263402780526,
        0.06397855397738016,
        0.1276378472006792,
        0.2520598111839472,
        -0.8593077610851626,
        0.32273649339428767,
        -0.6944089064974494,
        0.47274756226293835
      ],
      [
        -0.6596977295255659,
        -0.9329392383556083,
        0.35548672575752305,
        -0.6914445093146995,
        0.8193275535186293,
        0.26705447437045243,
        0.3654315742022275,
        0.7056327109005102,
        0.022910622900651986,
        0.860211930467862
      ]
    ],
    [
      [
        -0.531282249648921,
        0.3159942893864025,
