{
  "a": [
    [
      0.5885138021903545,
      -0.280437433371811,
      0.5895606407205711,
      0.5657477774358097,
      0.8470211598454761,
      -0.5765967115918351,
      -0.42666009213358363,
      0.47742111229603135,
      -0.40795455994978985,
      0.1983720234461903
    ],
    [
      0.02833353399917895,
      0.11398554777240973,
      -0.06015735503446542,
      -0.03273544103798246,
      0.7801288241464426,
      0.5749170907067589,
      0.39956137845179307,
      0.4010329299536002,
      -0.38557589725766966,
      -0.0812412327085836
    ],
    [
      -1.0397064621443963,
      -0.7393336960209564,
      -0.7717001884101015,
      0.6224368012567436,
      -0.6868087445659942,
      -0.07467756891014075,
      -0.6869430236526471,
      -0.9945119516856455,
      0.9331441437296246,
      -0.5977455408283759
    ]
  ],
  "b": [
    [
      0.667191333178872,
      1.0788545724057186,
      -0.8105434967885878,
      -2.3571018309949703,
      -0.332271970539906,
      -4.282583573369293,
      -0.5840617225802247,
      -1.8098190102627507,
      4.166950058746785,
      -3.375778230119383
    ],
    [
      73.2309589429207,
      0.08774694596134852,
      -0.9478755460437455,
      -4.177522445339657,
      -34.24323733572344,
      22.255632488283553,
      -37.64847162846395,
      -19.604445631902337,
      -5.504535242115477,
      4.527971789517327
    ],
    [
      -19.212137766135182,
      -0.0750839413539904,
      3.872812897098224,
      -1.9916963931763598,
      28.347135417620795,
      2.2102325084262757,
      -24.971411292597285,
      28.41790675272014,
      -83.51591431720065,
      0.5423549226480279
    ],
    [
      -1.4521313533415128,
      0.6102351673249613,
      -0.3598352194804463,
      0.21653983847920344
    ]
  ],
  "waa": [
    [
      [
        -0.08852523198914954,
        0.6816860889178722,
        0.8036234576034222,
        -0.7117063088717088,
        0.14736539163159548,
        0.1293500708075245,
        0.8030297214664683,
        -0.9141067551456401,
        -0.3862339303752211,
        -0.7647910275647936
      ],
      [
        0.684119718301027,
        0.4526840872793373,
        0.23332025084464542,
        -0.8668823764444861,
        -0.4854347332193322,
        -0.13576242261917823,
        -0.7214648218455538,
        -0.11262726643363312,
        0.3226656412292632,
        0.17713728879150925
      ],
      [
        -0.014166339507383786,
        -0.6414480430379538,
        0.6685931956718247,
        -0.7896236615718332,
        0.30991799599254766,
        0.6651715603471079,
        -0.17524136130205223,
        0.9680397004236794,
        0.6219322380766753,
        0.1560825006287515
      ],
      [
        -0.39048193655277946,
        -0.5599895861949992,
        0.6506183462545981,
        0.3143091006867894,
        0.548572430168361,
        -0.23127125965053927,
        -0.9898408589567648,
        0.428555946836982,
        -0.746131235867172,
        0.06535046487622198
      ],
      [
        -0.6490112121466842,
        -0.0004915088262955281,
        -0.014861144158459214,
        -0.28119882047904354,
        -0.03635643541655445,
        -0.5025860620540111,
        0.5690531455849894,
        -0.5855847368437607,
        -0.8898803822679204,
        0.18944253188448887
      ],
      [
        0.37477360290627804,
        -0.75874359733456,
        -0.3260964860707115,
        -0.4172410050744837,
        -0.6790580099563824,
        -0.3531578634165806,
        0.5472329675794769,
        -0.04670268819782761,
        -0.8972535501905271,
        -0.2762707865171743
      ],
      [
        0.4443550282847135,
        -0.7199439036823433,
        -0.21965800127950194,
        -0.3466199374147913,
        0.752919550563196,
        0.46796058378389116,
        -0.4077428101720658,
        0.7222937950230367,
        -0.07825894426840943,
        -0.3935347147337856
      ],
      [
        -0.6619662922456393,
        -0.30139656215566896,
        0.3657465942344486,
        -0.7633736144054162,
        0.32301005177799236,
        0.22440596442435584,
        -0.7995878633308977,
        -0.7643631164021407,
        0.5226302335404153,
        0.7883448632237657
      ],
      [
        0.21417609727026418,
        -0.3526094062539479,
        0.22332072969815697,
        -0.13868037140511394,
        0.04438423610797931,
        0.9630328696355136,
        0.728004560614388,
        -0.7952290852791588,
        0.38028743048680086,
        -0.0450258242770709
      ],
      [
        -0.02149138377059063,
        0.8657219988435944,
        -0.48725846787264965,
        0.8634155579630725,
        -0.5918728099792007,
        -0.31800251284822795,
        0.4449845068771674,
        -0.23929311903330916,
        -0.11086057744430727,
        -0.6612782640841731
      ]
    ],
    [
      [
        0.219489042784282,
        -0.0366019128240406,
        -0.48495564677687286,
        0.5644872153633164,
        0.11075387797540512,
        0.37194602363381946,
        0.037082603062002506,
        -0.624721360022676,
        -0.6375806852808927,
        0.6578667469169398
      ],
      [
        0.056243273576486445,
        -0.5688417499605032,
        0.5802969935099251,
        0.4333377084378387,
        -1.0248402268127088,
        0.5675459998323499,
        -0.20939498908809864,
        0.2157266196357711,
        -0.2667790745017936,
        0.3338638898031672
      ],
      [
        0.24105340791978788,
        0.6396097824350641,
        0.2684136068301265,
        -0.6028718582056041,
        -0.27784475826905836,
        0.3585339108564159,
        -0.2834731511085913,
        0.3843368792387349,
        0.37028796270680114,
        0.7955016059503313
      ],
      [
        0.15851293395268262,
        -0.28921736753952676,
        0.5100922699305215,
        -0.15975616991692473,
        0.09880167457046471,
        -0.060293794433728634,
        0.49446096434567827,
        0.26338970088568203,
        0.4383017755451638,
        -0.5024963601592857
      ],
      [
        -0.5326710017780594,
        -0.28596572004956583,
        -0.3833539177370529,
        -0.36868856848760667,
        -0.39080869321033596,
        0.29044617704912185,
        0.6031352276750819,
        -0.998540039563018,
        0.3076649913276191,
        -0.21106696998545374
      ],
      [
        0.659610179504077,
        0.756496055259001,
        -0.5579377658961471,
        -0.13198000850761926,
        0.4744899294093649,
        -0.9882628856230277,
        0.35547431547762737,
        -0.9887542263407606,
        -0.3733421882519453,
        0.41212891354397213
      ],
      [
        -0.859965045670121,
        -0.3106714385455882,
        -0.6048402037597417,
        -0.537910156155431,
        -0.4760969193114763,
        0.06867184487989021,
        -0.6933065191645339,
        -0.38807135533311915,
        0.7676661954814868,
        0.7385194959342859
      ],
      [
        -0.8019628342874245,
        0.6298030164699832,
        0.2252854762121289,
        -0.22860626702869222,
        0.30146018983328243,
        0.6891702064570293,
        -0.9324485652170698,
        -0.47559545818781596,
        -0.627931382800354,
        0.09363719729722035
      ],
      [
        0.8480438978383461,
        0.3175377644383134,
        -0.7788090753621676,
        0.06476746014338462,
        0.1081864466164125,
        0.23773841964645293,
        -0.8691338265084501,
        0.31273790074419644,
        -0.684702750815198,
        0.474734826178782
      ],
      [
        -0.6597035483666644,
        -0.9329639378735405,
        0.35550055998381996,
        -0.6914373252933682,
        0.8191596653000773,
        0.2669328913489276,
        0.3653460838044184,
        0.7055477842289604,
        0.02299278510120145,
        0.8602301593598028
      ]
    ],
    [
      [
        -0.5312867484863578,
        0.31599125164893993,
