{
  "a": [
    [
      0.5961435211617354,
      -0.2776284135093213,
      0.5845223445658241,
      0.5645014353096713,
      0.8445019432678471,
      -0.5757056241729906,
      -0.4313084111921475,
      0.47782226954635965,
      -0.40344418967760864,
      0.1971328673059402
    ],
    [
      0.029245766227462163,
      0.11514603422152207,
      -0.06436846547755323,
      -0.032715083840586176,
      0.7846042430384021,
      0.5730612908319138,
      0.39857003655185497,
      0.40009939186697724,
      -0.38745168177311384,
      -0.08289618205431372
    ],
    [
      -1.0415157608558,
      -0.7419910999647539,
      -0.7705454561770669,
      0.622360983291289,
      -0.6862829578895373,
      -0.07218059452348874,
      -0.6874006831809591,
      -0.9982260140363166,
      0.9312020306847255,
      -0.5978298422372359
    ]
  ],
  "b": [
    [
      0.6540165978250178,
      1.31644453733207,
      -0.7956093582733479,
      -2.750965726549617,
      -0.3554770985729858,
      -4.278767060372966,
      -0.6199130890410625,
      -2.1004858360725445,
      4.207540162600074,
      -3.3760554057426
    ],
    [
      73.23253089077265,
      0.09127975820211716,
      -0.9300987588228656,
      -4.110099726642817,
      -34.25589774429635,
      22.261925973957354,
      -37.64563322052152,
      -19.567296834971,
      -5.504415114167758,
      4.513088785405793
    ],
    [
      -19.211494838119272,
      -0.08550407223585908,
      3.7891239243550707,
      -1.9320599894164951,
      28.344790141717638,
      2.250651582948069,
      -24.97813128962356,
      28.427757521085006,
      -83.5165647007298,
      0.5420364534335886
    ],
    [
      -1.4141862562938325,
      0.65872200417609,
      -0.25997497498792904,
      0.48086460519344953
    ]
  ],
  "waa": [
    [
      [
        -0.08922846876681934,
        0.6820047021469092,
        0.802938434498127,
        -0.7123804184218292,
        0.14637366057614182,
        0.13002647631870526,
        0.8035271386659315,
        -0.9146766331954324,
        -0.3857573946054532,
        -0.7650140232931723
      ],
      [
        0.6868200997438841,
        0.45147184967220694,
        0.23595891044911005,
        -0.8642661134478079,
        -0.4816143821911354,
        -0.1383652953753104,
        -0.7233589657044753,
        -0.11042065551033765,
        0.32083198943834035,
        0.1779884800257074
      ],
      [
        -0.016411293944480473,
        -0.6404380721874927,
        0.6663971228584933,
        -0.791798579027584,
        0.30673955321351143,
        0.6673370824186518,
        -0.17366566931863053,
        0.966205490679346,
        0.6234578112501752,
        0.15537284442114324
      ],
      [
        -0.39191062381542413,
        -0.5594276188033519,
        0.6492556205304809,
        0.3128508257303079,
        0.5465731740709306,
        -0.22992087229725844,
        -0.9888856894744575,
        0.42733160599270004,
        -0.7451783645747863,
        0.06496291544974615
      ],
      [
        -0.6511741882040807,
        0.000480662894152042,
        -0.016977147136079455,
        -0.2832959217593423,
        -0.0394193859771505,
        -0.5004996616427597,
        0.5705716774204639,
        -0.5873531339821638,
        -0.888410478799834,
        0.18875935046917983
      ],
      [
        0.3749020162642922,
        -0.7585301397164497,
        -0.3262547971660696,
        -0.4171301307224374,
        -0.6791684262904301,
        -0.3530984878523553,
        0.547392493061256,
        -0.0466143996971626,
        -0.897150432780484,
        -0.2764250770484969
      ],
      [
        0.4464620351158278,
        -0.720890789008777,
        -0.2175954080722121,
        -0.3445752798979026,
        0.7559046971994512,
        0.4659271990083776,
        -0.4092202232519479,
        0.7240174805198859,
        -0.07969141254027926,
        -0.39286892369258936
      ],
      [
        -0.6615212976879706,
        -0.30106556329817385,
        0.3655293548054736,
        -0.7629678069687063,
        0.3229237797007178,
        0.22435016207610267,
        -0.7992865628888839,
        -0.7640004893307015,
        0.5226217824227805,
        0.7879965191262944
      ],
      [
        0.2140618560985269,
        -0.35255828962980795,
        0.22320920813998446,
        -0.1387911373180499,
        0.04422267960590154,
        0.96314284821086,
        0.7280849002659772,
        -0.7953225435231754,
        0.3803649224191702,
        -0.045061678495384665
      ],
      [
        -0.021413695548670193,
        0.8656871596522345,
        -0.4871828310629533,
        0.8634903997137905,
        -0.5917632031924093,
        -0.3180771619128933,
        0.44492979886276834,
        -0.239229925532487,
        -0.11091310332138188,
        -0.6612538157718282
      ]
    ],
    [
      [
        0.21949039149351385,
        -0.03659614780504343,
        -0.48495879531881003,
        0.5644855337631832,
        0.11079316616703923,
        0.3719746104837337,
        0.037102676453120875,
        -0.6247014035578904,
        -0.6375999358563225,
        0.6578625161107355
      ],
      [
        0.056142879319138944,
        -0.5692034994291458,
        0.5804697923728523,
        0.4334381335546767,
        -1.0273300092410909,
        0.5656538599782587,
        -0.21067553230577435,
        0.21441128362802972,
        -0.2655223503017378,
        0.33410111371304385
      ],
      [
        0.24098728742975284,
        0.6393392631207732,
        0.2685547294708932,
        -0.6027935489954671,
        -0.27969024815502863,
        0.35717303111064835,
        -0.28441858518110236,
        0.38338811810764195,
        0.3711994816894819,
        0.7956932953828779
      ],
      [
        0.1585141667603636,
        -0.2892120157751349,
        0.5100893048073117,
        -0.15975774037916138,
        0.0988380371261789,
        -0.060267467554571526,
        0.4944795182132214,
        0.26340809084916156,
        0.4382840167477027,
        -0.5025003186338011
      ],
      [
        -0.532671681665159,
        -0.28596900498116606,
        -0.38335215622719193,
        -0.3686875793229575,
        -0.3908310678395615,
        0.290430018318067,
        0.6031237296501077,
        -0.9985513179617665,
        0.30767583573833274,
        -0.2110644883635544
      ],
      [
        0.6596103280018148,
        0.7564966337611965,
        -0.5579380813456509,
        -0.13198017291513378,
        0.4744938728821556,
        -0.9882599883705243,
        0.3554763235011574,
        -0.9887522045117666,
        -0.3733441405459525,
        0.4121285028837805
      ],
      [
        -0.8599653774675616,
        -0.31067292648699985,
        -0.6048393868948997,
        -0.5379097148036049,
        -0.4761070228475366,
        0.06866453781185827,
        -0.6933116828655177,
        -0.38807645829421694,
        0.7676711172369262,
        0.738520601063508
      ],
      [
        -0.8019526631879248,
        0.6298444337492701,
        0.22526317327095516,
        -0.22861819182539375,
        0.30174307636434733,
        0.6893775940301705,
        -0.9323039712623826,
        -0.47545072793589227,
        -0.6280708215298642,
        0.09360737130496913
      ],
      [
        0.848099396465815,
        0.31781786116153726,
        -0.7789743477286627,
        0.06468274191849256,
        0.11008361244735869,
        0.23907463642664528,
        -0.8681676367524974,
        0.3136734022699513,
        -0.6856111456873464,
        0.474512827025916
      ],
      [
        -0.6596993166661602,
        -0.9329453750441571,
        0.35549017694135604,
        -0.6914427798357107,
        0.819285722675189,
        0.2670238914451988,
        0.365410354230507,
        0.7056113622114801,
        0.0229313225503966,
        0.8602163322053245
      ]
    ],
    [
      [
        -0.5313089042323819,
        0.3159754700513337,
