{
  "a": [
    [
      0.6707737304273401,
      -0.2155898088775185,
      0.5179093902142241,
      0.5947427761849353,
      0.792775693914597,
      -0.5826830233598395,
      -0.3078000811374027,
      0.5103121020356811,
      -0.3835900361230601,
      0.14261007834913397
    ],
    [
      0.016527875821017217,
      0.10641445923020607,
      -0.06365674402386064,
      -0.030947417848696365,
      0.796513849369414,
      0.553461272961438,
      0.4258000632661072,
      0.3890916588155697,
      -0.37285949658713685,
      -0.10581384161187889
    ],
    [
      -1.0495681848608867,
      -0.7348809840772383,
      -0.8028454328324973,
      0.6754815871623299,
      -0.6697076371189798,
      -0.11913010595261277,
      -0.663176065748663,
      -1.0175157939697266,
      0.9392834441319989,
      -0.6021306620029961
    ]
  ],
  "b": [
    [
      0.7195783431497956,
      0.673176510182159,
      -0.9320282879050005,
      -1.2312674380500246,
      0.8501077919101323,
      -4.311024644482286,
      -0.19729240982663288,
      -1.402191422755211,
      4.068553392425702,
      -3.434293799778708
    ],
    [
      73.22509965106023,
      -0.7461200001021747,
      -1.6038717388765513,
      -4.743617621692559,
      -34.216414302915666,
      22.228034809795552,
      -37.65437753139721,
      -19.687666010808655,
      -5.351312941294546,
      4.4993424723252895
    ],
    [
      -19.21545163095154,
      -0.026678167810661995,
      4.111264978717459,
      -2.3463049349979435,
      28.359453657570285,
      2.160871283713805,
      -24.94736088613869,
      28.395561333756827,
      -83.51397170619212,
      0.5098782226212308
    ],
    [
      -1.4730935497037474,
      -0.27359931960733785,
      -0.445720981714526,
      1.6250104169836386
    ]
  ],
  "waa": [
    [
      [
        -0.08810722005463753,
        0.681544380957952,
        0.8039472359320254,
        -0.7112964792275188,
        0.14785436846421976,
        0.12896748826059956,
        0.8028422504920866,
        -0.91374864706263,
        -0.38653307642702456,
        -0.7647377509204754
      ],
      [
        0.6844534126882421,
        0.45260218008103853,
        0.23355406125127756,
        -0.8666701169781034,
        -0.48505496615620897,
        -0.13600581708733486,
        -0.721596282058657,
        -0.11245837948608631,
        0.32259558538645433,
        0.17726321916090557
      ],
      [
        -0.012776338256041065,
        -0.642013357957247,
        0.6698636900590292,
        -0.788386332515356,
        0.31179606016547273,
        0.6639034273584717,
        -0.17610934777357085,
        0.9690736704779411,
        0.6211327486524,
        0.15654171138656908
      ],
      [
        -0.4416689948455733,
        -0.5400645921080333,
        0.6056128441877617,
        0.26809968071087587,
        0.4816043561598272,
        -0.184722112989839,
        -0.9605236116547019,
        0.39010748186126143,
        -0.7155587522141268,
        0.05043057951201659
      ],
      [
        -0.6506299469335752,
        0.00014240845131608607,
        -0.0163180477817708,
        -0.2825802064547892,
        -0.03852800624548339,
        -0.5011479336782115,
        0.570038367960057,
        -0.5867237084618011,
        -0.8890415349253616,
        0.1888715688889266
      ],
      [
        0.3727372945281606,
        -0.7587846499820702,
        -0.32666831308824745,
        -0.41957577849719424,
        -0.6802029872709917,
        -0.35176502455769365,
        0.5468482786106933,
        -0.048807058410376726,
        -0.8957122874078132,
        -0.27540659565492787
      ],
      [
        0.4460554428855935,
        -0.7206323990952472,
        -0.21812219081227766,
        -0.3450724641368896,
        0.7551894272857439,
        0.4663978060448953,
        -0.4087765319341578,
        0.723594644659108,
        -0.0792918693260521,
        -0.3930206641857245
      ],
      [
        -0.7065532629608628,
        -0.2853419577813035,
        0.3316991445590459,
        -0.8025393351287818,
        0.2717826819786668,
        0.2628878186333906,
        -0.779925780191425,
        -0.7983853501976639,
        0.5501376450238594,
        0.7799130670161095
      ],
      [
        0.2076417978168054,
        -0.35049465587868683,
        0.2182503970639793,
        -0.144493974128525,
        0.0366339938464051,
        0.9687250318403046,
        0.7310343800687642,
        -0.8002217329371017,
        0.384049370537128,
        -0.04641760730371837
      ],
      [
        -0.02167583127481733,
        0.8658083480091253,
        -0.48744147880625577,
        0.8632392244147036,
        -0.5921372732218253,
        -0.3178226739818622,
        0.44511529376362985,
        -0.23944136346641295,
        -0.1107343889003778,
        -0.6613400404527523
      ]
    ],
    [
      [
        0.21948002477725043,
        -0.03663870589288654,
        -0.4849355339432018,
        0.564498107044081,
        0.11049959972376594,
        0.37176160455126867,
        0.036950715574748313,
        -0.6248509340179306,
        -0.63745725217956,
        0.6578946534898013
      ],
      [
        0.05593453650737993,
        -0.5706098181773434,
        0.5812692820619582,
        0.43388821104084574,
        -1.0372895557287143,
        0.5587620825669125,
        -0.21595668922305097,
        0.20955234794322897,
        -0.26091410580627067,
        0.3353846326364858
      ],
      [
        0.24078193015820273,
        0.6380765523957403,
        0.26929803275994246,
        -0.6024063527114293,
        -0.28886509809096345,
        0.35082166014668453,
        -0.28931570057317996,
        0.3789057781420746,
        0.37545951486018964,
        0.7968957082024984
      ],
      [
        0.15850825624524273,
        -0.28923857959298555,
        0.5101035214146263,
        -0.15974985747874834,
        0.09865564867281174,
        -0.060399873252276345,
        0.4943854365806008,
        0.26331553124420404,
        0.4383727295411998,
        -0.5024802992912437
      ],
      [
        -0.5326399824642067,
        -0.285843788657714,
        -0.38342372380056156,
        -0.3687247894247902,
        -0.3899651330605921,
        0.2910523355983086,
        0.6035730904581674,
        -0.9981125990765266,
        0.30725793416564934,
        -0.2111614725072607
      ],
      [
        0.6596222344307554,
        0.7565448428348798,
        -0.5579660079457647,
        -0.1319946639991135,
        0.47482628705810054,
        -0.9880226904165753,
        0.35564899327760924,
        -0.9885848095169099,
        -0.37350367266255674,
        0.4120906830950039
      ],
      [
        -0.8599695434283318,
        -0.3106872820825276,
        -0.6048311155467915,
        -0.5379054248764586,
        -0.4762060163066158,
        0.06859316537130106,
        -0.6933631951947651,
        -0.38812713316468894,
        0.767718928860319,
        0.7385313646390896
      ],
      [
        -0.8021263708963442,
        0.6291363388536725,
        0.2256500133583009,
        -0.22840815936663056,
        0.2968512990949096,
        0.685830694056965,
        -0.934840889483386,
        -0.47794377791513437,
        -0.6256971853243023,
        0.09414344694687897
      ],
      [
        0.8478028624464135,
        0.3159129289308971,
        -0.7779164913373626,
        0.06527577718773052,
        0.09656088026387058,
        0.22960121638226633,
        -0.8753246055537046,
        0.3070245363604252,
        -0.6792785786137392,
        0.4762165363525469
      ],
      [
        -0.6597236186828576,
        -0.933030159452486,
        0.3555374419676837,
        -0.6914177644399604,
        0.8187226538058235,
        0.2666118415999393,
        0.36512431020581204,
        0.7053217272641246,
        0.02320850123552653,
        0.8602734335221401
      ]
    ],
    [
      [
        -0.5313447475829646,
        0.3159505787014711,
