{
  "a": [
    [
      0.6259629687777624,
      -0.23065946911832585,
      0.5436576779876013,
      0.5462818475442793,
      0.8164849123885698,
      -0.5531478871616944,
      -0.35575579825927256,
      0.4531545768391761,
      -0.3350924196703495,
      0.19505698876727792
    ],
    [
      0.0291849970217373,
      0.11433749809107897,
      -0.06505083676791897,
      -0.034764451824712016,
      0.7879759017949969,
      0.5642451714842063,
      0.41014520252373105,
      0.3994559106569921,
      -0.3778334689991122,
      -0.08844017670668074
    ],
    [
      -1.0422423251009012,
      -0.731346019762241,
      -0.7923583508129369,
      0.6566777499561953,
      -0.6762169337107766,
      -0.10674423598242451,
      -0.6708155914198592,
      -1.003219621072191,
      0.9400573997155369,
      -0.6001320136061349
    ]
  ],
  "b": [
    [
      0.7028959733016445,
      0.7207826980117805,
      -0.8929910960662576,
      -2.051614726781946,
      0.021212756620435765,
      -4.290762022361306,
      -0.39934281021421525,
      -1.0831657531543342,
      4.183271697876918,
      -3.3812121040257304
    ],
    [
      73.22788076267634,
      0.14548475711563158,
      -0.8648397064712507,
      -4.530657506867428,
      -34.22345976869278,
      22.238935031164207,
      -37.653955225024696,
      -19.683319058006152,
      -5.439368111604472,
      4.5738745698465415
    ],
    [
      -19.213879417992533,
      -0.02120192483099555,
      4.095124656796143,
      -2.3003989551893356,
      28.35549596820013,
      2.196024405651599,
      -24.953679839522216,
      28.40001635989895,
      -83.5152172018787,
      0.5374711748106615
    ],
    [
      -1.585089534773474,
      0.4177413545305743,
      -0.15607685841781527,
      0.34615132883157873
    ]
  ],
  "waa": [
    [
      [
        -0.08856736185496936,
        0.6816854434916416,
        0.8036074254301167,
        -0.7117089461041171,
        0.14733097850839164,
        0.1293652615753348,
        0.8030357321646717,
        -0.9141076560256737,
        -0.3862603108562013,
        -0.7648168441396392
      ],
      [
        0.6845473498396603,
        0.45256353863248244,
        0.23364140058386576,
        -0.8665890532564149,
        -0.4849254790884097,
        -0.1360917703365349,
        -0.7216570452759189,
        -0.11239138053556544,
        0.32254478171984685,
        0.17729807400879935
      ],
      [
        -0.012634236483216314,
        -0.6420638312498445,
        0.6699798829731448,
        -0.7882620916373828,
        0.3119714796056669,
        0.6637798388697506,
        -0.17618117815129355,
        0.9691782255121336,
        0.6210533482129101,
        0.15657851907783438
      ],
      [
        -0.4421276992902097,
        -0.5397974473310793,
        0.6048995603886764,
        0.267575256141508,
        0.4806019429378426,
        -0.18423370283544702,
        -0.9598957454515623,
        0.38972204546846906,
        -0.7153193550597958,
        0.050084573829033266
      ],
      [
        -0.6511976211211158,
        0.00033667056277168403,
        -0.01677414115010031,
        -0.2830811197576939,
        -0.03922011314051843,
        -0.5006501135430076,
        0.5703193768229271,
        -0.5871505039204256,
        -0.8887184057156078,
        0.18873417365649123
      ],
      [
        0.36826781988276974,
        -0.7560875377179057,
        -0.332057485974713,
        -0.4231364798039727,
        -0.6878572346675502,
        -0.3471673828893287,
        0.5512818177296342,
        -0.051615537231441494,
        -0.8933708278569615,
        -0.2783504242204612
      ],
      [
        0.4459201317428957,
        -0.7205920236525349,
        -0.2182167433095846,
        -0.34519464968900576,
        0.7550429972565675,
        0.46651467043277584,
        -0.40872554615354845,
        0.7234860358570244,
        -0.07920711306932057,
        -0.39303749683866585
      ],
      [
        -0.6637100550344603,
        -0.3008869130811163,
        0.36475461812620846,
        -0.7659558691909857,
        0.32167378705527566,
        0.2259599425517458,
        -0.799191817787678,
        -0.7669982095810971,
        0.5249638240629986,
        0.7893504765651187
      ],
      [
        0.21415952765835017,
        -0.35260310180719273,
        0.22330596536334052,
        -0.138693793470166,
        0.044361864017744355,
        0.963047575926459,
        0.7280142096598472,
        -0.7952397563690677,
        0.380295361543392,
        -0.04503220961688023
      ],
      [
        -0.021786682488415126,
        0.8658480833838538,
        -0.48753549938621693,
        0.8631423514454664,
        -0.5922789664551368,
        -0.3177257359070592,
        0.44517532930251785,
        -0.23952172523619897,
        -0.110674961524526,
        -0.6613725607028819
      ]
    ],
    [
      [
        0.21948075950409393,
        -0.036635074275091294,
        -0.4849376168575809,
        0.5644970272240152,
        0.11052571613109902,
        0.37178006891509935,
        0.03696454639975371,
        -0.6248379298693629,
        -0.6374696256342979,
        0.6578914432052791
      ],
      [
        0.05602506878259707,
        -0.5699292652439313,
        0.580882278088853,
        0.433671891869641,
        -1.0323808948760038,
        0.5621472524638929,
        -0.21332815030932992,
        0.21193708518908577,
        -0.26317313938983905,
        0.3347323820166802
      ],
      [
        0.24102760946320909,
        0.6394275806443023,
        0.26851166573918184,
        -0.6028137910057878,
        -0.27912715397610743,
        0.35763485876290835,
        -0.2841491878386631,
        0.38370599244020476,
        0.3708877479930039,
        0.7956612571659528
      ],
      [
        0.15850834153924995,
        -0.2892377742898908,
        0.5101030686860938,
        -0.15975011563016572,
        0.09866153005509742,
        -0.060395838304083016,
        0.4943886046928802,
        0.2633183709208663,
        0.43837004149993203,
        -0.5024811006941003
      ],
      [
        -0.5326614382846947,
        -0.28592468221856576,
        -0.38337606969549254,
        -0.3687008246426154,
        -0.39052588802511884,
        0.2906511462022867,
        0.6032817910996512,
        -0.9983962522423413,
        0.30752788703205874,
        -0.21109809805722238
      ],
      [
        0.6596116767250718,
        0.7565014552847087,
        -0.5579405172002677,
        -0.13198145916561907,
        0.47452613413651135,
        -0.9882355208915409,
        0.3554925586971532,
        -0.9887352989036193,
        -0.3733605873954222,
        0.4121254815364357
      ],
      [
        -0.8599676758509985,
        -0.31068153196143616,
        -0.604834512178549,
        -0.5379071093423736,
        -0.47616747882913074,
        0.06862118574845288,
        -0.6933434895536602,
        -0.38810727382703786,
        0.767700038935686,
        0.7385274185445767
      ],
      [
        -0.8021169967104533,
        0.6291744087047734,
        0.22562750039280463,
        -0.2284191946820368,
        0.29712109453784596,
        0.6860229258803909,
        -0.9346996473410871,
        -0.4778081527520895,
        -0.6258266555978971,
        0.09411175909896324
      ],
      [
        0.848004226209755,
        0.3171641162822882,
        -0.7786189499385016,
        0.0648879614621228,
        0.10556188881378327,
        0.23589119010876586,
        -0.8705166765283877,
        0.3114505624396161,
        -0.6834741926817888,
        0.47506221838568163
      ],
      [
        -0.6597160706971991,
        -0.9330172043047433,
        0.3555291351667436,
        -0.6914215129927024,
        0.8187935599083187,
        0.2666667328636926,
        0.365156806075527,
        0.7053612711740755,
        0.02317086559065976,
        0.8602700517772941
      ]
    ],
    [
      [
        -0.5313029568581317,
