{
  "a": [
    [
      0.5212534180057644,
      -0.3281191521065253,
      0.6469599298993883,
      0.48990785828285893,
      0.8874969320165881,
      -0.5538909669580049,
      -0.5557819245430698,
      0.4257414561446732,
      -0.3614737593581246,
      0.2830020342297841
    ],
    [
      0.05768747043343459,
      0.12063296268291851,
      -0.07878748861743573,
      -0.02715251475785946,
      0.7710739003368821,
      0.5945469777696156,
      0.3629007792900287,
      0.41413863478525326,
      -0.4150726874831843,
      -0.05710659231929901
    ],
    [
      -1.1058633556536066,
      -0.8046883382268033,
      -0.7771588537161208,
      0.6083588982269114,
      -0.6846471724978616,
      -0.05448592683134209,
      -0.6489238019788943,
      -1.054644464326414,
      0.9289177422563852,
      -0.6532440190165409
    ]
  ],
  "b": [
    [
      0.5413829880457419,
      1.9277337667178596,
      -0.6767033758584329,
      -3.2626418142435325,
      -0.39837338709410586,
      -4.256501192515565,
      -0.8231772238731352,
      -2.7715665104090172,
      4.260982222846418,
      -3.2933470023010836
    ],
    [
      73.2275978613128,
      0.08922251499630363,
      -0.8992240765794043,
      -3.949293451740784,
      -34.26498797840784,
      22.272565805582985,
      -37.63981678275963,
      -19.54015601556798,
      -5.47377561132029,
      4.488608958268591
    ],
    [
      -19.209282441471707,
      -0.18456887609317651,
      3.792265414361284,
      -1.8215640389069268,
      28.34201653420946,
      2.3960245589475537,
      -24.993261121643933,
      28.445606296960747,
      -83.51838772552243,
      0.5546607446043014
    ],
    [
      -1.4519281676200901,
      0.7284492169756108,
      -0.1029729150299477,
      0.35752490180501534
    ]
  ],
  "waa": [
    [
      [
        -0.09118679056769968,
        0.6831677809887358,
        0.8006192720298752,
        -0.7141786473021117,
        0.1431343964317052,
        0.13206896849343908,
        0.8054578954492183,
        -0.9161947137009575,
        -0.3844510169774514,
        -0.766037531220592
      ],
      [
        0.6907517310966671,
        0.4491137242852498,
        0.2406482374805933,
        -0.8606453558881705,
        -0.4750713793356111,
        -0.14248459155202725,
        -0.7272758289008568,
        -0.1073654546447927,
        0.31819099439568105,
        0.18006287239616475
      ],
      [
        -0.011982940502961472,
        -0.6430876566170353,
        0.6716677400408013,
        -0.787714790066803,
        0.31410563128223157,
        0.6626949343925889,
        -0.17805838750482547,
        0.9696382247424852,
        0.6204762999012818,
        0.15770108839745275
      ],
      [
        -0.3726185551822558,
        -0.5701458952564872,
        0.6711541393473376,
        0.3298445525761688,
        0.5773857675354914,
        -0.24939011152400167,
        -1.0068110072344247,
        0.4416220057005115,
        -0.7569125268537009,
        0.07493003233505216
      ],
      [
        -0.6545787826233038,
        0.0025232816837970733,
        -0.021040066936215355,
        -0.28643414588502647,
        -0.045080909523453665,
        -0.49693430704942426,
        0.5739699485909237,
        -0.5900095634949395,
        -0.8861222118969617,
        0.18696626537530536
      ],
      [
        0.3753443052574134,
        -0.7586194325266351,
        -0.32600907945422253,
        -0.4166777083670542,
        -0.6787471612395028,
        -0.35346432965643587,
        0.5473224544419777,
        -0.0462475972308845,
        -0.8974704593674293,
        -0.27645441594663733
      ],
      [
        0.44409419710945014,
        -0.7194801468709936,
        -0.22040514373129047,
        -0.3467552699348193,
        0.7519839808585284,
        0.46839994297762144,
        -0.4068779369256852,
        0.7221736328549413,
        -0.07810393691979318,
        -0.39410493875462327
      ],
      [
        -0.5993611538708263,
        -0.3278030393293696,
        0.42244613131959685,
        -0.7037636993729672,
        0.4059014614334849,
        0.16590613339867863,
        -0.8391936617750676,
        -0.7133919950877561,
        0.48016698015591025,
        0.8046492494693822
      ],
      [
        0.21416141136776418,
        -0.3526198637625181,
        0.22333105131196512,
        -0.13869900362903234,
        0.044390941818414575,
        0.9630376879709613,
        0.7279812535277318,
        -0.7952434686631333,
        0.3802974771023126,
        -0.045007460549113316
      ],
      [
        -0.021301239079577938,
        0.8656191587235311,
        -0.4870477421993309,
        0.8635937720609319,
        -0.5915764506814603,
        -0.3181945344531349,
        0.44481579404152277,
        -0.2391406777877201,
        -0.11098829315804981,
        -0.6611943437315324
      ]
    ],
    [
      [
        0.21951350002569192,
        -0.036543695052248276,
        -0.48499148762835126,
        0.5644731378322833,
        0.11113401721451031,
        0.37223601752891616,
        0.03726626638481993,
        -0.6245190733311643,
        -0.6377806725324338,
        0.6578354791306996
      ],
      [
        0.05654887558076858,
        -0.5672400332088721,
        0.579374265437353,
        0.4328566002616728,
        -1.0138653363111156,
        0.5753230562063482,
        -0.2037816603430893,
        0.22115801903629909,
        -0.27205134123020247,
        0.3325839058820739
      ],
      [
        0.2410730516744434,
        0.6398844613328161,
        0.26825601546694267,
        -0.6029612868231485,
        -0.27591420661802013,
        0.35984642626731705,
        -0.28246359525574805,
        0.385252603286798,
        0.3694012513988195,
        0.7952425024966727
      ],
      [
        0.15857154865118497,
        -0.2890689441057568,
        0.5100067669215582,
        -0.15979269388936396,
        0.09979163745881364,
        -0.05953565323875488,
        0.49494869744296105,
        0.2639188537989785,
        0.43778487755805934,
        -0.5025801292496472
      ],
      [
        -0.5326430224830934,
        -0.28590525792515353,
        -0.3833920823259254,
        -0.3687024279552992,
        -0.3904125542922874,
        0.29075090312741764,
        0.6033254080140124,
        -0.9983268063054137,
        0.3074541516245067,
        -0.21109800889701774
      ],
      [
        0.6596354718235449,
        0.7565527662939775,
        -0.5579736335307658,
        -0.13199323821378062,
        0.47485786868735835,
        -0.9879805654540214,
        0.3556500216402748,
        -0.988557437021411,
        -0.37353788178186,
        0.41209982230484676
      ],
      [
        -0.8599651815007676,
        -0.31067254571271247,
        -0.6048395971163134,
        -0.5379097970972851,
        -0.4761044908592238,
        0.06866657526514969,
        -0.6933104525819502,
        -0.3880750346296327,
        0.7676697330346431,
        0.738520434935934
      ],
      [
        -0.8017966574697333,
        0.6301942322460916,
        0.2250452894444069,
        -0.22870008708419087,
        0.3040369204973467,
        0.6911371749277203,
        -0.9311981555307527,
        -0.47422048344026463,
        -0.6292856579767171,
        0.09342384606333655
      ],
      [
        0.8494302959472465,
        0.3217382696861711,
        -0.7812740882126091,
        0.06365788601834549,
        0.1363505790392498,
        0.25869879859292944,
        -0.8551301934361487,
        0.3273727716465428,
        -0.6990073280306258,
        0.4720373369980081
      ],
      [
        -0.6596829058057391,
        -0.9329051073538625,
        0.3554656153937664,
        -0.691452654574763,
        0.8195504287536117,
        0.2672250613611694,
        0.3655389943811519,
        0.7057518097636026,
        0.022792907169833083,
        0.860193915551601
      ]
    ],
    [
      [
        -0.5314639468445409,
