{
  "a": [
    [
      0.6902307218427971,
      -0.21468894410031428,
      0.5469776888199941,
      0.6256420673379762,
      0.8281200621219194,
      -0.6055735052166676,
      -0.30623710355874156,
      0.5577328376797538,
      -0.45060344834295096,
      0.09291937618513166
    ],
    [
      -0.03369561607279747,
      0.2547219800276558,
      -0.2637570532951059,
      0.05559234457968835,
      0.8589694048406704,
      0.8350104636468543,
      0.27026710669464254,
      0.4240465387108543,
      -0.7158135560721108,
      0.20200856462082864
    ],
    [
      -1.039866983115182,
      -0.6631562378533463,
      -0.7517881997301589,
      0.5927995205866382,
      -0.6884573653002248,
      -0.1263785254317311,
      -0.6893907832416503,
      -0.9096929054019979,
      0.9586869452587867,
      -0.6121156582617103
    ]
  ],
  "b": [
    [
      0.7600263387229337,
      0.6516258727963066,
      -0.9555500669489821,
      -0.6711264944400955,
      1.0730320696418874,
      -4.339303650482723,
      -0.15948471234144274,
      -1.1289658305984647,
      3.9921897244791595,
      -3.4846509415505764
    ],
    [
      73.21597262949294,
      -1.2343621813126593,
      -2.1557184341272997,
      -5.194194067421512,
      -34.20927338098172,
      22.20598150187581,
      -37.63314473207042,
      -19.730071391460584,
      -5.438847384819068,
      3.402908286891513
    ],
    [
      -19.24627121413428,
      0.1268287234687807,
      4.34261807102146,
      -2.2156817314650405,
      28.35972336563554,
      2.3373561722098177,
      -24.936672582589747,
      28.42957330387787,
      -83.49745436537034,
      0.696622108829808
    ],
    [
      -0.9099853251088332,
      0.12239073799285084,
      0.11799905019978596,
      1.124504006638126
    ]
  ],
  "waa": [
    [
      [
        -0.0732063005844633,
        0.6764250145507916,
        0.816347169402255,
        -0.6980295210937616,
        0.16640759577764663,
        0.11574549221734044,
        0.7954065952339338,
        -0.9020583478435152,
        -0.39596786844854764,
        -0.7619073103701959
      ],
      [
        0.6842468022692479,
        0.452675948624429,
        0.23337810180945584,
        -0.8668609728661454,
        -0.48531667206939105,
        -0.1358194858300945,
        -0.7214852076866988,
        -0.11262953090811009,
        0.32273279459019827,
        0.1772261147435294
      ],
      [
        -0.012858481112836485,
        -0.6419860587889985,
        0.669795991819364,
        -0.7884623959012937,
        0.3116947951163348,
        0.663977099302573,
        -0.17606986740139977,
        0.969005575550937,
        0.6211889029743372,
        0.15653014830025092
      ],
      [
        -0.4243070306029981,
        -0.5538563398438607,
        0.6310057228183583,
        0.28894918504347017,
        0.5157527561682719,
        -0.20568512167073477,
        -0.9857532103203246,
        0.41050994556307585,
        -0.7324720846074804,
        0.05878072987897885
      ],
      [
        -0.645854192826198,
        -0.0008455445092243007,
        -0.013012857512425341,
        -0.2785506363072278,
        -0.03331462551478799,
        -0.505458936066795,
        0.5693824750567555,
        -0.5834182889212595,
        -0.8925356829300661,
        0.18912814061373134
      ],
      [
        0.3685886292130798,
        -0.7575480292177112,
        -0.3298852694709497,
        -0.42317533043835465,
        -0.6851625637107853,
        -0.3481662998695517,
        0.5487010314762022,
        -0.051986111664324396,
        -0.8932942834131908,
        -0.276156950758443
      ],
      [
        0.4568468045147403,
        -0.7241434803786637,
        -0.20946380584926585,
        -0.3356142722119308,
        0.7683173241729696,
        0.45695142372375624,
        -0.4138166674837652,
        0.7318855140749106,
        -0.08585418916156282,
        -0.3909856916395409
      ],
      [
        -0.7344698749455866,
        -0.27520471695462884,
        0.30757238917367463,
        -0.8289028774523675,
        0.2361884874544176,
        0.2883049754880613,
        -0.764819708341423,
        -0.8222316008889986,
        0.5697863330684921,
        0.7755933720972901
      ],
      [
        0.20244469804912832,
        -0.3492474588253502,
        0.21469025648069956,
        -0.1487044700104071,
        0.030898407436948497,
        0.9730078349657055,
        0.7328294556153322,
        -0.8038376472508544,
        0.3865806773189679,
        -0.047391482833202915
      ],
      [
        -0.021918110321542283,
        0.8658850112010552,
        -0.48762779397258477,
        0.8630387482121836,
        -0.5924224862554792,
        -0.317619808473244,
        0.4452215844470382,
        -0.23961190629476015,
        -0.11060747901250606,
        -0.6613949416675747
      ]
    ],
    [
      [
        0.2194147281638806,
        -0.036253676606016846,
        -0.48535724109334805,
        0.5645634999513099,
        0.11176143865424516,
        0.3728691604933462,
        0.03732286505842716,
        -0.6243032893236132,
        -0.6384518822124097,
        0.6581382364333392
      ],
      [
        0.05061845548249334,
        -0.5424807145463373,
        0.5495930121143526,
        0.4401616072329741,
        -0.9486435985830514,
        0.6404733172619621,
        -0.19169261862563702,
        0.2486074001109639,
        -0.33537233416942236,
        0.35631281719672614
      ],
      [
        0.23805033126766045,
        0.6528512731255639,
        0.2526596271911264,
        -0.5992328770532841,
        -0.24226307510380823,
        0.3933548367446999,
        -0.276460909263253,
        0.39931643693623065,
        0.3366810129995521,
        0.8076436647241957
      ],
      [
        0.19249877888747713,
        -0.4190578991760184,
        0.6729658449856152,
        -0.1977392046536096,
        -0.23813027104376058,
        -0.3783942997918418,
        0.4369773768884217,
        0.13447864608419907,
        0.7600035939836178,
        -0.6183387805242971
      ],
      [
        -0.532645786292186,
        -0.2858354388813835,
        -0.3834455455925838,
        -0.36871659621207903,
        -0.38998662871764156,
        0.2910386077028235,
        0.6035444523548512,
        -0.998133426774541,
        0.3072492295868694,
        -0.21114057618745055
      ],
      [
        0.6596204984140844,
        0.7565316156584075,
        -0.5579567312616481,
        -0.1319841679222724,
        0.4747339382625019,
        -0.9880666193529508,
        0.35560084836040246,
        -0.9886215753138616,
        -0.37347607119116916,
        0.41211195294133823
      ],
      [
        -0.859967174888433,
        -0.31069810411037285,
        -0.6048183653858995,
        -0.5379074167164579,
        -0.4762349563222452,
        0.06856767118396344,
        -0.6933688413842825,
        -0.3881381475566904,
        0.7677440324933642,
        0.7385231317362747
      ],
      [
        -0.8019503630104218,
        0.6277893343743586,
        0.22705443093382244,
        -0.22874528393578972,
        0.29204414293920267,
        0.6811217540846884,
        -0.9364287931521391,
        -0.48036196376816065,
        -0.6216957065651477,
        0.09307607642836227
      ],
      [
        0.8477581979112461,
        0.3160830313997995,
        -0.778197989785692,
        0.06529151289197631,
        0.09709865217686803,
        0.2297945604736216,
        -0.8752007864410699,
        0.30709857709744953,
        -0.6795847005369848,
        0.4761970378455577
      ],
      [
        -0.659785711106612,
        -0.9326883886331067,
        0.35514778260023944,
        -0.6913619458641345,
        0.8197985169401908,
        0.267523979655235,
        0.365422626288755,
        0.7057621982479274,
        0.022362410868019423,
        0.8604850657614717
      ]
    ],
    [
      [
        -0.5328381144067756,
        0.3148909994451226,
