{
  "a": [
    [
      0.6002749509247901,
      -0.2608498847657581,
      0.5847906974206499,
      0.5907058732034964,
      0.8493750598939611,
      -0.5764235165380769,
      -0.4167859567743414,
      0.49692498392258555,
      -0.40570186707588496,
      0.1834262265077898
    ],
    [
      0.023779844202938383,
      0.11597416798339814,
      -0.06304033023121945,
      -0.03495867244002983,
      0.7895396745620984,
      0.5681668931296894,
      0.4052850214181746,
      0.3967135962277451,
      -0.3819630991142081,
      -0.08830473863657312
    ],
    [
      -1.040180478630606,
      -0.7395133103387318,
      -0.770476020670351,
      0.6226627220601925,
      -0.6861157353189206,
      -0.07411989080691031,
      -0.687225157341635,
      -0.9957786207882604,
      0.9323724189642272,
      -0.5974944161421686
    ]
  ],
  "b": [
    [
      0.6714894243338423,
      1.142158855404597,
      -0.8084887056662652,
      -2.4560261083569235,
      -0.3381618573113853,
      -4.296318017952907,
      -0.5850470144600781,
      -1.8543818390409135,
      4.175938731604609,
      -3.389984631387662
    ],
    [
      73.23191774354339,
      0.08677167853834092,
      -0.9435735392343386,
      -4.163476782282135,
      -34.24891609779974,
      22.25658286603788,
      -37.64725452270386,
      -19.5906176990308,
      -5.504235997479728,
      4.525169492574662
    ],
    [
      -19.212605344869083,
      -0.075908819474424,
      3.8587340592117774,
      -1.9935030390411617,
      28.34669791124047,
      2.2354864192770325,
      -24.97217215785943,
      28.418851952846317,
      -83.51611332014694,
      0.5479717243985175
    ],
    [
      -1.441999861366784,
      0.6192648235991017,
      0.01276164649531501,
      0.7049241861885951
    ]
  ],
  "waa": [
    [
      [
        -0.08871294778006392,
        0.6817733538243188,
        0.8034371559463308,
        -0.7118875324120177,
        0.14709687554606007,
        0.12953273002912435,
        0.8031644971376248,
        -0.9142596677972092,
        -0.3861047587541743,
        -0.7648524596286623
      ],
      [
        0.6845953035330693,
        0.4524580749708671,
        0.2337962413535236,
        -0.8664248941380011,
        -0.48475064773881155,
        -0.13622808662554806,
        -0.721809171033797,
        -0.11224122862115339,
        0.3223362163157803,
        0.1772971205012909
      ],
      [
        -0.014577458291343208,
        -0.6412508330752646,
        0.6681805564243576,
        -0.7900178403590569,
        0.30932560196920383,
        0.6655749139377644,
        -0.17494244935538647,
        0.9677070398995781,
        0.6222174723997083,
        0.15594271260981946
      ],
      [
        -0.3908149947330129,
        -0.5599113951085729,
        0.6503298956282068,
        0.3139270445704925,
        0.5481305976787603,
        -0.2309770369491635,
        -0.9896551377242921,
        0.42823750565289365,
        -0.7459221888759734,
        0.06530403382600115
      ],
      [
        -0.6494621003610664,
        -0.00027790595837253975,
        -0.015311958786201375,
        -0.28163292841280163,
        -0.03700458473237079,
        -0.5021449054517831,
        0.5693791724398439,
        -0.5859510306225306,
        -0.8895682895663881,
        0.18929156847287654
      ],
      [
        0.36557395209687166,
        -0.7543843719741833,
        -0.3353027434975267,
        -0.4261297990239278,
        -0.6922960377512317,
        -0.3441558935514266,
        0.5539327546209932,
        -0.05421299838293967,
        -0.8908643611647534,
        -0.2793330666351549
      ],
      [
        0.44473108494182634,
        -0.7201251812237218,
        -0.21927999174542462,
        -0.34625991702527326,
        0.7534619140969743,
        0.4675912273756773,
        -0.40801684028878243,
        0.7225976702433319,
        -0.07852016259782474,
        -0.3934061400490745
      ],
      [
        -0.6762225841369016,
        -0.2945803083748126,
        0.35143947911787937,
        -0.7771141475444646,
        0.30245830098816234,
        0.23838316000251777,
        -0.7891529932608203,
        -0.7759767950896455,
        0.532553610629106,
        0.7835515931526639
      ],
      [
        0.2141428919878774,
        -0.35259429428953354,
        0.22328789711459954,
        -0.13871279021751368,
        0.04433681299455573,
        0.9630650886663141,
        0.7280281998795571,
        -0.7952564221975338,
        0.3803102396814881,
        -0.045036420574090755
      ],
      [
        -0.021471403085502737,
        0.8657126085344945,
        -0.4872385648475609,
        0.8634347865271959,
        -0.5918441605703813,
        -0.31802200400031966,
        0.4449700861540204,
        -0.23927689272729247,
        -0.11087435465844563,
        -0.6612716330269773
      ]
    ],
    [
      [
        0.21948944120241,
        -0.03660027189108899,
        -0.4849565162191249,
        0.5644867408105952,
        0.11076509277490537,
        0.37195426262794784,
        0.037088347196536704,
        -0.6247156124552913,
        -0.6375862128367304,
        0.6578655682403836
      ],
      [
        0.05599951776209213,
        -0.569834464621122,
        0.580820500733181,
        0.43362320991621656,
        -1.0316249025666728,
        0.5625488442533501,
        -0.21286780212212472,
        0.21224262300462426,
        -0.2634268730836526,
        0.3345716732018327
      ],
      [
        0.2409714887262518,
        0.6392645521923632,
        0.2685966233856196,
        -0.6027713993899205,
        -0.2802000465624096,
        0.35680728827452346,
        -0.2846793322466687,
        0.3831326451299079,
        0.37144650746087504,
        0.7957506816292705
      ],
      [
        0.1585130126617352,
        -0.28921700659715605,
        0.5100920764763863,
        -0.15975627773657494,
        0.09880412796866524,
        -0.060292015067844186,
        0.49446222243997845,
        0.2633909428795715,
        0.43830058106944464,
        -0.5024966276963198
      ],
      [
        -0.5326712671556045,
        -0.2859668480306445,
        -0.3833533177134644,
        -0.3686882391093149,
        -0.3908163847538853,
        0.29044054816452314,
        0.6031312882674692,
        -0.9985439664423682,
        0.30766876904808743,
        -0.21106615280584395
      ],
      [
        0.6596102543869364,
        0.756496355377486,
        -0.5579379237303349,
        -0.13198009439617225,
        0.47449198205230236,
        -0.9882613704308503,
        0.35547536597691454,
        -0.9887531700814255,
        -0.3733432044591474,
        0.4121287008220079
      ],
      [
        -0.8599651947851695,
        -0.310672170443152,
        -0.6048398076649599,
        -0.537909932979027,
        -0.47610187470292276,
        0.06866828186261244,
        -0.6933090617595795,
        -0.3880738440508084,
        0.7676685885801787,
        0.7385200486459841
      ],
      [
        -0.801956402958162,
        0.6298287839679031,
        0.22527188062208742,
        -0.2286136551904458,
        0.30163659082008115,
        0.6893002672521775,
        -0.932358222453706,
        -0.4755047362059494,
        -0.6280186113137894,
        0.09361885192902993
      ],
      [
        0.847940619416888,
        0.31710792677160626,
        -0.7785814906734756,
        0.06489201807377472,
        0.1052524462577794,
        0.23558418096593273,
        -0.8706359781201283,
        0.31123560081602564,
        -0.683257300580041,
        0.47504365645114804
      ],
      [
        -0.6597040270112068,
        -0.9329654485205248,
        0.35550131594777873,
        -0.6914369297248949,
        0.8191492355076413,
        0.2669249037818657,
        0.3653407692980745,
        0.7055422291291888,
        0.022998126806657904,
        0.8602311143671483
      ]
    ],
    [
      [
        -0.5312866758761581,
        0.315991303281549,
