{
  "a": [
    [
      0.5294137295756746,
      -0.3128344687865036,
      0.6306319045193698,
      0.48082419405829213,
      0.8733647353443209,
      -0.5464562575152482,
      -0.5319094148573261,
      0.41351898635330925,
      -0.34016762396244726,
      0.28210050976450757
    ],
    [
      0.05641127494866132,
      0.12212043293604638,
      -0.081148766587666,
      -0.026995080436033513,
      0.7720247788132576,
      0.5978785526361323,
      0.35988071536428756,
      0.41055963993920946,
      -0.41904973321488675,
      -0.055405851191991234
    ],
    [
      -1.1120836207899685,
      -0.8116613208213693,
      -0.7768538865382401,
      0.6039989357973096,
      -0.6861694714790854,
      -0.04959462494075368,
      -0.6458815253303588,
      -1.059324128089069,
      0.9290227653245687,
      -0.6597334930583986
    ]
  ],
  "b": [
    [
      0.535253202321289,
      1.995999641922344,
      -0.6656167938832388,
      -3.3277176073946446,
      -0.4166543684397244,
      -4.25080135367924,
      -0.8272439523142022,
      -2.87136835703571,
      4.2825253925054705,
      -3.2930599267732585
    ],
    [
      73.22763289924244,
      0.07892572488951496,
      -0.8910254727665032,
      -3.93184840826594,
      -34.263036703204506,
      22.274611747537993,
      -37.63883105560634,
      -19.53721141081795,
      -5.476003179986297,
      4.487660583241589
    ],
    [
      -19.208870284567006,
      -0.19461757103998475,
      3.7320299282678504,
      -1.8196497359939734,
      28.341755429847375,
      2.3898455246897057,
      -24.994860035397938,
      28.448459835033308,
      -83.518438789047,
      0.5513111037728746
    ],
    [
      -1.4620841285489001,
      0.7422029246952881,
      -0.25445928156798725,
      0.340272459583206
    ]
  ],
  "waa": [
    [
      [
        -0.09113850197169761,
        0.6831361083965315,
        0.8006813073433289,
        -0.7141321149531057,
        0.14321892857183194,
        0.13201661907421902,
        0.8054036879262674,
        -0.916154092373743,
        -0.3844858363301397,
        -0.7660105570861129
      ],
      [
        0.6908463613246814,
        0.44905140822163164,
        0.24076976365389477,
        -0.8605539933203057,
        -0.47490585595233414,
        -0.14258738450265301,
        -0.7273818299041802,
        -0.10728555954051312,
        0.3181220093621015,
        0.1801153559096012
      ],
      [
        -0.01197807391082817,
        -0.6430908003457015,
        0.6716738977189028,
        -0.7877101462317795,
        0.3141140438897206,
        0.6626896981681736,
        -0.1780637235959723,
        0.9696422750589545,
        0.6204728267073468,
        0.15770376215654633
      ],
      [
        -0.38539590057358236,
        -0.5614885514406959,
        0.6543534196155124,
        0.3172932671209041,
        0.5546061421854432,
        -0.23531447985155926,
        -0.9919913947002683,
        0.43061075134325905,
        -0.7473400371903387,
        0.06770552454886508
      ],
      [
        -0.6548076667965895,
        0.0026737759986389187,
        -0.021333690262917416,
        -0.28665492900809253,
        -0.04548092744955352,
        -0.49668586820360605,
        0.5742259556514514,
        -0.5902025895332971,
        -0.8859556657685388,
        0.18683938681504025
      ],
      [
        0.3747786611013959,
        -0.7582500341853103,
        -0.326730797082832,
        -0.4172211061390989,
        -0.6797314335231196,
        -0.35285243546220557,
        0.5479501928444698,
        -0.04672228354215898,
        -0.8970617904480755,
        -0.2767667466094048
      ],
      [
        0.44401692909190865,
        -0.7194294113439021,
        -0.22050415599311685,
        -0.34682973953392116,
        0.7518490632877315,
        0.46848375392938024,
        -0.4067916519469668,
        0.7221085354328026,
        -0.07804779280928048,
        -0.394147734931793
      ],
      [
        -0.5987278586024416,
        -0.3282167856652513,
        0.4232551518992018,
        -0.703154778158105,
        0.40700465456372753,
        0.1652207796069607,
        -0.8398978465064136,
        -0.7128601358325427,
        0.47970949501788224,
        0.8049994844310058
      ],
      [
        0.21417512923892404,
        -0.35262927127276233,
        0.2233492048443846,
        -0.13868544760190055,
        0.04441551492378384,
        0.9630224840165341,
        0.7279652133240767,
        -0.7952315459355657,
        0.38028702259050584,
        -0.04499970307591624
      ],
      [
        -0.021275795725783565,
        0.8656023538568626,
        -0.4870149989912827,
        0.8636183766968949,
        -0.5915318738417904,
        -0.3182222109374575,
        0.4447872072168157,
        -0.23911915205584755,
        -0.11100690139655828,
        -0.6611802143048033
      ]
    ],
    [
      [
        0.21961599323263212,
        -0.03632754662678778,
        -0.4851342247148463,
        0.5644248816708471,
        0.11250676006998243,
        0.3732960574733252,
        0.03790781150427234,
        -0.6237843773315846,
        -0.6385230550960453,
        0.657735245483598
      ],
      [
        0.056551563533513115,
        -0.5672343322635647,
        0.5793704553742118,
        0.43285534164125294,
        -1.0138291934111803,
        0.5753509788689858,
        -0.20376481174670222,
        0.2211772889577625,
        -0.272070931974403,
        0.33258128764316547
      ],
      [
        0.24104283173067143,
        0.6398209365520292,
        0.2682976747717,
        -0.6029470092489942,
        -0.276318924436768,
        0.35953417611924215,
        -0.28265339829990893,
        0.3850355576428662,
        0.36961956034409055,
        0.7952723090779785
      ],
      [
        0.15857225988505025,
        -0.28906744613169877,
        0.5100057832043733,
        -0.1597930301609691,
        0.09980117527555747,
        -0.059528293599026054,
        0.4949531674249558,
        0.2639239656970084,
        0.43777973034184864,
        -0.5025808309727074
      ],
      [
        -0.5325550652545045,
        -0.285720153754472,
        -0.3835141846424051,
        -0.36874379186959816,
        -0.38923581873143887,
        0.2916593792878513,
        0.6038758552659951,
        -0.9976966461134492,
        0.30681815600262446,
        -0.2111840834800302
      ],
      [
        0.659640519818555,
        0.7565633955193984,
        -0.5579806107762245,
        -0.1319956260631266,
        0.4749255369716376,
        -0.987928347239179,
        0.35568173134062825,
        -0.9885211627564522,
        -0.3735744010667185,
        0.4120948453777721
      ],
      [
        -0.85996522679311,
        -0.31067264278615914,
        -0.6048395329871742,
        -0.5379097753656209,
        -0.47610510369452474,
        0.06866610160619174,
        -0.6933107376312599,
        -0.3880753617598605,
        0.7676700652388934,
        0.7385204794579924
      ],
      [
        -0.8016322589978648,
        0.630539505403333,
        0.22481782400765965,
        -0.22877733086022936,
        0.3062340797318671,
        0.6928330403181213,
        -0.9301693904349536,
        -0.47304315300936495,
        -0.6304723945039659,
        0.09326281667254353
      ],
      [
        0.8495360562443849,
        0.321961049000917,
        -0.7814204063535414,
        0.0636078948716121,
        0.13776909024588258,
        0.25979348153520093,
        -0.8544653280191211,
        0.3281329673682113,
        -0.6997728935808843,
        0.47193305954071657
      ],
      [
        -0.659676784815908,
        -0.9328922583362261,
        0.35545719009555615,
        -0.6914555411706406,
        0.8196323497125637,
        0.2672882569731597,
        0.3655774387648228,
        0.705795752074858,
        0.02274873324215142,
        0.8601878763901877
      ]
    ],
    [
      [
        -0.5314635699982269,
        0.31586648334928163,
