{
  "a": [
    [
      0.683589950111999,
      -0.21817001373177425,
      0.5613879983681448,
      0.6002090784316562,
      0.8275064693186733,
      -0.6038812788926857,
      -0.3336104650277359,
      0.5538482603662334,
      -0.44045309833906066,
      0.11091636136591027
    ],
    [
      -0.04621380482056945,
      0.2494668135642644,
      -0.27116880981481223,
      0.032883764401653824,
      0.9033537250145552,
      0.8272011922401973,
      0.2774807969895054,
      0.43252770190241424,
      -0.7157488608285353,
      0.20787360318947742
    ],
    [
      -0.9762830378476723,
      -0.5248406982218295,
      -0.716044182131702,
      0.594806322761694,
      -0.6866882025692792,
      -0.18753869510935597,
      -0.7321620920019024,
      -0.7887294063099687,
      0.9964680737841031,
      -0.5764920017940857
    ]
  ],
  "b": [
    [
      -0.08484530935911318,
      0.6235661448576475,
      -0.6714963746029565,
      -0.15096375780662696,
      0.4001466367207515,
      -4.2976634649131835,
      -0.3230909614852333,
      -0.39651941399214446,
      4.037156886153152,
      -3.2635038919478414
    ],
    [
      73.20614104945182,
      -1.1247559672699263,
      -2.295825233191532,
      -5.107167808066016,
      -34.21372498041538,
      22.202986004697472,
      -37.62516979288333,
      -19.749775705113,
      -5.467470050768959,
      2.641372540208081
    ],
    [
      -19.24774024067431,
      0.48202705726107914,
      4.411960903263589,
      -2.3913202199267154,
      28.36067166914398,
      2.279731819068,
      -24.920260075073728,
      28.429264723906087,
      -83.4963777230215,
      1.0304646415099126
    ],
    [
      -0.8947603916937527,
      -0.233512593702143,
      0.5276468288994857,
      -0.1866184125359879
    ]
  ],
  "waa": [
    [
      [
        -0.07646482353944241,
        0.6774488424230792,
        0.8138253934644317,
        -0.7008704713914242,
        0.16254705307540848,
        0.1184882865890962,
        0.7969646287345258,
        -0.9046784123807097,
        -0.39400307972272863,
        -0.7623810489197985
      ],
      [
        0.6961876210086904,
        0.4490362717532328,
        0.2427887633433934,
        -0.8564039224695685,
        -0.4711357443855839,
        -0.14608975205145397,
        -0.7270191120431566,
        -0.10314467088887468,
        0.3153479325274357,
        0.1790017616242285
      ],
      [
        -0.005754954239563316,
        -0.6443137255761878,
        0.6755342673522018,
        -0.7822834758683412,
        0.320276789326825,
        0.6578410078751468,
        -0.17955380480186112,
        0.9747916725149441,
        0.6167024289218338,
        0.1576397298784917
      ],
      [
        -0.41976206614642625,
        -0.5554784312906595,
        0.6347167014913034,
        0.29276724217722405,
        0.5212857988406675,
        -0.20955907479375982,
        -0.9882632244155636,
        0.4143139720292879,
        -0.7353777483061545,
        0.05949772298532926
      ],
      [
        -0.6396113796284705,
        -0.002800450036870001,
        -0.008218788194870088,
        -0.27320308417565803,
        -0.025697255734384652,
        -0.5109440473067728,
        0.5667889413289668,
        -0.5786129059072299,
        -0.8966915749283784,
        0.19001587524903274
      ],
      [
        0.3671224623147687,
        -0.7570983897438083,
        -0.3310822920449147,
        -0.42454580603555325,
        -0.6869514778193472,
        -0.3468744091795512,
        0.5493730577087207,
        -0.05318787525595443,
        -0.892348435300088,
        -0.27636267515218255
      ],
      [
        0.45679021771046774,
        -0.7240374046750377,
        -0.20992784848128002,
        -0.3357439329482964,
        0.7681199952423557,
        0.45721333234733535,
        -0.41346063134385125,
        0.7316678572276079,
        -0.0856805438311827,
        -0.3911639810362249
      ],
      [
        -0.7249496664377294,
        -0.27814931305432367,
        0.3151307349646799,
        -0.8204012947570809,
        0.24760970965169077,
        0.2800328325806845,
        -0.7691644315389438,
        -0.8146175392106954,
        0.5637315825357552,
        0.7769548714189749
      ],
      [
        0.20362712460784752,
        -0.3495878876336315,
        0.21560418803278264,
        -0.14762202996557183,
        0.032288930458771306,
        0.971996124687379,
        0.7323274700931055,
        -0.8029086840626729,
        0.38585038539766603,
        -0.04724043593320275
      ],
      [
        -0.017980109018774493,
        0.8646809436465516,
        -0.4845183968656643,
        0.8665056444736687,
        -0.5877382584674641,
        -0.3210062903379375,
        0.44339230552652836,
        -0.236472453925404,
        -0.11304365504953524,
        -0.6608125808228703
      ]
    ],
    [
      [
        0.21942692846947798,
        -0.03635754379806916,
        -0.4852470892680697,
        0.5645430859594942,
        0.111413372010199,
        0.37254117292680566,
        0.03721550642362082,
        -0.6244706756275028,
        -0.6381673434999766,
        0.6580604737171655
      ],
      [
        0.051436076305009404,
        -0.548694413828869,
        0.5561673189856696,
        0.43896252142852604,
        -0.9696846750886265,
        0.6206315239413,
        -0.19823018389998587,
        0.23847089845390665,
        -0.31820741129207564,
        0.35157731713085966
      ],
      [
        0.2381932784386715,
        0.651656820608528,
        0.25393941458044433,
        -0.5995165736502145,
        -0.2462806966533644,
        0.38953114215043155,
        -0.2777316755824411,
        0.39738555567681344,
        0.3400003296301261,
        0.80677288023512
      ],
      [
        0.1923930831574558,
        -0.4183573929533299,
        0.672216811605407,
        -0.19762166629451777,
        -0.23569937726567494,
        -0.3761327324204714,
        0.43772810988064087,
        0.13564473451177744,
        0.7580456462630428,
        -0.6177886442241539
      ],
      [
        -0.5326489739432945,
        -0.28581327338715956,
        -0.3834688076781945,
        -0.36871123632522934,
        -0.3899113653688653,
        0.2911112253828217,
        0.6035684943478858,
        -0.9980969293083699,
        0.30718659200754117,
        -0.21112385715124976
      ],
      [
        0.6596144255834879,
        0.7565614856012216,
        -0.5579907101746623,
        -0.13197983662250326,
        0.47484698233994915,
        -0.9879626489060055,
        0.3556363133398848,
        -0.9885667739559075,
        -0.3735657462332675,
        0.4121386383005314
      ],
      [
        -0.859864078390966,
        -0.31126110423632597,
        -0.6042150680679115,
        -0.5379778392879482,
        -0.4782554235074997,
        0.06670404018459615,
        -0.6939864004822782,
        -0.3891130424703912,
        0.7693507175227656,
        0.7380454447786617
      ],
      [
        -0.8021635181706576,
        0.6289227233326841,
        0.22583952730541307,
        -0.22860823977181888,
        0.29613358458476796,
        0.6848942446579639,
        -0.9351804983236317,
        -0.4783854457873111,
        -0.6249459115955042,
        0.09404976398413906
      ],
      [
        0.8475721637293966,
        0.3176441254357508,
        -0.7798431212857521,
        0.06561685155605128,
        0.1023275460918455,
        0.23477518271886733,
        -0.8735786042367093,
        0.3096307322737157,
        -0.6838942316534844,
        0.4773791981590815
      ],
      [
        -0.6606833398704527,
        -0.9274386983283665,
        0.3493116064455877,
        -0.6905644385988817,
        0.8388442693702086,
        0.28507527949458217,
        0.3713400994045213,
        0.7149488145456837,
        0.007189573844990571,
        0.8648912300153728
      ]
    ],
    [
      [
        -0.5328070374427124,
        0.3149102892070387,
