{
  "a": [
    [
      0.6824904319688896,
      -0.21693257567621296,
      0.5614743789276659,
      0.6015164146528821,
      0.8264952428777472,
      -0.6047959570305323,
      -0.3319428871018129,
      0.5517400293885525,
      -0.4413480938799327,
      0.11093833592897895
    ],
    [
      -0.04620648778456151,
      0.24952271176570684,
      -0.27121585347479166,
      0.0328822967836357,
      0.903327753464893,
      0.8273204795986183,
      0.2773821780323856,
      0.4325695377907003,
      -0.7158601186665879,
      0.20805982332539646
    ],
    [
      -0.9876638523764254,
      -0.5396393620823865,
      -0.7197650992685113,
      0.5915574281288981,
      -0.6857224297575084,
      -0.18962887719162225,
      -0.7217930949445869,
      -0.7975204951334706,
      0.9993897318667473,
      -0.5864087539979267
    ]
  ],
  "b": [
    [
      -0.05353476133405383,
      0.617573225935528,
      -0.7001996122423599,
      -0.11654495807495759,
      0.3989668070878323,
      -4.298512222559718,
      -0.3121794491169221,
      -0.390780634986136,
      4.035304740788908,
      -3.258149992805472
    ],
    [
      73.2068075134298,
      -1.1340754094344574,
      -2.244452991652991,
      -5.119730207207254,
      -34.21328658971407,
      22.202813192804715,
      -37.62518266248203,
      -19.745060279317393,
      -5.458326029876751,
      2.6840236696638327
    ],
    [
      -19.247351140893525,
      0.4589303867282157,
      4.435582876614098,
      -2.3298790062104007,
      28.360287685939362,
      2.290706463921479,
      -24.921709171270415,
      28.43015664933633,
      -83.49645554548606,
      1.004019562321145
    ],
    [
      -0.9117357555463079,
      -0.1964031559957224,
      0.5053220382318502,
      -0.14428265614548738
    ]
  ],
  "waa": [
    [
      [
        -0.07622297973651117,
        0.677371701480048,
        0.8140241233870574,
        -0.7006577142684067,
        0.1628399497430913,
        0.11827435036693822,
        0.7968466275034494,
        -0.9044825571143669,
        -0.3941591432426008,
        -0.7623417383877864
      ],
      [
        0.6957695906879345,
        0.4491694411045615,
        0.24244509128330424,
        -0.8567716319104767,
        -0.4716419501202962,
        -0.145719858664745,
        -0.7268152651859732,
        -0.1034830780934784,
        0.3156177258651767,
        0.17893380509729123
      ],
      [
        -0.0062198133098353035,
        -0.6441656294695295,
        0.675152106726404,
        -0.7826924066328519,
        0.31971386632885357,
        0.6582523441181724,
        -0.1793271381898695,
        0.9744153606737733,
        0.6170024614975469,
        0.15756416438843954
      ],
      [
        -0.4196556069578788,
        -0.5555124010287928,
        0.6348041023628849,
        0.29286078536654375,
        0.521414680740427,
        -0.2096531552820781,
        -0.9883151458103222,
        0.41440020968602204,
        -0.7354463838192123,
        0.05951498794571778
      ],
      [
        -0.6395389606401133,
        -0.002823510362636231,
        -0.008159217557281771,
        -0.2731393224114472,
        -0.025609545312174874,
        -0.5110081721077234,
        0.5667536302991798,
        -0.5785543007584428,
        -0.8967383456099274,
        0.1900276649343363
      ],
      [
        0.36719505513540907,
        -0.7571214888843624,
        -0.3310225797706299,
        -0.42448187490299133,
        -0.686863553621185,
        -0.3469387068302761,
        0.5493376946777228,
        -0.05312914789221969,
        -0.8923953399682111,
        -0.27635086628086325
      ],
      [
        0.455773513415249,
        -0.7237131549273689,
        -0.21076328600713717,
        -0.3366382259028333,
        0.7668887136872523,
        0.45811265477574103,
        -0.41296466809451243,
        0.7308445254725523,
        -0.08502447272777243,
        -0.3913291695970879
      ],
      [
        -0.7250202633627083,
        -0.27812692940635797,
        0.31507258932625676,
        -0.8204636007055479,
        0.24752420258055136,
        0.280095485796149,
        -0.7691301531345616,
        -0.8146745345477588,
        0.5637772983154853,
        0.7769433743486311
      ],
      [
        0.20378645004525828,
        -0.34963857610977067,
        0.21573525528096918,
        -0.14748168910207712,
        0.032481910945577376,
        0.9718549832192216,
        0.7322498675801202,
        -0.8027798032129507,
        0.3857474213891717,
        -0.047214515072572516
      ],
      [
        -0.017998569028168047,
        0.8646868213802302,
        -0.48453357681390596,
        0.8664893866439968,
        -0.5877606183745738,
        -0.32098994263650427,
        0.44340130146788426,
        -0.2364873916675333,
        -0.11303172915617843,
        -0.6608155833738011
      ]
    ],
    [
      [
        0.2194269092237388,
        -0.036357439715328094,
        -0.48524720234967683,
        0.5645430996475671,
        0.11141374865693791,
        0.3725415178920651,
        0.037215622074562894,
        -0.6244704952540201,
        -0.638167641963185,
        0.6580605604790405
      ],
      [
        0.05143316991978708,
        -0.548678708861018,
        0.5561502521015708,
        0.4389645885872953,
        -0.9696278261351167,
        0.620683587626228,
        -0.1982127262882789,
        0.23849812154877242,
        -0.31825245830642857,
        0.3515904087922204
      ],
      [
        0.23819011670981918,
        0.651673884294585,
        0.2539208596780195,
        -0.5995143176810187,
        -0.24621888479295834,
        0.38958773333386926,
        -0.2777126841663681,
        0.39741514475433254,
        0.33995135757411044,
        0.8067870875302536
      ],
      [
        0.19239884360842474,
        -0.41838851658000004,
        0.6722506333516733,
        -0.19762575990098366,
        -0.2358120444112742,
        -0.3762359151030282,
        0.4376935105686334,
        0.1355907800348387,
        0.7581349204152562,
        -0.6178145920538112
      ],
      [
        -0.5326489780012976,
        -0.2858132515192826,
        -0.3834688314601364,
        -0.36871123343862533,
        -0.38991128612998827,
        0.2911112979307685,
        0.6035685186934286,
        -0.9980968913723645,
        0.3071865292304938,
        -0.21112383892858577
      ],
      [
        0.6596141721570056,
        0.7565628543244601,
        -0.5579921977721739,
        -0.13197965643342605,
        0.47485193791718505,
        -0.9879581107307648,
        0.35563783529685444,
        -0.9885644009511635,
        -0.37356967280636905,
        0.4121397792279623
      ],
      [
        -0.8598640586802044,
        -0.3112612107891486,
        -0.6042149522811531,
        -0.5379778533188936,
        -0.4782558091719149,
        0.06670368698656301,
        -0.6939865189173702,
        -0.38911322714572655,
        0.7693510231224973,
        0.738045355981597
      ],
      [
        -0.802163533743616,
        0.6289228067605239,
        0.22583943641094195,
        -0.22860822866466018,
        0.29613388739619556,
        0.6848945218480015,
        -0.9351804052607174,
        -0.4783853008627032,
        -0.6249461515420719,
        0.09404983356418291
      ],
      [
        0.8475709960678985,
        0.3176504298004876,
        -0.7798499741109269,
        0.06561768277127111,
        0.10235037435948262,
        0.23479608667844987,
        -0.8735715922759755,
        0.3096416624078375,
        -0.6839123193460405,
        0.47738445116130723
      ],
      [
        -0.6606842667521995,
        -0.9274336236894221,
        0.34930609921721345,
        -0.6905637595872844,
        0.8388625826490386,
        0.28509205572747415,
        0.3713457229977838,
        0.7149575774493021,
        0.007175052798370586,
        0.864895432126989
      ]
    ],
    [
      [
        -0.532795171272244,
        0.31491674596340796,
