{
  "a": [
    [
      0.6634426986118299,
      -0.24266034214800045,
      0.5212047638514613,
      0.5666444423410925,
      0.7856322874064126,
      -0.574346882457515,
      -0.3098789725077654,
      0.4839432123554589,
      -0.38512924337120075,
      0.15583697761663548
    ],
    [
      0.024511305332942348,
      0.11316366174398641,
      -0.06752030648108291,
      -0.03407126236288594,
      0.7948978118263794,
      0.5576253746730444,
      0.41712925456981037,
      0.39362625576901394,
      -0.3756848610301441,
      -0.09718082955019362
    ],
    [
      -1.0498136817364436,
      -0.7344694459904305,
      -0.7994306609928741,
      0.6722313057026572,
      -0.6697038526495889,
      -0.11641423237806459,
      -0.6651916891345973,
      -1.0166002138217844,
      0.9374907885805538,
      -0.601482390368342
    ]
  ],
  "b": [
    [
      0.7195254523036486,
      0.6846822640107231,
      -0.9170437325860723,
      -1.666304960840709,
      0.3733057944234131,
      -4.283204843356796,
      -0.29927328806268955,
      -1.1608191089592277,
      4.113251406109859,
      -3.4202361790803164
    ],
    [
      73.22700099142291,
      0.07001086886373975,
      -0.8782123376075667,
      -4.6359245343368265,
      -34.21908212756554,
      22.232847041969038,
      -37.65450694860545,
      -19.692613133113216,
      -5.377623037573939,
      4.571007344364672
    ],
    [
      -19.214382140904082,
      -0.003133003526713056,
      4.1284987022478985,
      -2.3687430955243265,
      28.355073598315705,
      2.2239521974865317,
      -24.950393308494398,
      28.397299739855583,
      -83.5145467653086,
      0.5211532092147587
    ],
    [
      -1.604725728776047,
      -0.03948301026525174,
      -0.05448627995759603,
      0.355319779724637
    ]
  ],
  "waa": [
    [
      [
        -0.0887339107491771,
        0.6817444327777841,
        0.803463302980979,
        -0.7118559356260956,
        0.14711363039455705,
        0.12951178421434634,
        0.8031296516735326,
        -0.9142289486697399,
        -0.3861726898272649,
        -0.7648681034346454
      ],
      [
        0.6844089170533159,
        0.4526153113624678,
        0.23352134571499614,
        -0.866710005134049,
        -0.48510545339098005,
        -0.13596905365497688,
        -0.7215785657526068,
        -0.11249204919384521,
        0.3226202822332424,
        0.17725551004541829
      ],
      [
        -0.012698301470139962,
        -0.6420396169071078,
        0.6699244115641023,
        -0.788317824476728,
        0.31188840658249983,
        0.6638366828890297,
        -0.17614495053801069,
        0.969131764544996,
        0.6210884866934632,
        0.15655882483693453
      ],
      [
        -0.4409197718002011,
        -0.5402980182876682,
        0.6061778179628879,
        0.26876067738932347,
        0.48247544737491077,
        -0.185387788917693,
        -0.960862064160366,
        0.3906871607154407,
        -0.7159977842656164,
        0.050581861501717215
      ],
      [
        -0.651044889141201,
        0.0002792969832641699,
        -0.016641935254888024,
        -0.28294777201085,
        -0.0390220340575419,
        -0.5007855541913094,
        0.5702330894543389,
        -0.5870393410677053,
        -0.8888022068682419,
        0.18878079808430404
      ],
      [
        0.3866146800161214,
        -0.7635694078028377,
        -0.3158358562076456,
        -0.4074885746877146,
        -0.6637692354350776,
        -0.3636868471954046,
        0.5404664110639315,
        -0.03853602177653942,
        -0.9036338207899384,
        -0.2722903845238632
      ],
      [
        0.4458004401464914,
        -0.7205527846282073,
        -0.21831710106891716,
        -0.3453008150932475,
        0.7548902806140132,
        0.4666181745638188,
        -0.40866212756609777,
        0.7233985809108627,
        -0.07914560548333198,
        -0.39307163322176747
      ],
      [
        -0.6902590460404004,
        -0.29071296397626745,
        0.3439284207385801,
        -0.7882683478726024,
        0.2904471697003953,
        0.2490637293226792,
        -0.7868065777130291,
        -0.7861878037257388,
        0.5407179136468765,
        0.7830599484206175
      ],
      [
        0.21416447803263783,
        -0.3526071728457515,
        0.22331194396854653,
        -0.13869058016304908,
        0.04436997907077469,
        0.9630421472873231,
        0.7280092268679231,
        -0.7952370261532666,
        0.38029197868783815,
        -0.04502873947446922
      ],
      [
        -0.021696486477555454,
        0.8658164309521288,
        -0.4874585217053894,
        0.8632217944165981,
        -0.5921627204198425,
        -0.31780473769448736,
        0.4451257958558354,
        -0.2394559617301409,
        -0.11072272190242333,
        -0.6613457889016116
      ]
    ],
    [
      [
        0.21948049496098693,
        -0.03663604254504893,
        -0.4849370467271123,
        0.5644973138544298,
        0.11051903247004533,
        0.37177527566537155,
        0.03696108133443753,
        -0.6248413198935434,
        -0.6374664000826357,
        0.6578921886700487
      ],
      [
        0.05592891510672312,
        -0.5705806791588076,
        0.5812466704145327,
        0.43388080998986406,
        -1.0370191065473295,
        0.5589293826151485,
        -0.21580530840823106,
        0.20966907641046684,
        -0.2610306316048674,
        0.3353330125625566
      ],
      [
        0.2409017507428148,
        0.6387821571430702,
        0.2688827635289242,
        -0.6026131046137564,
        -0.28366979959423133,
        0.35444966145915,
        -0.2865466342797765,
        0.38145731162076196,
        0.3730199065850121,
        0.7962208098461693
      ],
      [
        0.15850842662517828,
        -0.2892376359034845,
        0.5101029722447088,
        -0.15975014088897993,
        0.0986624696792823,
        -0.06039510064404068,
        0.49438905984371606,
        0.26331889204198855,
        0.4383695266179614,
        -0.5024811664170062
      ],
      [
        -0.5326410151572425,
        -0.28584977306652787,
        -0.38342020114482483,
        -0.36872302339029217,
        -0.3900089295254413,
        0.29102176301432786,
        0.6035497774111531,
        -0.9981341092036493,
        0.3072784899792307,
        -0.21115580665102046
      ],
      [
        0.6596232158272958,
        0.7565504827287971,
        -0.557969242333401,
        -0.13199634463161938,
        0.47486745147187936,
        -0.9879938090513055,
        0.35567093947961254,
        -0.9885644946606477,
        -0.3735230210052971,
        0.4120854282523133
      ],
      [
        -0.8599697458318087,
        -0.3106887975015587,
        -0.6048302175224816,
        -0.5379049871403719,
        -0.47621756986727015,
        0.06858515197450891,
        -0.6933694107966224,
        -0.38813275851323004,
        0.7677243198964737,
        0.7385329333532451
      ],
      [
        -0.8021230618942047,
        0.6291547825347155,
        0.22563917909958073,
        -0.22841359455563368,
        0.29698609375833557,
        0.6859250348510308,
        -0.9347692041379979,
        -0.4778773890239209,
        -0.6257606007182327,
        0.0941261766937118
      ],
      [
        0.8479555406300276,
        0.31672767732403034,
        -0.7783882504550629,
        0.06503146699702361,
        0.10241763185749235,
        0.2337094783279179,
        -0.872217574751804,
        0.3099174949839297,
        -0.6820344420686503,
        0.4754791948756808
      ],
      [
        -0.6597282075244453,
        -0.9330601516612592,
        0.35555470540446815,
        -0.6914090817372882,
        0.81849643458667,
        0.2664532806742603,
        0.3650028406584224,
        0.7052104336641192,
        0.02331482028841155,
        0.8603031490582497
      ]
    ],
    [
      [
        -0.5313116821917071,
