{
  "a": [
    [
      0.600871471326928,
      -0.2624800746667449,
      0.5720707185951467,
      0.5625037999304969,
      0.8351130884828961,
      -0.5699887950196706,
      -0.3980972108073745,
      0.4698256009932495,
      -0.38633578016116427,
      0.1950056686228726
    ],
    [
      0.02826486829118383,
      0.11423396489453252,
      -0.06097323024537268,
      -0.033583344139993365,
      0.781841488691134,
      0.5718978994796075,
      0.40298283063612467,
      0.40055771927167094,
      -0.3825813063488019,
      -0.08311875916098807
    ],
    [
      -1.038523604352649,
      -0.732913854563003,
      -0.7799634327457574,
      0.635234322331238,
      -0.6830686565172418,
      -0.08952850702396303,
      -0.6796029089205267,
      -0.9935341897744321,
      0.9383295813101542,
      -0.5991530154765394
    ]
  ],
  "b": [
    [
      0.679539476985924,
      0.8250798127652978,
      -0.8510626996405883,
      -2.0823991155202215,
      -0.2915876060549171,
      -4.290612060904799,
      -0.520124467815549,
      -1.5533387022980354,
      4.160514508552283,
      -3.3803043254054903
    ],
    [
      73.22907465910926,
      0.07554493648640509,
      -0.9486376229191081,
      -4.27869612386298,
      -34.23149343832134,
      22.24735660624952,
      -37.65202008242094,
      -19.648046079654723,
      -5.524103202251828,
      4.54261075243443
    ],
    [
      -19.21222903639507,
      -0.04749174996259193,
      4.087692063749335,
      -2.135133767179003,
      28.352163711516045,
      2.2720083584756883,
      -24.95978300460877,
      28.403117791753957,
      -83.51532317309584,
      0.5488856408496989
    ],
    [
      -1.505988829387797,
      0.5458253954598153,
      -0.07810873252831624,
      0.35254607503854596
    ]
  ],
  "waa": [
    [
      [
        -0.08861056348960411,
        0.6817336334055442,
        0.8035278129281594,
        -0.7117803715263037,
        0.14723011963425972,
        0.1294350124124251,
        0.803106664084557,
        -0.9141697396870733,
        -0.38618310470812084,
        -0.7648346255309951
      ],
      [
        0.6835017684605208,
        0.45294933487666394,
        0.23274198564192197,
        -0.8674943160276362,
        -0.48627606465530454,
        -0.13517136167424176,
        -0.7210714394140234,
        -0.11314530654675521,
        0.3231037772554444,
        0.17697634239824356
      ],
      [
        -0.013871286504794437,
        -0.6415935007795318,
        0.6688966593333865,
        -0.7893486731949361,
        0.3103527018703225,
        0.6648835591635867,
        -0.17546826219264508,
        0.9682733032134578,
        0.6217389359460298,
        0.15619544473293737
      ],
      [
        -0.40739292504826036,
        -0.5526870839492881,
        0.634618968127627,
        0.2985712888393399,
        0.5251617084439534,
        -0.2152865739724918,
        -0.9787743742581725,
        0.41545751667926656,
        -0.735391421034893,
        0.059848571730584534
      ],
      [
        -0.648918135656705,
        -0.0005175748860233236,
        -0.014794565386860865,
        -0.2810932154265148,
        -0.03625482195862013,
        -0.5026707169683163,
        0.5690229043403363,
        -0.585495282949273,
        -0.889959084474496,
        0.18943896270812338
      ],
      [
        0.37267424539816163,
        -0.7577465057305316,
        -0.32820670330655644,
        -0.4192637955679509,
        -0.6820899811360911,
        -0.35110335350681465,
        0.548767529764099,
        -0.04841164311171219,
        -0.8958073206231023,
        -0.27698344663237273
      ],
      [
        0.4444984282828969,
        -0.720013518447985,
        -0.2195116161458356,
        -0.34648180376461335,
        0.753129561414074,
        0.46781945638250466,
        -0.40785028771264603,
        0.722410521522697,
        -0.07835785788129845,
        -0.39348421035608955
      ],
      [
        -0.6646222305661756,
        -0.3006807141300687,
        0.36396134413854614,
        -0.7658932552826239,
        0.32028985807931154,
        0.2265709722659404,
        -0.7986557335248127,
        -0.7666369143511144,
        0.5243213409972157,
        0.788204971501439
      ],
      [
        0.21423859572445958,
        -0.3526373109390109,
        0.22338071018146358,
        -0.13861980349001102,
        0.044471183273134665,
        0.9629729036337549,
        0.7279625940764949,
        -0.7951777738142447,
        0.3802444317215536,
        -0.04500724793738577
      ],
      [
        -0.021493870130352144,
        0.8657232422959819,
        -0.48726111800813837,
        0.8634131419812396,
        -0.5918765923142454,
        -0.31800001786050525,
        0.4449865087323123,
        -0.2392951385409969,
        -0.11085886322362165,
        -0.6612792307206046
      ]
    ],
    [
      [
        0.21948811579453692,
        -0.036605973030988746,
        -0.484953517727117,
        0.5644884106342785,
        0.11072617754211914,
        0.37192575147206675,
        0.03706836482821042,
        -0.6247354987888444,
        -0.6375671160562617,
        0.6578697083478364
      ],
      [
        0.05619221472335021,
        -0.5691424825109578,
        0.5804493990012571,
        0.4334298624670221,
        -1.026937101588002,
        0.5660329058389263,
        -0.21048795173890295,
        0.21467216204556225,
        -0.26577101255242047,
        0.33410420076771796
      ],
      [
        0.24106490773087103,
        0.6396318920245733,
        0.26840018391029513,
        -0.6028771486243126,
        -0.27771180849392785,
        0.35863904998306834,
        -0.28341027969612564,
        0.3844105668778639,
        0.37021604612572784,
        0.7954933744111702
      ],
      [
        0.15850972280564768,
        -0.2892323734304961,
        0.5101001111919379,
        -0.15975171942662045,
        0.0986987204152094,
        -0.060368824301492645,
        0.49440787660145635,
        0.2633373831232282,
        0.4383519705674858,
        -0.5024851273942391
      ],
      [
        -0.5326685085445799,
        -0.2859532960531951,
        -0.38336037226733244,
        -0.3686922827235506,
        -0.3907235938548259,
        0.290508030795311,
        0.603179116365548,
        -0.9984969711596683,
        0.30762361841948155,
        -0.21107636537902433
      ],
      [
        0.6596096127340998,
        0.7564931430892178,
        -0.5579362685370984,
        -0.13197913351732285,
        0.474469874446209,
        -0.988277455852221,
        0.35546394280502414,
        -0.9887643744405036,
        -0.3733324560528349,
        0.412131140086799
      ],
      [
        -0.8599640380787069,
        -0.310666746057165,
        -0.6048426604085834,
        -0.5379115436287941,
        -0.47606492599381767,
        0.0686951887840794,
        -0.6932900791641455,
        -0.38805510085492123,
        0.7676505616867082,
        0.7385160281435379
      ],
      [
        -0.802011285538095,
        0.6296056738035991,
        0.2253906540958112,
        -0.22854822922410248,
        0.3001088672139806,
        0.6881817199560765,
        -0.9331452029559629,
        -0.47628753977825866,
        -0.6272701899783277,
        0.0937810607509659
      ],
      [
        0.848017678102093,
        0.317355527788126,
        -0.7787194618647818,
        0.06482428439747645,
        0.10690115059498312,
        0.23681382930437397,
        -0.8698081479675243,
        0.31209407821319896,
        -0.6840887363988006,
        0.47488528929235113
      ],
      [
        -0.6597099577191905,
        -0.9329940382400517,
        0.35551629974769866,
        -0.6914283995463785,
        0.818953107766127,
        0.26678243414267555,
        0.36523955774101863,
        0.7054428758943978,
        0.023093450097352967,
        0.8602527487798417
      ]
    ],
    [
      [
        -0.5312886136296503,
        0.31598992886551475,
