{
  "a": [
    [
      0.6291309547899283,
      -0.22550065627540522,
      0.5422618563909212,
      0.5538029272600673,
      0.8168903015669481,
      -0.5537018646278056,
      -0.3520691382280901,
      0.45896569600296927,
      -0.33574124382851867,
      0.1904084316101817
    ],
    [
      0.025813006275421053,
      0.11477468993875432,
      -0.06634886337266596,
      -0.0356818655688999,
      0.7935783146490802,
      0.559795004146779,
      0.4145611716028109,
      0.39652704955583357,
      -0.37529772063132893,
      -0.09357483866954847
    ],
    [
      -1.0428443654449917,
      -0.7321790426497992,
      -0.7946210785844169,
      0.6597461749323704,
      -0.6756053808002255,
      -0.10846711377324339,
      -0.6696033689389115,
      -1.0053677424781793,
      0.940206796743416,
      -0.6002960170044115
    ]
  ],
  "b": [
    [
      0.7037906309917508,
      0.7173389270875621,
      -0.8966825826899645,
      -2.0237143943200215,
      0.15393244336899264,
      -4.296814128555492,
      -0.3769409527867726,
      -0.972788663772094,
      4.175464108234768,
      -3.3862570867372104
    ],
    [
      73.22763043262785,
      0.15899545145832794,
      -0.8422982908690018,
      -4.573900415044341,
      -34.22229654738226,
      22.23660016121794,
      -37.65430351413676,
      -19.690735311849537,
      -5.408489594916704,
      4.579290682486648
    ],
    [
      -19.214270430910794,
      -0.013020286326925586,
      4.173734061730313,
      -2.321900883594755,
      28.35584388160646,
      2.273870077469456,
      -24.95251794372054,
      28.399195731221845,
      -83.51508329485438,
      0.5377222785801431
    ],
    [
      -1.5840173521936391,
      0.36099031570243867,
      -0.06012779167142781,
      0.4557688162216734
    ]
  ],
  "waa": [
    [
      [
        -0.08858751722343322,
        0.6816930159533753,
        0.8035898318748621,
        -0.7117264201609681,
        0.14730461589525026,
        0.12938313091739098,
        0.8030473082471217,
        -0.9141221506743624,
        -0.38624950660843904,
        -0.7648232691465267
      ],
      [
        0.6844666459353052,
        0.45259273436918623,
        0.233571669792043,
        -0.8666599093361181,
        -0.4850304116304533,
        -0.13602065103657132,
        -0.7216116573499212,
        -0.11245011983185631,
        0.32258790770320195,
        0.17727342565681836
      ],
      [
        -0.012667769310506432,
        -0.6420516809556219,
        0.6699509073465519,
        -0.7882915257589974,
        0.31192788463911986,
        0.6638093975416369,
        -0.1761623157135886,
        0.9691538191657291,
        0.62107128846619,
        0.1565682783001309
      ],
      [
        -0.4420589792811329,
        -0.5398237902021763,
        0.6049603546078497,
        0.26763488838071176,
        0.4806927577011888,
        -0.1842949634777765,
        -0.9599362256589953,
        0.3897714796010481,
        -0.7153563321614437,
        0.05010710867777629
      ],
      [
        -0.651109686954335,
        0.00030477037722509035,
        -0.01669813237500262,
        -0.2830039651866199,
        -0.0391057693690527,
        -0.500727640221877,
        0.5702698797306238,
        -0.5870865267406835,
        -0.8887654530986319,
        0.188761066664624
      ],
      [
        0.36580434263478456,
        -0.7551951661413464,
        -0.33418944156316693,
        -0.42529924151406384,
        -0.6910648924960859,
        -0.3449954333323611,
        0.5526717242193262,
        -0.05340795602689833,
        -0.8920556895065134,
        -0.279106299252864
      ],
      [
        0.44588748135384615,
        -0.7205799615682448,
        -0.21824512492629936,
        -0.3452230807722428,
        0.7550003867846318,
        0.46654353556215306,
        -0.4087069551463836,
        0.7234624732933556,
        -0.07918968419075854,
        -0.3930477556944907
      ],
      [
        -0.6683034996753463,
        -0.2992205803540965,
        0.36078564691010223,
        -0.7699848362889392,
        0.3157031496731109,
        0.23000865377895488,
        -0.7966079193508144,
        -0.7703395127960883,
        0.5274210144166158,
        0.7879465208771393
      ],
      [
        0.21410143586346447,
        -0.35258227890557503,
        0.22325605306961133,
        -0.1387448991114854,
        0.044286671876477106,
        0.9630986698198553,
        0.7280465280611417,
        -0.7952821594519803,
        0.38032646435334694,
        -0.045049633819071185
      ],
      [
        -0.02176036164536313,
        0.8658383755544778,
        -0.48751264096894437,
        0.8631653170587831,
        -0.5922446430361679,
        -0.31774900303419296,
        0.44516036935638603,
        -0.2395026788634606,
        -0.11068905549118804,
        -0.6613643495732505
      ]
    ],
    [
      [
        0.21948075398727204,
        -0.03663509575316263,
        -0.48493760470458636,
        0.5644970337448367,
        0.11052556801770469,
        0.37177996265458213,
        0.0369644692813558,
        -0.6248380050752688,
        -0.6374695545186507,
        0.6578914597447182
      ],
      [
        0.055885570815413226,
        -0.5705175851652933,
        0.5812188128314807,
        0.4338535119476298,
        -1.036442409967696,
        0.5592624529575047,
        -0.21544737615148124,
        0.20989418125334044,
        -0.2612412938921868,
        0.3352009259668483
      ],
      [
        0.24096234553388282,
        0.6391515490824624,
        0.26866970180426786,
        -0.6027285506034789,
        -0.2810329871917031,
        0.3562817757875087,
        -0.28514365745117026,
        0.38274777619454425,
        0.3717939577249221,
        0.7958814116658408
      ],
      [
        0.1585082356191282,
        -0.2892382193385895,
        0.5101033233103889,
        -0.1597499784102726,
        0.09865845731245204,
        -0.06039802157262794,
        0.4943870015806871,
        0.26331682485673596,
        0.438371503654204,
        -0.5024807465612711
      ],
      [
        -0.5326613235318424,
        -0.2859241974367787,
        -0.38337634691643363,
        -0.3687009743815331,
        -0.3905225414017306,
        0.2906535229616698,
        0.603283537444364,
        -0.9983945691431303,
        0.3075262954536526,
        -0.21109848423158495
      ],
      [
        0.6596106700807114,
        0.7564975000214506,
        -0.5579382655833669,
        -0.13198025717361275,
        0.4744988409371366,
        -0.9882550630849338,
        0.3554783498301934,
        -0.9887491333971055,
        -0.37334750120273574,
        0.4121285491430018
      ],
      [
        -0.8599678341276252,
        -0.31068219957042914,
        -0.6048341294135625,
        -0.5379069033313499,
        -0.47617208826321183,
        0.0686179133036365,
        -0.6933458942193399,
        -0.388109591368053,
        0.7677022310846356,
        0.7385279508726076
      ],
      [
        -0.8021180705396092,
        0.6291700088028891,
        0.22563001970647587,
        -0.22841784564552906,
        0.29709072263711417,
        0.6860012969714168,
        -0.934715476995821,
        -0.47782346881184845,
        -0.6258121661086826,
        0.09411523209470343
      ],
      [
        0.8479224797656449,
        0.31681959975216456,
        -0.7784221883406384,
        0.06499433682073848,
        0.10318341755989632,
        0.2342011493975242,
        -0.8717578703869292,
        0.31025378630219697,
        -0.682342675314028,
        0.47533632708902
      ],
      [
        -0.6597175560397041,
        -0.9330234655522069,
        0.3555327297356326,
        -0.6914195850523941,
        0.8187503213099655,
        0.26663604045919836,
        0.3651342494335032,
        0.7053395355214314,
        0.023191429878835924,
        0.8602750524136519
      ]
    ],
    [
      [
        -0.5313025911701273,
        0.3159800891990891,
