{
  "a": [
    [
      0.6876586026043706,
      -0.21207867493195473,
      0.550780002919369,
      0.624202177129197,
      0.8305690637547334,
      -0.600877857643396,
      -0.31424377224476413,
      0.5545465684210545,
      -0.44008198693545364,
      0.09771209771578207
    ],
    [
      -0.03052848823108459,
      0.2591146491391493,
      -0.27183944210321687,
      0.05305997656284854,
      0.8672494740386673,
      0.8309188297426039,
      0.26803600963066276,
      0.42342984226218194,
      -0.7169763546803958,
      0.20089772606123593
    ],
    [
      -1.0413675120941053,
      -0.6647496504536929,
      -0.7479165174762588,
      0.591173619432825,
      -0.6856298484311054,
      -0.1315074690824044,
      -0.6947127974769565,
      -0.909106094716449,
      0.9579361492936329,
      -0.6058157833967063
    ]
  ],
  "b": [
    [
      0.7620482856428235,
      0.659519910742933,
      -0.9515510101293791,
      -0.6066938603970989,
      0.9839528598627885,
      -4.331921964429624,
      -0.20485677164775873,
      -1.0711633607293782,
      4.000728587411748,
      -3.4797989607805384
    ],
    [
      73.21556016560467,
      -1.1893906453536838,
      -2.1260718701007897,
      -5.187907307741518,
      -34.20873408390914,
      22.206372616175308,
      -37.633012776399724,
      -19.730798386068237,
      -5.455260594962085,
      3.3645548170097794
    ],
    [
      -19.246280955406533,
      0.24198693551422185,
      4.206733088711433,
      -2.2241125639582626,
      28.359777498435186,
      2.348546611585649,
      -24.93515622528561,
      28.430460381685407,
      -83.49731139931754,
      0.9589915501421488
    ],
    [
      -0.918487823585118,
      -0.6033262796655883,
      0.26290612302376126,
      1.1234721737985407
    ]
  ],
  "waa": [
    [
      [
        -0.07313551348746289,
        0.6764032882106238,
        0.8164031519737261,
        -0.6979654327754842,
        0.16649231893827154,
        0.11568307143281543,
        0.795375848334018,
        -0.9020014066636369,
        -0.39601446356171943,
        -0.7618979619720643
      ],
      [
        0.6846944414019274,
        0.45253697649744173,
        0.2337327613136476,
        -0.8664559269636295,
        -0.4847806650266918,
        -0.1362119040663848,
        -0.7216834775703611,
        -0.11226886198209432,
        0.322441130594932,
        0.17728657646419108
      ],
      [
        -0.012823387457151085,
        -0.6419969261774612,
        0.6698238284021439,
        -0.7884306476589299,
        0.3117368065528907,
        0.6639463322866107,
        -0.1760854085688173,
        0.9690338122343646,
        0.6211660614707162,
        0.1565349059942518
      ],
      [
        -0.42407497495530744,
        -0.5539279389753773,
        0.631190994759717,
        0.289159775706827,
        0.516030865485608,
        -0.20588868820873787,
        -0.9858570139738849,
        0.4106965868271625,
        -0.7326227792999008,
        0.058812651581108606
      ],
      [
        -0.6489472359630326,
        0.00011308345023648045,
        -0.015464732895138564,
        -0.2813485083907172,
        -0.03701270881653576,
        -0.5027560614842481,
        0.5707599921374155,
        -0.5859097700558862,
        -0.8905335602310692,
        0.18870977912595774
      ],
      [
        0.3660657024875084,
        -0.7567737276785074,
        -0.33190739356894733,
        -0.42546737098184945,
        -0.6882111417460679,
        -0.34596440974021103,
        0.5498567768883411,
        -0.05402115703699213,
        -0.8916857249084551,
        -0.27651611283605065
      ],
      [
        0.4556660985534012,
        -0.7237772794774066,
        -0.210400070248142,
        -0.33668309470365815,
        0.7669033275492427,
        0.4579870667590402,
        -0.4132939203651068,
        0.7309345674653009,
        -0.08508460196154792,
        -0.3911453290236971
      ],
      [
        -0.7309155090216903,
        -0.2763077735298704,
        0.3103987184656878,
        -0.8256872677727176,
        0.2404512783247703,
        0.2851980313470072,
        -0.7664155909472322,
        -0.8193688531352088,
        0.5674917867987781,
        0.7760825378060744
      ],
      [
        0.2028927645302472,
        -0.34938677028193843,
        0.21504520860078258,
        -0.14829895155435746,
        0.03143489958316087,
        0.9726149933965029,
        0.7326314952354271,
        -0.8034767335024962,
        0.38628840903819056,
        -0.04733108779798466
      ],
      [
        -0.0218387061802949,
        0.8658602982415402,
        -0.48756494674547673,
        0.8631106132492208,
        -0.5923273848907658,
        -0.317689390274114,
        0.4451863821529593,
        -0.23954783130614532,
        -0.11065923828466419,
        -0.6613842558869235
      ]
    ],
    [
      [
        0.21941465990038994,
        -0.03625323485562314,
        -0.48535769496598946,
        0.5645636004152793,
        0.11176295150722315,
        0.37287064493629296,
        0.037323350382516836,
        -0.624302536827764,
        -0.6384531472914704,
        0.6581385960799725
      ],
      [
        0.0508656845530814,
        -0.5444269626344534,
        0.5516131841895161,
        0.43974804175319165,
        -0.9551532687352036,
        0.634203138774547,
        -0.1937315896356189,
        0.24542581860143947,
        -0.3299786611626574,
        0.35481244860805966
      ],
      [
        0.2380926260903517,
        0.6525212503119583,
        0.2530021985593721,
        -0.5993032264092513,
        -0.24336852373170328,
        0.39228909711489107,
        -0.27680743088472376,
        0.39877560909110393,
        0.33759742559148986,
        0.8073883517238123
      ],
      [
        0.19249657466194178,
        -0.4190367920870217,
        0.6729436974055854,
        -0.19773508012645413,
        -0.23806117168716415,
        -0.37832931477149156,
        0.4369985537393348,
        0.13451165794140518,
        0.7599471116455174,
        -0.6183235339769104
      ],
      [
        -0.5326468219093702,
        -0.2858275477285784,
        -0.3834537214753227,
        -0.3687148773052497,
        -0.38996003614142416,
        0.29106444637852846,
        0.6035528116330453,
        -0.9981203044402824,
        0.3072270725445772,
        -0.21113432565719356
      ],
      [
        0.659620349115136,
        0.756532550893655,
        -0.5579576955824227,
        -0.13198395441739733,
        0.47473718270361887,
        -0.9880634140371722,
        0.3556018892037029,
        -0.9886199448610045,
        -0.3734787953752319,
        0.41211274394383335
      ],
      [
        -0.8599671983557418,
        -0.31069793345749463,
        -0.6048185421598565,
        -0.5379073812081672,
        -0.47623438532353546,
        0.0685682162390731,
        -0.6933686608011915,
        -0.38813787157652874,
        0.7677435634038163,
        0.7385232598188655
      ],
      [
        -0.80195029023728,
        0.627788713126649,
        0.22705507915121645,
        -0.22874541564405293,
        0.2920420694446987,
        0.681119755698816,
        -0.936429436105033,
        -0.48036298002903693,
        -0.6216939843104696,
        0.09307559387422976
      ],
      [
        0.8476061405875512,
        0.31734159675309026,
        -0.7795081581664753,
        0.06555584448896154,
        0.10129438927278106,
        0.23382704417828365,
        -0.8738947326771334,
        0.3091466088680885,
        -0.6830591781620712,
        0.47716345648450226
      ],
      [
        -0.6597965543521378,
        -0.9325866205971376,
        0.3550351608761036,
        -0.6913456676303397,
        0.8201510241840462,
        0.26785343108168547,
        0.3655267136142148,
        0.7059343778790336,
        0.02207569778909466,
        0.8605700095568437
      ]
    ],
    [
      [
        -0.5328354045391385,
        0.31489273525386136,
