{
  "a": [
    [
      0.531825804957935,
      -0.3150218158282006,
      0.6313882241749251,
      0.4858803428504849,
      0.8747272357646863,
      -0.5502671855856819,
      -0.5307645739690007,
      0.41873516806678307,
      -0.34816476093062765,
      0.27871211911041427
    ],
    [
      0.053476500475153024,
      0.11754707381861132,
      -0.07469223713315003,
      -0.027229537363595003,
      0.771117251990145,
      0.5903800505463044,
      0.3706046022618776,
      0.41337270177010627,
      -0.4086608431678363,
      -0.06192946272316813
    ],
    [
      -1.0875236439689324,
      -0.7844155315832018,
      -0.7746460075740501,
      0.6166126656039069,
      -0.6818128359439319,
      -0.06361517021267957,
      -0.6608332215073799,
      -1.0398854919119187,
      0.9272848173520954,
      -0.6340992869117406
    ]
  ],
  "b": [
    [
      0.561677225516685,
      1.7875968515032181,
      -0.7078585564092553,
      -3.0940226068320276,
      -0.38744493830213644,
      -4.254331066811236,
      -0.7744913157337889,
      -2.5865363785914073,
      4.268094414081235,
      -3.2950731316802093
    ],
    [
      73.2302444118949,
      0.09614718317215566,
      -0.9082131171938869,
      -3.9846658610948134,
      -34.264238789282516,
      22.269191984344396,
      -37.641755075791195,
      -19.54027711824495,
      -5.480701416314516,
      4.493023573271593
    ],
    [
      -19.20959552329014,
      -0.1520417693372075,
      3.703096523231056,
      -1.8491427235256404,
      28.342761933226395,
      2.2114944093334508,
      -24.99087717527349,
      28.44038424081888,
      -83.51806246392985,
      0.5420860563206426
    ],
    [
      -1.4085563022973322,
      0.7071400753365013,
      0.04589996508635216,
      0.2945534984200458
    ]
  ],
  "waa": [
    [
      [
        -0.09112063263331203,
        0.6831315902308048,
        0.8006935042954579,
        -0.7141212375744492,
        0.14323855523617574,
        0.132003062265184,
        0.8053972097675478,
        -0.9161458680901736,
        -0.38449012042314457,
        -0.7660036355338458
      ],
      [
        0.6906124257408022,
        0.4492025425708868,
        0.2404743343703504,
        -0.8607774336187316,
        -0.47530945009134346,
        -0.14233566008364254,
        -0.7271261659192936,
        -0.10748064136060737,
        0.31828980351008257,
        0.1799876974853124
      ],
      [
        -0.012102241092501612,
        -0.6430114969139006,
        0.6715189663905505,
        -0.7878279697483651,
        0.3139019639012747,
        0.6628225590561901,
        -0.17793044764945304,
        0.9695394820524896,
        0.6205613100120817,
        0.15763696298046417
      ],
      [
        -0.3846131908524628,
        -0.5637616085863115,
        0.6579167521113554,
        0.3194981951401747,
        0.5587215317347566,
        -0.2375533729189505,
        -0.9960867346410668,
        0.43285683806126446,
        -0.7499784611376117,
        0.06887638370920889
      ],
      [
        -0.6542144447310775,
        0.0022923795068937863,
        -0.020587090137718197,
        -0.28608982682183737,
        -0.04446020801014149,
        -0.4973227552872673,
        0.5735808392362589,
        -0.589709591653454,
        -0.8863788953163633,
        0.18716245774152027
      ],
      [
        0.37541790103552747,
        -0.7586620961532156,
        -0.3259253450577509,
        -0.41661417618246616,
        -0.6786314110495165,
        -0.3535381572699766,
        0.547252883019471,
        -0.04619204972221293,
        -0.8975157128846359,
        -0.2764165837961654
      ],
      [
        0.4441967383450029,
        -0.7195454097426545,
        -0.220277466403379,
        -0.34665816256438686,
        0.7521587971427603,
        0.46829045444566336,
        -0.4069877051451094,
        0.7222583779303031,
        -0.0781766443629972,
        -0.39404983853981473
      ],
      [
        -0.6012668871952921,
        -0.32662471297649587,
        0.4201142439667232,
        -0.7055486615072962,
        0.40269579149635193,
        0.16791608201422992,
        -0.8372050827093201,
        -0.714942926630011,
        0.48147903519830704,
        0.803637685520531
      ],
      [
        0.2141181780949942,
        -0.3525926385008236,
        0.22327747454760455,
        -0.13873979232906436,
        0.04431745387758278,
        0.963083678327341,
        0.7280272027906631,
        -0.795278962289108,
        0.3803277492913369,
        -0.04503069544368311
      ],
      [
        -0.021329020095350756,
        0.8656369064787213,
        -0.48708247359192236,
        0.8635674091355104,
        -0.5916239827191561,
        -0.3181648075724114,
        0.444845702048163,
        -0.2391636741080304,
        -0.11096855209369438,
        -0.661209354291862
      ]
    ],
    [
      [
        0.2194955704158819,
        -0.03658250183412229,
        -0.48496669459767106,
        0.5644821189282884,
        0.1108845468733301,
        0.37204407998025807,
        0.037147863112502504,
        -0.6246528798729551,
        -0.6376472947014908,
        0.6578545023019658
      ],
      [
        0.05646186483076065,
        -0.567431186580591,
        0.5794970005627732,
        0.43290061138118385,
        -1.0151015379978066,
        0.5743753956499456,
        -0.20436993053192073,
        0.22049729419182024,
        -0.2713923646300017,
        0.3326807336363984
      ],
      [
        0.24103968637538867,
        0.6398067966759134,
        0.2683054116084094,
        -0.6029432491433548,
        -0.27642643940288775,
        0.35945666420922207,
        -0.2827105522555208,
        0.38498066845891926,
        0.3696714584450018,
        0.7952856383831292
      ],
      [
        0.15856953367012458,
        -0.2890733063186802,
        0.5100095128304823,
        -0.15979167198237545,
        0.09976370984113621,
        -0.05955720405843884,
        0.49493543622607267,
        0.2639038324942085,
        0.43779981881122404,
        -0.5025780379559978
      ],
      [
        -0.5326659433446155,
        -0.2859549359274959,
        -0.3833603697256637,
        -0.36869099159154706,
        -0.3907372263244335,
        0.29050199205534744,
        0.6031698340697481,
        -0.9985010426164213,
        0.30762667457770837,
        -0.21107233571365203
      ],
      [
        0.6596101701751306,
        0.7564964356675559,
        -0.5579378871523599,
        -0.1319801443115083,
        0.47449269661340615,
        -0.9882608889764775,
        0.3554758497313149,
        -0.9887528468146647,
        -0.3733434558181247,
        0.4121285628440947
      ],
      [
        -0.8599651071504307,
        -0.3106723897265481,
        -0.6048396987625007,
        -0.5379098324888535,
        -0.47610349944971136,
        0.06866733992793135,
        -0.693309986965908,
        -0.3880745024724718,
        0.7676691990195679,
        0.738520362225589
      ],
      [
        -0.8019145473909848,
        0.6299378904946619,
        0.22520867785354745,
        -0.2286408088769635,
        0.30236694035134837,
        0.6898562801089609,
        -0.9319973044957993,
        -0.4751163585511103,
        -0.6283977193066307,
        0.09355525610719494
      ],
      [
        0.8490645230696999,
        0.3209439143775474,
        -0.7807670497749385,
        0.0638414915168961,
        0.13123779691817414,
        0.2547663441434964,
        -0.8575583963890446,
        0.32463143037429104,
        -0.6962750508098418,
        0.4724286963626261
      ],
      [
        -0.6596912025104511,
        -0.9329231163846091,
        0.355477098545094,
        -0.6914484879497607,
        0.8194344337216333,
        0.267135853363016,
        0.36548386303315133,
        0.7056895986099844,
        0.02285486582624961,
        0.8602028054518709
      ]
    ],
    [
      [
        -0.5314651678752172,
        0.31586532542810336,
