{
  "a": [
    [
      0.6098779353064134,
      -0.26810755751080256,
      0.5791621186486277,
      0.5955800181445575,
      0.840172758529181,
      -0.5838222155638916,
      -0.40172642985689405,
      0.5055704608513399,
      -0.42427110683989455,
      0.17199723842001527
    ],
    [
      0.02219676189557862,
      0.11417992738499702,
      -0.05887999899199083,
      -0.034528668848855096,
      0.7855150847848206,
      0.569658871621669,
      0.40675873524256295,
      0.39712557405796173,
      -0.3802730420123253,
      -0.08754734699957487
    ],
    [
      -1.0388867075273118,
      -0.7369502902731174,
      -0.7746082980760423,
      0.6264786302336406,
      -0.685784094319202,
      -0.07980726438907736,
      -0.6843936146313614,
      -0.993520220217721,
      0.9353233076269476,
      -0.5982388237052244
    ]
  ],
  "b": [
    [
      0.6822044206904523,
      0.9608394200487841,
      -0.8293111293868787,
      -2.162913283186649,
      -0.31727972457642006,
      -4.295749198989029,
      -0.5488281618164981,
      -1.706614481351186,
      4.139613553183587,
      -3.401442925421189
    ],
    [
      73.22982566529127,
      0.04968197811489215,
      -0.9606743038887348,
      -4.218991351797458,
      -34.237533659344344,
      22.251172286082006,
      -37.65024393354316,
      -19.624512299362404,
      -5.55461768067222,
      4.533915345765239
    ],
    [
      -19.21201476680799,
      -0.060366457719313815,
      3.994380273188563,
      -2.098344272543873,
      28.35008078582041,
      2.320176776892139,
      -24.96457891997265,
      28.409149917734823,
      -83.51538226193331,
      0.545103108153673
    ],
    [
      -1.4833965627710504,
      0.5858922256754336,
      -0.16799136948509913,
      0.3522201488480745
    ]
  ],
  "waa": [
    [
      [
        -0.08855034579483669,
        0.6817085869924591,
        0.8035833554754805,
        -0.7117250307306304,
        0.1473118146943597,
        0.12937892234487555,
        0.8030689011117467,
        -0.9141237110857945,
        -0.38622027265115244,
        -0.7648155842235431
      ],
      [
        0.6837288096914795,
        0.4528470318956913,
        0.23296069755099544,
        -0.8672697704913939,
        -0.48596004051704234,
        -0.13539070133623618,
        -0.721224595500689,
        -0.11295392236235559,
        0.32294170178788406,
        0.17704015524350775
      ],
      [
        -0.014115197810279489,
        -0.6414877577852978,
        0.6686667305256886,
        -0.7895821929247459,
        0.3100177566138089,
        0.665115148132293,
        -0.17530958323198434,
        0.9680762880087633,
        0.6219023657592868,
        0.15612349367018827
      ],
      [
        -0.38983144627684013,
        -0.5602953752879534,
        0.6512642692451399,
        0.3149368239332826,
        0.549501484546844,
        -0.2319053999892181,
        -0.9903061268756743,
        0.4290874565201669,
        -0.7465823599999674,
        0.06556277919229525
      ],
      [
        -0.6488505381355393,
        -0.0005452803037090275,
        -0.014732470844760353,
        -0.2810330482049364,
        -0.03616299738756541,
        -0.5027331016082311,
        0.5689807735506939,
        -0.5854458752270678,
        -0.8899982186143879,
        0.18946205974125255
      ],
      [
        0.3724001800422728,
        -0.7576248378738629,
        -0.32846854099875555,
        -0.4195316173986591,
        -0.6824694418138647,
        -0.35084027336227275,
        0.5489499022485791,
        -0.04863902017359205,
        -0.8956161514575498,
        -0.27706186497053276
      ],
      [
        0.44437578809980444,
        -0.7199576872516017,
        -0.21963100655394677,
        -0.34660138122341017,
        0.7529569428594209,
        0.46793806906746965,
        -0.4077659833375251,
        0.7223092325716081,
        -0.07827242921500378,
        -0.3935214539625515
      ],
      [
        -0.6832742492722452,
        -0.29186470435357437,
        0.3452729917652031,
        -0.7840545163669321,
        0.293390746023914,
        0.24483827678526704,
        -0.7851747676439288,
        -0.7819706075075653,
        0.5373311364462701,
        0.7820555127983944
      ],
      [
        0.21417501135777436,
        -0.35260942673662565,
        0.22332048127366744,
        -0.13868160507561125,
        0.04438369699605994,
        0.9630336267999142,
        0.7280042564483419,
        -0.7952301780027027,
        0.38028830299448857,
        -0.04502532387027983
      ],
      [
        -0.02150647348273403,
        0.8657286951383517,
        -0.4872729304805648,
        0.8634008259719357,
        -0.5918937673787652,
        -0.3179880169214528,
        0.44499461144515207,
        -0.2393056054492903,
        -0.11085009450875834,
        -0.6612826437921944
      ]
    ],
    [
      [
        0.2194887321307048,
        -0.03660324201275752,
        -0.4849549498667389,
        0.5644876028757915,
        0.11074477225505244,
        0.3719393425435264,
        0.037077925482558824,
        -0.6247260196429395,
        -0.6375762104183239,
        0.6578677130958323
      ],
      [
        0.05611017858755293,
        -0.569479136359086,
        0.5806274507219692,
        0.4335276776544168,
        -1.0292220689472873,
        0.5643539331409451,
        -0.21165786148528756,
        0.21350111255025467,
        -0.26464557685919166,
        0.3343437506716525
      ],
      [
        0.24101483356793224,
        0.6394260983767337,
        0.2685089104980934,
        -0.6028171855066818,
        -0.2791074828798771,
        0.35761373642455985,
        -0.284125087117881,
        0.38369533100511116,
        0.3709030691386978,
        0.7956397016082007
      ],
      [
        0.15851134903556527,
        -0.2892243642765638,
        0.5100959243695113,
        -0.15975411723573513,
        0.09875370232699862,
        -0.06032892426740425,
        0.4944362827702751,
        0.26336520330281377,
        0.4383252890006668,
        -0.5024912243212917
      ],
      [
        -0.5326703595469803,
        -0.28596279203560515,
        -0.38335544385378767,
        -0.3686894337890221,
        -0.3907885992203106,
        0.29046085799732013,
        0.6031455803344336,
        -0.9985298021246841,
        0.30765517015325905,
        -0.2110691413284768
      ],
      [
        0.6596095238874994,
        0.7564928719049568,
        -0.5579361173684297,
        -0.13197905724327852,
        0.4744680367853316,
        -0.9882788209150167,
        0.3554630033679031,
        -0.9887653362029312,
        -0.3733315402858427,
        0.41213131942355846
      ],
      [
        -0.8599648426844948,
        -0.3106705473184481,
        -0.6048406700626022,
        -0.537910417495334,
        -0.47609080827774153,
        0.0686763204613746,
        -0.6933033761962742,
        -0.3880682339906809,
        0.7676631991894043,
        0.7385188424679293
      ],
      [
        -0.8019631820942733,
        0.629801461730122,
        0.22528628872787496,
        -0.22860581034993044,
        0.3014495227843766,
        0.6891624033059338,
        -0.932454056433211,
        -0.47560089937807487,
        -0.6279261599443811,
        0.09363834479956855
      ],
      [
        0.8478904667493171,
        0.31680189400495506,
        -0.7784276468621198,
        0.06498682500367937,
        0.10312715723322262,
        0.23405310138379135,
        -0.8717467614374811,
        0.31016852778152504,
        -0.6822396569396926,
        0.4752890894535182
      ],
      [
        -0.6597066047920465,
        -0.9329773250525752,
        0.35550756699626773,
        -0.691433410599673,
        0.8190678876432348,
        0.26686566374012566,
        0.36529888141239175,
        0.7055009042743138,
        0.02303779770791388,
        0.8602399783793855
      ]
    ],
    [
      [
        -0.531286426905865,
