{
  "a": [
    [
      0.6229286750719311,
      -0.29733309998871177,
      0.6329666034434394,
      0.6393809472034624,
      0.898950763220413,
      -0.6139813678567555,
      -0.4763373592132114,
      0.5932709899746964,
      -0.49750261624614006,
      0.13468734734497634
    ],
    [
      -0.03275819485342404,
      0.2502853838647676,
      -0.2596245818434104,
      0.03709258496152701,
      0.8929983036308208,
      0.7920438477620722,
      0.2930653288799091,
      0.4133253727954145,
      -0.6797758034821667,
      0.1469601470120277
    ],
    [
      -1.0613549904802086,
      -0.7177401212926658,
      -0.8111789075234742,
      0.6595802807847677,
      -0.6790636983084763,
      -0.13783387897855762,
      -0.6643852232547168,
      -0.988154348686524,
      0.9447500020447583,
      -0.6118677976083275
    ]
  ],
  "b": [
    [
      0.7039182545522804,
      0.5784182850698188,
      -0.8891669804415211,
      -0.6682806000711827,
      1.1604053956991023,
      -4.340732171058208,
      -0.3132233393169542,
      -1.224082290515147,
      3.9460549806404503,
      -3.4423342333911338
    ],
    [
      73.22468577227174,
      -0.5972157918770888,
      -1.5764453144297605,
      -5.3334040665259135,
      -34.21141829646182,
      22.215317710259082,
      -37.652125700119555,
      -19.692489711010175,
      -5.359852791134947,
      4.39290731564446
    ],
    [
      -19.250532227868327,
      0.00480203187300398,
      4.187980989061931,
      -2.357193517352719,
      28.350297162679652,
      2.3316078485353766,
      -24.959043321480568,
      28.419935729839338,
      -83.50442089784697,
      0.5362495426248073
    ],
    [
      -1.2776087384505925,
      -0.3843499396064665,
      -0.07667922517900481,
      1.3188223713241891
    ]
  ],
  "waa": [
    [
      [
        -0.07753372707445542,
        0.6783383528104974,
        0.8121249709103049,
        -0.7023250466931009,
        0.1603577250627795,
        0.11990822261033485,
        0.7984180756179909,
        -0.9060123606589973,
        -0.39264461090984937,
        -0.7627703542055647
      ],
      [
        0.6843458570543767,
        0.4526387033355727,
        0.2334653913989506,
        -0.8667664542647303,
        -0.48518867994079246,
        -0.13591005462019864,
        -0.7215417135438138,
        -0.1125435805238434,
        0.3226624676738079,
        0.17724192720484985
      ],
      [
        -0.012776085165018885,
        -0.6420130430751104,
        0.6698632573136111,
        -0.7883864537502713,
        0.3117957108586567,
        0.6639035184759705,
        -0.1761087669294206,
        0.9690734397179156,
        0.6211332191011497,
        0.1565417534016319
      ],
      [
        -0.34157752335759,
        -0.5818213667231477,
        0.6995883810213622,
        0.3653816679377272,
        0.6182760997140542,
        -0.2800087020186957,
        -1.0263531083160313,
        0.4789014662574797,
        -0.7886434087570425,
        0.07125876940161069
      ],
      [
        -0.6603601463773765,
        0.004084571636751596,
        -0.025169849232954396,
        -0.29199244010301584,
        -0.05149606782417337,
        -0.4921126713646313,
        0.5763616088362828,
        -0.5953164813472909,
        -0.8823472343174407,
        0.18682619473516107
      ],
      [
        0.36968193676614325,
        -0.7579444888532072,
        -0.32893620329494383,
        -0.4221478281312187,
        -0.6837625633674451,
        -0.34916175194480176,
        0.5481063315618655,
        -0.051057691984564654,
        -0.8940590170252113,
        -0.275982959642647
      ],
      [
        0.4546606765864285,
        -0.7232556306919822,
        -0.21149100452120764,
        -0.337728048389754,
        0.7653709943348692,
        0.4590171715251782,
        -0.4124572757585101,
        0.7299617223891058,
        -0.0842321106848046,
        -0.39138991789319866
      ],
      [
        -0.7068179031338911,
        -0.28524948214999984,
        0.3314732823663006,
        -0.8027781526269222,
        0.271445514103424,
        0.26312800984340906,
        -0.7797867508949022,
        -0.7985978760157245,
        0.5503109760220803,
        0.7798620190522707
      ],
      [
        0.20127460587784998,
        -0.3486786469321993,
        0.21347744352517584,
        -0.1499099640487983,
        0.029188447252513447,
        0.974163136073726,
        0.7337418709878096,
        -0.8049591887578045,
        0.38753227942186014,
        -0.04763866228804053
      ],
      [
        -0.022081922559102837,
        0.8659398087238687,
        -0.48776273375904927,
        0.8628864203018548,
        -0.59262436348588,
        -0.3174728291903704,
        0.44530109391601846,
        -0.23974847304729868,
        -0.11049549634959481,
        -0.6614181456624744
      ]
    ],
    [
      [
        0.21943645148701157,
        -0.0363879769135493,
        -0.48521752476011537,
        0.5645346256760121,
        0.11131256004967369,
        0.3724399260040575,
        0.03718649300927917,
        -0.6245170147158043,
        -0.6380790897860412,
        0.6580370307034284
      ],
      [
        0.052174466339450096,
        -0.5526812749965222,
        0.5603303323800919,
        0.43803568404094945,
        -0.9834894049465869,
        0.6077504405832177,
        -0.20259683318770053,
        0.23209332672309246,
        -0.3069914676844332,
        0.3489746234134839
      ],
      [
        0.23870244028419166,
        0.6483888484676686,
        0.25732072589349536,
        -0.6002156485958687,
        -0.2572821047126452,
        0.37889961059456245,
        -0.2811241617161902,
        0.3920395726933494,
        0.34916924732170523,
        0.8042018872179691
      ],
      [
        0.19049762971110026,
        -0.40643028230408473,
        0.6596001843371847,
        -0.1954549736231216,
        -0.19494427624986882,
        -0.33921206124189174,
        0.4504619383893066,
        0.15428806249598154,
        0.725804755645708,
        -0.6100628529074766
      ],
      [
        -0.5326590621504179,
        -0.2857589527583167,
        -0.38352640009005784,
        -0.36870445588202955,
        -0.38972407937785647,
        0.2912687747229661,
        0.6036263020214588,
        -0.9980173254435415,
        0.30704699383673906,
        -0.21109602343732273
      ],
      [
        0.659641932270475,
        0.7563864175862549,
        -0.5578044384466864,
        -0.1320101159126347,
        0.4742265892627431,
        -0.9885271029988412,
        0.3554387326714283,
        -0.9888571290654516,
        -0.37307740360969555,
        0.41201868862564067
      ],
      [
        -0.8599668332765019,
        -0.31070049493829427,
        -0.6048157072282667,
        -0.5379082147210074,
        -0.476242883197619,
        0.0685594518386979,
        -0.6933712688529348,
        -0.388142193561808,
        0.7677512124116163,
        0.7385208344853199
      ],
      [
        -0.8022137658142868,
        0.6295873947314075,
        0.22512683852497425,
        -0.22832891631115707,
        0.2982349860857309,
        0.6870051108911037,
        -0.9344761728954244,
        -0.47738995698240533,
        -0.6268039946808047,
        0.09443016698698563
      ],
      [
        0.8475571729270516,
        0.31739946278937764,
        -0.7795753171695644,
        0.065511695626059,
        0.10175355856198479,
        0.2339568785865335,
        -0.8736848526285147,
        0.3092390971894176,
        -0.683179409805502,
        0.4769995013138849
      ],
      [
        -0.6598005065476985,
        -0.9325890386098515,
        0.35504161097821807,
        -0.6913486653665092,
        0.8201594968772713,
        0.26782820404929003,
        0.3655419997560101,
        0.7059206613670211,
        0.0220973029077539,
        0.860533443445606
      ]
    ],
    [
      [
        -0.5338461598847402,
        0.31421387382923194,
