{
  "a": [
    [
      0.47408609703567517,
      -0.3046444702906168,
      0.6792686542374706,
      0.46466830276180715,
      0.9358771538322946,
      -0.5237013416604093,
      -0.6222552352816827,
      0.3812449565588228,
      -0.278232066048564,
      0.3442745643727722
    ],
    [
      0.059254412677098786,
      0.12035728934476209,
      -0.09456999247008899,
      -0.021777288318524584,
      0.7829625161052303,
      0.5929508123549898,
      0.3568314941305568,
      0.4063340364796824,
      -0.4286149877696579,
      -0.06312008897769833
    ],
    [
      -1.127947888985622,
      -0.8336940685607473,
      -0.7859574982899266,
      0.6031904727344158,
      -0.6887320224071736,
      -0.04500138085473105,
      -0.6332840955005298,
      -1.076917618148742,
      0.932148558832092,
      -0.6757241636592363
    ]
  ],
  "b": [
    [
      0.4442817429907956,
      2.101860090163039,
      -0.4030108457163721,
      -3.635272424358004,
      -0.5146458151029685,
      -4.281222938136381,
      -0.9880154901575903,
      -3.249046362930889,
      4.3481875981348725,
      -3.2310933386205263
    ],
    [
      73.22164162856672,
      0.05043848856139647,
      -0.9156088433873931,
      -3.8256438005336655,
      -34.26542208157177,
      22.281272271682294,
      -37.63584895015722,
      -19.5403823283701,
      -5.469824682188018,
      4.4853476076453855
    ],
    [
      -19.208533962280303,
      -0.21748426975290594,
      3.675626677874983,
      -1.8186912516351217,
      28.340787244316978,
      2.1532003432706386,
      -25.001425747729417,
      28.45363510074031,
      -83.51851397920359,
      0.5536409876032631
    ],
    [
      -1.4595443467521771,
      0.8466299173379245,
      -0.22373064505389795,
      0.2333903254402281
    ]
  ],
  "waa": [
    [
      [
        -0.09174721807187922,
        0.6835160982962929,
        0.7998844127967167,
        -0.7147024182677507,
        0.14212052540324055,
        0.13266770006313025,
        0.8061068066413786,
        -0.9166345295579138,
        -0.3841076249295126,
        -0.7663929177051756
      ],
      [
        0.6912426406239034,
        0.4488063123607213,
        0.24127797518999325,
        -0.8601862842552025,
        -0.474204829523124,
        -0.14300799707056222,
        -0.7278262441871091,
        -0.10697433094521146,
        0.31787398593308985,
        0.1803563662305104
      ],
      [
        -0.011995838761408565,
        -0.6430820178182072,
        0.6716488576748646,
        -0.7877304699658181,
        0.314078910814895,
        0.6627086185670772,
        -0.17804135515861363,
        0.9696256949937722,
        0.6204829630611062,
        0.15769294233992726
      ],
      [
        -0.37882843460323895,
        -0.5654908768983309,
        0.6629087649765457,
        0.32344824439663106,
        0.5664387043186057,
        -0.24229107576716363,
        -0.999521506212603,
        0.4357668950513053,
        -0.7513100439241338,
        0.07182856936151533
      ],
      [
        -0.6557504693762005,
        0.003256435838921722,
        -0.02254040662522174,
        -0.28752958510094007,
        -0.047145455309433426,
        -0.4956858013553484,
        0.5752803248267003,
        -0.590943446937843,
        -0.885364427731174,
        0.1862683925641833
      ],
      [
        0.35197317252877053,
        -0.7431884640951815,
        -0.3572518957206767,
        -0.4380761714226105,
        -0.721555240984106,
        -0.32809132901582627,
        0.5751836337045954,
        -0.06430680701804851,
        -0.8827738445236339,
        -0.2919351720362455
      ],
      [
        0.44365145794378397,
        -0.7192012548696611,
        -0.22097309628274633,
        -0.34716729915692673,
        0.7512028959709041,
        0.468872306489154,
        -0.4063811455105243,
        0.7218224062578564,
        -0.07781789039145279,
        -0.39437079676100983
      ],
      [
        -0.5682345608650821,
        -0.3467865694399017,
        0.46090595964647774,
        -0.6751235599462575,
        0.45895455421189063,
        0.1332718328604345,
        -0.872297253999768,
        -0.6888578114965129,
        0.4601338868901821,
        0.8222524339642353
      ],
      [
        0.21430346267091738,
        -0.35270726485899256,
        0.22350959186020292,
        -0.13856716173350264,
        0.044637063589696255,
        0.9628876634459659,
        0.7278266142429111,
        -0.7951308669634517,
        0.380206020859698,
        -0.044925155881120546
      ],
      [
        -0.021172333407890823,
        0.8655383030677024,
        -0.4868836938847266,
        0.8637137230570182,
        -0.5913508360795593,
        -0.3183317098721017,
        0.44467288572935054,
        -0.2390381356335168,
        -0.11107222604510256,
        -0.6611183363871709
      ]
    ],
    [
      [
        0.21962859320679537,
        -0.036301985463155405,
        -0.48515181005486324,
        0.5644196056035774,
        0.11266886593884805,
        0.3734223996506236,
        0.03798259841658437,
        -0.6236977003037131,
        -0.6386121917614224,
        0.6577240904765551
      ],
      [
        0.05612846946893293,
        -0.567937005267379,
        0.579849488194348,
        0.43297437166120667,
        -1.0182792605536644,
        0.5717068293009534,
        -0.2057743207399132,
        0.21868670002260807,
        -0.26949845166021225,
        0.33279971570823036
      ],
      [
        0.24022816243375328,
        0.6382936370855429,
        0.2693421713256633,
        -0.6026522101194651,
        -0.28599180306048844,
        0.3518455779343197,
        -0.28707953813182907,
        0.37977070062467355,
        0.37504324222624447,
        0.7958629353532845
      ],
      [
        0.1585785305328086,
        -0.28905468099741144,
        0.509996112440011,
        -0.1597954368520509,
        0.0998836103797778,
        -0.05946538088844339,
        0.4949908776553166,
        0.26396709333234064,
        0.43773456898346313,
        -0.5025872163758259
      ],
      [
        -0.5325319040199817,
        -0.2856728762453012,
        -0.383547475207783,
        -0.36875340333457873,
        -0.3889346617001895,
        0.291892605175588,
        0.6040146307260268,
        -0.9975366190159443,
        0.3066529619344819,
        -0.21120558772542222
      ],
      [
        0.6596415091444052,
        0.7565656001829479,
        -0.5579820771837641,
        -0.1319961249119081,
        0.4749394514711198,
        -0.9879176330009927,
        0.35568822712414216,
        -0.9885138045856238,
        -0.3735819100836284,
        0.4120938191880561
      ],
      [
        -0.8599648917338525,
        -0.31067193313877217,
        -0.6048400148018737,
        -0.5379099280867587,
        -0.4761006094528443,
        0.0686695826370806,
        -0.6933086526766193,
        -0.3880729723799205,
        0.7676676158559381,
        0.7385201586700243
      ],
      [
        -0.8015771428687667,
        0.630652629458283,
        0.22473785829871257,
        -0.22880035235759938,
        0.3069552363418951,
        0.6933903889532362,
        -0.929836988314841,
        -0.47266069288284684,
        -0.6308674108076363,
        0.09321073303506464
      ],
      [
        0.8500360372307209,
        0.3230031458067982,
        -0.78213275504333,
        0.06338714937000926,
        0.14436820334758588,
        0.2649177188748479,
        -0.8514132732618699,
        0.3316477226887047,
        -0.7033836204813178,
        0.4714695116196236
      ],
      [
        -0.6596643378002071,
        -0.932866130578198,
        0.3554393533374738,
        -0.6914610988235809,
        0.8197978669378068,
        0.26741660648592985,
        0.3656540827995254,
        0.7058838057152512,
        0.022658320957163358,
        0.8601761365045921
      ]
    ],
    [
      [
        -0.5314139301596575,
        0.31590289647280334,
