{
  "a": [
    [
      0.5254141762367156,
      -0.31331460093247837,
      0.6337641444916959,
      0.47719380056637445,
      0.8769395531934068,
      -0.5444247008764629,
      -0.5388110379431738,
      0.40915922259492415,
      -0.33443381748256235,
      0.28799103987184144
    ],
    [
      0.058302432738409904,
      0.12217397029289526,
      -0.0822744131886132,
      -0.026406429817951296,
      0.7712438020342695,
      0.5992800825201627,
      0.3576065139687971,
      0.4114997073717061,
      -0.42110079085434166,
      -0.053814883761716364
    ],
    [
      -1.121363705523125,
      -0.8227855783599539,
      -0.7807053408040391,
      0.6040176612164521,
      -0.6865542937925277,
      -0.04760926068545598,
      -0.639476667713156,
      -1.0693064577463638,
      0.9296830281161779,
      -0.6679844736779753
    ]
  ],
  "b": [
    [
      0.5169462083810246,
      2.0527000259080728,
      -0.628507803834718,
      -3.449062724291958,
      -0.4358058015634916,
      -4.252931711810886,
      -0.8510538094208265,
      -3.0645620470413966,
      4.291836074463878,
      -3.283921261973036
    ],
    [
      73.22514712703223,
      0.07524809111755,
      -0.9047802256147291,
      -3.905595728869249,
      -34.26401766786613,
      22.27767591161309,
      -37.63776770818237,
      -19.537498007825167,
      -5.466132675020856,
      4.488295756372675
    ],
    [
      -19.209013627280065,
      -0.20931870392618893,
      3.7068999127969633,
      -1.8258662595096105,
      28.341238535108342,
      2.343135325223662,
      -24.99827052892479,
      28.451457401186715,
      -83.51848382923663,
      0.5509278204974513
    ],
    [
      -1.4628376094621223,
      0.7805519285768481,
      -0.16130087935617618,
      0.3562523470832833
    ]
  ],
  "waa": [
    [
      [
        -0.09126413818855318,
        0.683210189710026,
        0.8005315259109662,
        -0.7142463309545626,
        0.14301147002790582,
        0.132146213598134,
        0.8055301698599706,
        -0.9162522565224349,
        -0.3844054217499994,
        -0.7660776396653773
      ],
      [
        0.6909866304775341,
        0.4489687398515557,
        0.24093686184527968,
        -0.8604264961131727,
        -0.47467439222725616,
        -0.14273203898418618,
        -0.7275228741492523,
        -0.10717597097463105,
        0.31803220788634906,
        0.1801901552974251
      ],
      [
        -0.012002233159000763,
        -0.643076458954807,
        0.6716449023929714,
        -0.787732092992864,
        0.31407391264394025,
        0.6627146803307659,
        -0.17803914743620658,
        0.9696234344986141,
        0.6204882435638565,
        0.15769066988920086
      ],
      [
        -0.38550267322876636,
        -0.5614246654155289,
        0.6542247092033403,
        0.3171958595805753,
        0.5544281501015903,
        -0.23520364664057444,
        -0.9918821017779335,
        0.4305270427325526,
        -0.7472711965379067,
        0.0676475638330679
      ],
      [
        -0.6551231676839803,
        0.0028598228840439194,
        -0.02170976065475113,
        -0.2869417280718277,
        -0.04600181996733945,
        -0.49636042635784244,
        0.5745434991101951,
        -0.5904490943054763,
        -0.8857536812932109,
        0.18667097079862063
      ],
      [
        0.37376224219569504,
        -0.757650516268926,
        -0.32794245827867297,
        -0.41814491177558283,
        -0.6814096415675783,
        -0.35180396072223513,
        0.5489734020004877,
        -0.04751632610548518,
        -0.8964111065162992,
        -0.2773094734800215
      ],
      [
        0.4439525228465442,
        -0.7193915767213289,
        -0.22058066215422772,
        -0.3468883175528724,
        0.7517430502720469,
        0.4685500964921302,
        -0.4067271710179391,
        0.7220581589767947,
        -0.07800651109155318,
        -0.3941818492757289
      ],
      [
        -0.5952595617291735,
        -0.33025125132554944,
        0.42738160024768984,
        -0.6999966942334821,
        0.41272266486516385,
        0.16164950930921324,
        -0.8433815490088595,
        -0.7101464830361129,
        0.4774958218772764,
        0.8068433890932909
      ],
      [
        0.21423263303365753,
        -0.352663111842311,
        0.22341759269891515,
        -0.13863317639152015,
        0.04451025987080483,
        0.9629632155924361,
        0.7279075442884831,
        -0.7951865986653615,
        0.380250169105824,
        -0.04496915666092097
      ],
      [
        -0.021238061734916717,
        0.8655800976620622,
        -0.48696998187755225,
        0.8636526856047712,
        -0.5914695226764882,
        -0.318261138815685,
        0.4447491688869949,
        -0.23908967039260895,
        -0.11103103281200699,
        -0.6611600332039179
      ]
    ],
    [
      [
        0.21961818030757765,
        -0.036322880216830666,
        -0.48513736041446126,
        0.5644238596912124,
        0.11253624009685972,
        0.37331888996466406,
        0.03792151111703146,
        -0.6237686948960063,
        -0.6385390899781249,
        0.657733146974905
      ],
      [
        0.05662025122252474,
        -0.567088050297074,
        0.5792711968940903,
        0.43282348908534357,
        -1.0129052395836375,
        0.5760653307763854,
        -0.20333611804133703,
        0.22166790872929656,
        -0.27257346274632765,
        0.3325150659921225
      ],
      [
        0.24104196647754844,
        0.6398187033440412,
        0.2682985801065999,
        -0.6029463931579602,
        -0.2763332099396426,
        0.35952248216724025,
        -0.2826605110674463,
        0.38502754172569664,
        0.36962724185705453,
        0.7952731509684824
      ],
      [
        0.15857288317362336,
        -0.2890661099285807,
        0.5100048877584131,
        -0.159793323566961,
        0.09980962043232186,
        -0.05952175389811846,
        0.4949570954930217,
        0.2639284569905673,
        0.4377751398638931,
        -0.502581434068367
      ],
      [
        -0.5325524207714577,
        -0.2857145074853047,
        -0.3835179775736339,
        -0.3687450288952683,
        -0.3892001456683951,
        0.2916870068459787,
        0.6038924351170775,
        -0.997677670311745,
        0.3067987548486859,
        -0.21118662441255956
      ],
      [
        0.659641667162352,
        0.7565658642043928,
        -0.557982259780063,
        -0.13199616973185957,
        0.4749411412804144,
        -0.9879162628474233,
        0.35568899501188067,
        -0.988512863784188,
        -0.37358287862397727,
        0.4120937294102356
      ],
      [
        -0.8599650041221493,
        -0.3106721646180357,
        -0.6048398528489983,
        -0.5379098805119019,
        -0.47610208097550316,
        0.06866844246109156,
        -0.6933093309960738,
        -0.38807375410180744,
        0.767668422633829,
        0.7385202634474967
      ],
      [
        -0.8016254449027169,
        0.6305540745286349,
        0.2248080469126166,
        -0.22878052534459875,
        0.30632614177264145,
        0.6929043377882416,
        -0.9301265887131799,
        -0.47299418373120894,
        -0.6305224530647895,
        0.09325625321826905
      ],
      [
        0.8496696096475684,
        0.32224665107475703,
        -0.7816122731763574,
        0.0635453248368446,
        0.13957380240781364,
        0.26119089196599266,
        -0.853626428569928,
        0.3290926693124919,
        -0.7007542235586499,
        0.4718042754116119
      ],
      [
        -0.6596719023490354,
        -0.9328817472550555,
        0.355450182332505,
        -0.691457857308804,
        0.819698779996983,
        0.26733971628918785,
        0.36560837218364833,
        0.7058310911427303,
        0.02271264396876654,
        0.8601831284563138
      ]
    ],
    [
      [
        -0.531429094714687,
        0.3158917738231484,
