{
  "a": [
    [
      0.4772403717965125,
      -0.30428763908020395,
      0.6741866781899879,
      0.45958236130529606,
      0.9297408703124349,
      -0.5233710721244217,
      -0.613488190746278,
      0.3770221025058432,
      -0.27691461625495195,
      0.34316099914904025
    ],
    [
      0.05996826133547126,
      0.12036530845569328,
      -0.09274472532862073,
      -0.02207217069527543,
      0.7802556328499315,
      0.5945470434933761,
      0.3561492172398221,
      0.40773359231860834,
      -0.4281108038346265,
      -0.060895373577623556
    ],
    [
      -1.1268512759562634,
      -0.8317997539633315,
      -0.7854326547611444,
      0.6042711796935842,
      -0.6880235483264044,
      -0.045842246681064056,
      -0.6342686379295058,
      -1.0762080294641831,
      0.9314100544845195,
      -0.674108995996872
    ]
  ],
  "b": [
    [
      0.4609066531227401,
      2.0863798955650883,
      -0.45534791870359753,
      -3.5839413180648356,
      -0.49289286197659193,
      -4.277488847072981,
      -0.9510610562593934,
      -3.195431325726396,
      4.348907020536155,
      -3.2330376031651866
    ],
    [
      73.22253455759218,
      0.05808858451849012,
      -0.9172436307148275,
      -3.8477987678753927,
      -34.26489104204703,
      22.280778753889443,
      -37.63635429640753,
      -19.538790402019245,
      -5.46646307942243,
      4.488230686505955
    ],
    [
      -19.208539665255124,
      -0.21228960884357398,
      3.6576082693483034,
      -1.787994333647168,
      28.34102180378092,
      2.1562115545413274,
      -25.000673140936364,
      28.45356081946559,
      -83.51851268975912,
      0.5553660294317562
    ],
    [
      -1.4670318139277991,
      0.8451327467717737,
      -0.3169656044129131,
      0.6958856458014271
    ]
  ],
  "waa": [
    [
      [
        -0.09155783687860514,
        0.6833937918476862,
        0.8001568607922938,
        -0.7145166280794223,
        0.14249550282732637,
        0.13245800439173158,
        0.8058573168523483,
        -0.9164820021536243,
        -0.3842194381981547,
        -0.766255038142696
      ],
      [
        0.6911798057237025,
        0.44884677002193285,
        0.2411877463947512,
        -0.8602478445276812,
        -0.4743290749445489,
        -0.14293851254358125,
        -0.7277436692222926,
        -0.10702484027616725,
        0.31791094350477395,
        0.1803106648357408
      ],
      [
        -0.011931250441908951,
        -0.6431241083071767,
        0.6717425236292616,
        -0.7876668277911292,
        0.3142075793322825,
        0.6626367860873706,
        -0.17812723179838336,
        0.9696780249808877,
        0.6204444569500672,
        0.15774023261009468
      ],
      [
        -0.3820220258910092,
        -0.5634733141150697,
        0.6583784205882494,
        0.32035467577595994,
        0.5601841410625484,
        -0.23879066728932763,
        -0.9953955206255524,
        0.4332374186925184,
        -0.7494800471808698,
        0.06951976769023856
      ],
      [
        -0.6555875780575918,
        0.0031515915609401195,
        -0.02230657590868492,
        -0.28736999281812803,
        -0.046823436202391606,
        -0.49586590893496635,
        0.5750663157467938,
        -0.5908125123365179,
        -0.8854602132398387,
        0.1863868372191104
      ],
      [
        0.3539941152755928,
        -0.7444776820492647,
        -0.3543956113344282,
        -0.43612952217803536,
        -0.717616454743917,
        -0.3303082060864465,
        0.5725838907091151,
        -0.06270988847164109,
        -0.8839466633365319,
        -0.2904810219039258
      ],
      [
        0.44367304523231293,
        -0.7192150323277138,
        -0.2209424198179736,
        -0.34714621646638544,
        0.7512452484625335,
        0.46884854206303267,
        -0.4064092123192846,
        0.7218396828695393,
        -0.07783051457037646,
        -0.39435524185325316
      ],
      [
        -0.5677597387077433,
        -0.34709150345520834,
        0.46158726840961645,
        -0.6746583563150003,
        0.4598934617991238,
        0.13274714178478966,
        -0.8729212873154086,
        -0.6884766303919734,
        0.4598560311539295,
        0.8225983103008154
      ],
      [
        0.21429069363411715,
        -0.35269905834644555,
        0.22349125673447795,
        -0.1385796576322649,
        0.04461181220478974,
        0.962901775701755,
        0.727843383720755,
        -0.7951411133777078,
        0.3802135028019051,
        -0.04493445389156203
      ],
      [
        -0.021185659019708734,
        0.865546852647686,
        -0.48690277635980195,
        0.8637007177120676,
        -0.5913771235642208,
        -0.31831700308706895,
        0.4446903229781675,
        -0.2390487993033603,
        -0.11106443533417322,
        -0.6611280204575524
      ]
    ],
    [
      [
        0.2196269744289778,
        -0.036305256623051396,
        -0.4851492401821723,
        0.5644201948093812,
        0.11264755980125578,
        0.3734062606943444,
        0.03797287999018056,
        -0.6237087689933681,
        -0.6386005284109669,
        0.6577258064795357
      ],
      [
        0.0562480579056495,
        -0.5676967951433143,
        0.5796638762890575,
        0.4329304401567555,
        -1.0167211959958011,
        0.5728932161320357,
        -0.20506331767545563,
        0.21950025335729867,
        -0.2703531871616473,
        0.3326776543352728
      ],
      [
        0.2403524415084725,
        0.6385431172441591,
        0.2691496082413757,
        -0.6026978783146741,
        -0.28437391735442863,
        0.3530779110944315,
        -0.2863411655330931,
        0.38061580270034084,
        0.3741555982706608,
        0.7957364082500954
      ],
      [
        0.15857497108637003,
        -0.28906191760711925,
        0.5100017959999413,
        -0.15979412814189473,
        0.09983655231784341,
        -0.05950102363919348,
        0.4949694318558627,
        0.2639426717142703,
        0.4377603323872432,
        -0.5025834250439004
      ],
      [
        -0.5325382472163716,
        -0.2856856905158664,
        -0.3835374071907551,
        -0.3687510957479166,
        -0.38901812807750535,
        0.2918293817713357,
        0.6039765586094794,
        -0.9975799816347211,
        0.30669865287646975,
        -0.21119886534851212
      ],
      [
        0.6596413245240759,
        0.756565224199167,
        -0.557981781696795,
        -0.1319960569202454,
        0.4749370068919204,
        -0.9879194846863816,
        0.35568711363874694,
        -0.9885150727018378,
        -0.3735805713525613,
        0.4120940162365263
      ],
      [
        -0.8599649110535765,
        -0.31067197236324284,
        -0.6048399839604929,
        -0.5379099210176982,
        -0.4761008647069933,
        0.0686693892976363,
        -0.6933087690016185,
        -0.38807310485485025,
        0.7676677556327202,
        0.7385201792479904
      ],
      [
        -0.8015935761106932,
        0.6306194320921584,
        0.22476394208411843,
        -0.22879437449074716,
        0.306739001795005,
        0.6932265990259531,
        -0.9299356207624044,
        -0.47277303065986404,
        -0.6307490405779143,
        0.0932281493412916
      ],
      [
        0.8500246723758688,
        0.3229801534955146,
        -0.7821147731350394,
        0.06339131340009577,
        0.1442186513811827,
        0.26480429181687615,
        -0.8514814859986275,
        0.33156996084132406,
        -0.7033017121137062,
        0.47148148281596797
      ],
      [
        -0.6596647789547442,
        -0.932867028072526,
        0.35544004804987256,
        -0.6914609338346905,
        0.819792060630855,
        0.26741218923945437,
        0.3656514381100304,
        0.7058807827444596,
        0.02266150602608749,
        0.8601765943190736
      ]
    ],
    [
      [
        -0.5314113841630306,
