{
  "a": [
    [
      0.5329255477360089,
      -0.3136395934921511,
      0.6280062496596095,
      0.483543718618562,
      0.8721987500983163,
      -0.5499895456025814,
      -0.5250330404053406,
      0.4152975732623447,
      -0.34718147191767745,
      0.27798206187685925
    ],
    [
      0.04844811946923272,
      0.11575591102512432,
      -0.06857147183665041,
      -0.027995384485887037,
      0.7686585669577158,
      0.589622216786101,
      0.37585743088176654,
      0.412060948407119,
      -0.40362624184076007,
      -0.06358323443014181
    ],
    [
      -1.0640509324079237,
      -0.7578421499513499,
      -0.7670508848749246,
      0.6214956630534139,
      -0.6804616414946587,
      -0.06811009288236448,
      -0.6795647788208254,
      -1.019492975242479,
      0.9234374915991432,
      -0.6103161911956552
    ]
  ],
  "b": [
    [
      0.5827203506753917,
      1.6296070990964406,
      -0.7263130059276627,
      -3.0163847619788977,
      -0.37629808198800335,
      -4.25373006833732,
      -0.7440527347666128,
      -2.4492176850048755,
      4.262727213645782,
      -3.2962312516171415
    ],
    [
      73.23204556209134,
      0.10241766309462465,
      -0.9115080782753958,
      -4.0216308247743475,
      -34.262211247549786,
      22.267453570480047,
      -37.64292921143209,
      -19.54351036670168,
      -5.494748278622787,
      4.5011376531527025
    ],
    [
      -19.209886011731204,
      -0.11428658295581959,
      3.8244155920109435,
      -1.9127379649756338,
      28.34335590971818,
      2.36562715450832,
      -24.98831033305586,
      28.437324452278297,
      -83.51752098707605,
      0.5484511279482635
    ],
    [
      -1.4046509975084995,
      0.69427576407213,
      -0.33850282583441293,
      0.35313756924458317
    ]
  ],
  "waa": [
    [
      [
        -0.09087072644020962,
        0.6829833031667919,
        0.800990288280536,
        -0.7138932384435488,
        0.14364992302973717,
        0.13174423710542524,
        0.8051479583542975,
        -0.9159496370083166,
        -0.38465395791809076,
        -0.7658724185754585
      ],
      [
        0.6903330953464005,
        0.44936826331699536,
        0.24014266758221484,
        -0.8610322503340486,
        -0.4757691699383147,
        -0.1420463973485993,
        -0.7268476189191836,
        -0.10769996901170814,
        0.31847288215013564,
        0.17984104718728577
      ],
      [
        -0.01240562097675643,
        -0.642831510123455,
        0.6711589104802191,
        -0.7881046351295072,
        0.3134027859245408,
        0.6631367554666884,
        -0.17762818865279945,
        0.9693014453208585,
        0.6207602792442264,
        0.15747778177400823
      ],
      [
        -0.3870165411603908,
        -0.562343179850205,
        0.6550748923940394,
        0.3173138164259897,
        0.5547774615803179,
        -0.235069964598838,
        -0.9937061053315656,
        0.4309800442376175,
        -0.748411697059695,
        0.06761730701508986
      ],
      [
        -0.6537279655337498,
        0.0020039563749176766,
        -0.020009797005794392,
        -0.2856462639954411,
        -0.04365989143888543,
        -0.49782639214272734,
        0.5730961786993971,
        -0.5893278881388956,
        -0.8866975412038285,
        0.1874177738959741
      ],
      [
        0.3760854963864236,
        -0.7590574600984866,
        -0.3251339935861379,
        -0.4160060883666819,
        -0.6775341464067811,
        -0.3542288629439698,
        0.5465889443370976,
        -0.04566882018003055,
        -0.8979524670240893,
        -0.2760665109727735
      ],
      [
        0.4445206407829527,
        -0.7197375125483823,
        -0.21989305043668786,
        -0.34636276754801,
        0.7526917239395897,
        0.4679550601904332,
        -0.4073104479046803,
        0.7225125635947307,
        -0.07838895962153822,
        -0.3938798796230539
      ],
      [
        -0.6009309557229235,
        -0.32682618269459857,
        0.4205172175168016,
        -0.7052399671694369,
        0.4032527317737995,
        0.16756671788839692,
        -0.8375458789069296,
        -0.7146762856461567,
        0.48125728232617837,
        0.8038156712003878
      ],
      [
        0.21409148202786052,
        -0.3525768167479654,
        0.2232457925436595,
        -0.13876414027297898,
        0.044273541419388836,
        0.9631113083909877,
        0.728053810440423,
        -0.7952999256469333,
        0.38034522407951,
        -0.045044703893153924
      ],
      [
        -0.021348737285113408,
        0.865648558673519,
        -0.4871058059947365,
        0.8635494734610207,
        -0.5916563558843426,
        -0.31814442237893437,
        0.4448652558125837,
        -0.23917909196999695,
        -0.11095567687597047,
        -0.661219684994242
      ]
    ],
    [
      [
        0.2194953278763868,
        -0.03658304533207936,
        -0.4849663543878629,
        0.5644822458248366,
        0.11088097039307034,
        0.3720413403162734,
        0.03714613794514321,
        -0.6246547967450475,
        -0.6376454026331283,
        0.6578547917864795
      ],
      [
        0.05651502050916185,
        -0.5673104852637738,
        0.5794225148636033,
        0.43287216189767674,
        -1.0143057006147835,
        0.5749855081217502,
        -0.2039847487246613,
        0.22092409098231736,
        -0.27181272089693925,
        0.33261616609555616
      ],
      [
        0.24111681629340495,
        0.6399836753507386,
        0.26819711642715155,
        -0.6029851543865327,
        -0.2752584155018036,
        0.36035220827383474,
        -0.2821440721202391,
        0.3856070144556819,
        0.3690552293411387,
        0.7951905013814381
      ],
      [
        0.15856443135257123,
        -0.28908508094678176,
        0.510016691909261,
        -0.15978887568153946,
        0.09968589871686223,
        -0.059616864715749354,
        0.49489766065843954,
        0.26386211436861523,
        0.43784084645089255,
        -0.5025716842040111
      ],
      [
        -0.5326674412225463,
        -0.28595840262607514,
        -0.3833582599202071,
        -0.3686901678003148,
        -0.3907601650452112,
        0.2904844067099267,
        0.6031586872728243,
        -0.9985133398558389,
        0.30763876330667905,
        -0.21107045736141122
      ],
      [
        0.6596109218277737,
        0.7564981465516458,
        -0.55793894285804,
        -0.13198054765403536,
        0.47450398388058346,
        -0.9882522386425009,
        0.3554813146413764,
        -0.9887467957592178,
        -0.3733494155469824,
        0.4121276447653903
      ],
      [
        -0.8599651129614841,
        -0.31067240627050857,
        -0.6048396906694896,
        -0.537909828101408,
        -0.4761036121191239,
        0.06866725267351645,
        -0.693310044137035,
        -0.38807456330710777,
        0.7676692571864058,
        0.7385203718214199
      ],
      [
        -0.801926174804004,
        0.6299108368879964,
        0.22522506656266192,
        -0.22863436220710756,
        0.30218777801935404,
        0.6897189114367354,
        -0.9320844663910243,
        -0.4752124092805183,
        -0.6283033570518849,
        0.09356995359822795
      ],
      [
        0.8487228553763149,
        0.3201610862842297,
        -0.7802866653145585,
        0.06402666965176501,
        0.12606815178576966,
        0.25080385758497925,
        -0.8600648151178422,
        0.3218600090717234,
        -0.6935474610169042,
        0.4728501998534714
      ],
      [
        -0.6596952028026568,
        -0.9329323986411183,
        0.35548272957820753,
        -0.6914462765360139,
        0.8193730446274088,
        0.267088780926119,
        0.3654540201412314,
        0.7056566843693519,
        0.02288720970156526,
        0.8602078300575717
      ]
    ],
    [
      [
        -0.5314641482375614,
        0.31586605803192186,
