{
  "a": [
    [
      0.6824581869833466,
      -0.21697169343844608,
      0.5614973046203671,
      0.6013028069740052,
      0.8265849518015351,
      -0.6047273368487334,
      -0.3321428973101802,
      0.5517969237340714,
      -0.44116683139817414,
      0.11103717418028787
    ],
    [
      -0.04617399633019847,
      0.24958923599693286,
      -0.2712218037379371,
      0.03286837154258744,
      0.9033059786057414,
      0.8273136900980551,
      0.2773656649822194,
      0.43256069933451746,
      -0.7158328941504396,
      0.20805663413619271
    ],
    [
      -0.9859985487695581,
      -0.5375087482063894,
      -0.7192401595623965,
      0.592044237789282,
      -0.6858245431889276,
      -0.18948295589015907,
      -0.72331312467371,
      -0.796199387951178,
      0.9990187360336973,
      -0.5848889096557235
    ]
  ],
  "b": [
    [
      -0.05723145499111199,
      0.6182320813133237,
      -0.6961199873218696,
      -0.11999825904278517,
      0.3983450583365688,
      -4.298581015574857,
      -0.3136545378988341,
      -0.39109977518977046,
      4.0358049664440605,
      -3.25875646570782
    ],
    [
      73.20669691901176,
      -1.1323347918873736,
      -2.250065063392389,
      -5.118338805241014,
      -34.21337083377946,
      22.202772458164095,
      -37.62519873751602,
      -19.74569495344903,
      -5.459063849164411,
      2.6797188665860543
    ],
    [
      -19.247393143248914,
      0.463027861535299,
      4.433068826102427,
      -2.3358591771350943,
      28.360303850180173,
      2.289080120080642,
      -24.92155950218806,
      28.4300850371618,
      -83.49645282151064,
      1.0084514277649221
    ],
    [
      -0.9109810397149746,
      -0.20025153648334737,
      0.5084976046828811,
      -0.14987729280560189
    ]
  ],
  "waa": [
    [
      [
        -0.07622586557293398,
        0.6773726188546456,
        0.8140217488293908,
        -0.7006602575305131,
        0.16283645416649892,
        0.11827690809626545,
        0.7968480323551896,
        -0.904484890753461,
        -0.3941572774757592,
        -0.762342208130892
      ],
      [
        0.695793590502508,
        0.4491618113005363,
        0.24246483638042574,
        -0.8567504847739261,
        -0.47161288261718515,
        -0.14574112533891717,
        -0.7268269438216433,
        -0.103463673684504,
        0.3156022101940556,
        0.17893770904728393
      ],
      [
        -0.006174615148013733,
        -0.6441799981122008,
        0.6751892925871047,
        -0.7826525788387191,
        0.3197686084955405,
        0.6582122919859403,
        -0.17934913178981612,
        0.9744519042131358,
        0.6169732400571475,
        0.15757151657138857
      ],
      [
        -0.41970226241457387,
        -0.5554975741997099,
        0.6347657238877145,
        0.29281966991969033,
        0.5213581830649574,
        -0.209611812564793,
        -0.9882924579332284,
        0.41436249566847105,
        -0.7354162180261845,
        0.05950740312993644
      ],
      [
        -0.6395447199273842,
        -0.002821678545768241,
        -0.008163957969200511,
        -0.2731443965359619,
        -0.02561652298470454,
        -0.511003068080901,
        0.5667564370512985,
        -0.5785589593412609,
        -0.8967346232952929,
        0.19002672643301263
      ],
      [
        0.36717283942317797,
        -0.7571144271807937,
        -0.3310408567903318,
        -0.42450145279419593,
        -0.6868904593315017,
        -0.3469190197168772,
        0.5493485026117004,
        -0.053147108442576294,
        -0.8923809754211787,
        -0.27635447916960887
      ],
      [
        0.45583530138923556,
        -0.7237327969110202,
        -0.21071245495425928,
        -0.336583775596811,
        0.766963545785446,
        0.4580579020312575,
        -0.4129947266945788,
        0.7308944791120516,
        -0.08506442422274904,
        -0.3913191229192558
      ],
      [
        -0.7249229384442423,
        -0.27815786636445194,
        0.3151526591427569,
        -0.8203778337543323,
        0.24764207319982848,
        0.2800092400721214,
        -0.7691775006817513,
        -0.8145958534493982,
        0.5637143701238166,
        0.776959202534197
      ],
      [
        0.2037310320459851,
        -0.34962096040439067,
        0.21568966251814514,
        -0.14753052692588312,
        0.032414793510316224,
        0.9719040935557108,
        0.7322768284736403,
        -0.802824606620152,
        0.3857832543355094,
        -0.04722352757561956
      ],
      [
        -0.017994805046415853,
        0.8646856249834506,
        -0.48453048021609585,
        0.8664927036706569,
        -0.5877560598622324,
        -0.320993278153682,
        0.4433994703314786,
        -0.2364843486523057,
        -0.11303416280770652,
        -0.6608149712410143
      ]
    ],
    [
      [
        0.21942690891765107,
        -0.03635743806181824,
        -0.4852472041468268,
        0.5645430998654734,
        0.11141375464243147,
        0.3725415233739184,
        0.03721562391250682,
        -0.6244704923878379,
        -0.6381676467064991,
        0.6580605618575706
      ],
      [
        0.051434059512112114,
        -0.5486835139001663,
        0.5561554747607567,
        0.43896395529500765,
        -0.9696452204450541,
        0.6206676571500896,
        -0.1982180675406383,
        0.23848979231151402,
        -0.31823867394112976,
        0.3515864028289723
      ],
      [
        0.238188040317245,
        0.6516851123157488,
        0.25390866033140463,
        -0.5995128402002017,
        -0.2461782541883576,
        0.38962494709347184,
        -0.277700208734128,
        0.39743460219294136,
        0.3399191595419429,
        0.8067964474619266
      ],
      [
        0.19239855033083347,
        -0.418386932399533,
        0.6722489115690341,
        -0.19762555119758501,
        -0.23580630978928374,
        -0.3762306630262754,
        0.4376952714794843,
        0.1355935261186204,
        0.7581303759680424,
        -0.6178132712440227
      ],
      [
        -0.532648978144717,
        -0.2858132507444629,
        -0.38346883230223006,
        -0.3687112333365663,
        -0.3899112833253388,
        0.2911113004993602,
        0.6035685195546431,
        -0.9980968900293631,
        0.30718652700797144,
        -0.21112383828265868
      ],
      [
        0.6596141806067819,
        0.75656280867019,
        -0.5579921481547795,
        -0.13197966244869921,
        0.47485177266429535,
        -0.9879582620812828,
        0.355637784554073,
        -0.9885644800846498,
        -0.37356954184801106,
        0.4121397411659019
      ],
      [
        -0.8598640598102104,
        -0.31126120468848084,
        -0.6042149589128685,
        -0.5379778525145993,
        -0.4782557870838653,
        0.06670370721609209,
        -0.6939865121347314,
        -0.3891132165685573,
        0.7693510056181379,
        0.7380453610690202
      ],
      [
        -0.802163489211595,
        0.6289225662790179,
        0.22583969780898253,
        -0.2286082603645716,
        0.2961330167803377,
        0.6848937244897921,
        -0.9351806726015393,
        -0.47838571776471583,
        -0.6249454616009789,
        0.094049633047078
      ],
      [
        0.8475710328835424,
        0.31765023127347314,
        -0.7798497582083754,
        0.06561765653676815,
        0.10234965529585874,
        0.23479542818174248,
        -0.873571813103138,
        0.30964131812369355,
        -0.6839117494951683,
        0.4773842856241938
      ],
      [
        -0.6606827575434822,
        -0.9274417787383114,
        0.3493149628648552,
        -0.6905648352030614,
        0.8388330638801239,
        0.2850650210669847,
        0.3713366586857834,
        0.7149434429884926,
        0.007198445953262922,
        0.8648886349398289
      ]
    ],
    [
      [
        -0.5327989220028007,
        0.3149146992052333,
