{
  "a": [
    [
      0.5178931630235111,
      -0.3149232852630101,
      0.6260055476002964,
      0.4732500285247914,
      0.8796454897699647,
      -0.5494642203177857,
      -0.5236368931600206,
      0.38725006315644167,
      -0.3441794682229669,
      0.2888136310680791
    ],
    [
      0.04772782278818287,
      0.11446425301122684,
      -0.06562967187140234,
      -0.027285824097800487,
      0.7646371270228424,
      0.5911224268498076,
      0.3762359982559621,
      0.41272001584165774,
      -0.40284601585706103,
      -0.06188246733789088
    ],
    [
      -1.0495553133661233,
      -0.7404821349079453,
      -0.7648693006394739,
      0.6278000324229019,
      -0.6790416055638454,
      -0.07436857700816686,
      -0.6894404891088315,
      -1.0071468214455688,
      0.9225816446069289,
      -0.5961767577795974
    ]
  ],
  "b": [
    [
      0.5941335966963722,
      1.3697554650432593,
      -0.7598059471070807,
      -2.904147705830689,
      -0.35099824409994856,
      -4.256163971061423,
      -0.7105780895809901,
      -2.181117980688261,
      4.262380316066999,
      -3.2869320615701754
    ],
    [
      73.23330392605116,
      0.10098682135062037,
      -0.9191816515330088,
      -4.085832496284978,
      -34.25870642553232,
      22.263717737742095,
      -37.64411087397462,
      -19.557304055922902,
      -5.498325574520223,
      4.507578114905231
    ],
    [
      -19.211416786432633,
      -0.08843672314383924,
      3.7803055199796587,
      -1.9070146748501322,
      28.34448890036305,
      2.1958194695600155,
      -24.982054196320522,
      28.428958512036175,
      -83.516781536786,
      0.5382338411469701
    ],
    [
      -1.3919814027244983,
      0.6654342739263891,
      -0.22749818650335976,
      0.35409204388125143
    ]
  ],
  "waa": [
    [
      [
        -0.08925488032093315,
        0.6820126291734976,
        0.8029195934443304,
        -0.7124068846755325,
        0.14634476175419933,
        0.13004929540507512,
        0.8035372238624746,
        -0.9146995299625966,
        -0.38573863677724807,
        -0.765015547509132
      ],
      [
        0.6867058896686721,
        0.4515404331238364,
        0.2358221637717462,
        -0.8643689538064249,
        -0.48180610430069115,
        -0.13824554315639703,
        -0.7232447123216104,
        -0.11050585728676689,
        0.32090607009748456,
        0.1779252364423501
      ],
      [
        -0.016436962916714624,
        -0.6404136540821842,
        0.6663517257484249,
        -0.7918174802476969,
        0.3066791257387903,
        0.6673689959890159,
        -0.17362102881282715,
        0.9661904145143096,
        0.623471245045848,
        0.1553429947331644
      ],
      [
        -0.3915004255072082,
        -0.5595950531380237,
        0.6496201601511551,
        0.31322078377845664,
        0.5471135220727548,
        -0.23029864216976073,
        -0.9891354805613255,
        0.4276390918915888,
        -0.745431332077022,
        0.06508550386847475
      ],
      [
        -0.6512014911328814,
        0.0004908556429720415,
        -0.01699967934647219,
        -0.2833236765382409,
        -0.039453289728316764,
        -0.500474352806237,
        0.5705857915211957,
        -0.587376410503808,
        -0.8883902205242262,
        0.18875519929466616
      ],
      [
        0.3764390776165987,
        -0.7592687288769067,
        -0.32471324515928346,
        -0.41568347833478353,
        -0.6769489008881874,
        -0.3545969353836572,
        0.5462366730690102,
        -0.04539374483610153,
        -0.8981861054123023,
        -0.2758794573279459
      ],
      [
        0.4463924430633223,
        -0.7208617149928419,
        -0.2176580993251386,
        -0.3446426699852426,
        0.7558127480598458,
        0.4659924896870858,
        -0.40917702030961445,
        0.7239601487737137,
        -0.07964310119472438,
        -0.3928860319725233
      ],
      [
        -0.5902499639043384,
        -0.33347344375264054,
        0.43364481390313747,
        -0.6953859906780374,
        0.42157279426392835,
        0.15615370987820767,
        -0.848639349212425,
        -0.7065013529852124,
        0.4740207513878154,
        0.8098266869038455
      ],
      [
        0.2140664058404187,
        -0.352561802117892,
        0.22321591370623883,
        -0.13878717753311248,
        0.04423188352737572,
        0.963137535499934,
        0.7280787708082926,
        -0.7953194216703982,
        0.3803619931084874,
        -0.045057935873220226
      ],
      [
        -0.02141359453572369,
        0.8656869204404212,
        -0.48718242452489613,
        0.8634904592295417,
        -0.5917626856205872,
        -0.3180773871436058,
        0.4449293375486646,
        -0.23922990115982765,
        -0.11091316620196129,
        -0.6612534885028543
      ]
    ],
    [
      [
        0.21949307797328058,
        -0.03658851667121745,
        -0.48496316684160395,
        0.5644835745410759,
        0.11084450024504824,
        0.3720133349190806,
        0.03712823610056754,
        -0.6246743582806701,
        -0.6376262763819082,
        0.6578578264088552
      ],
      [
        0.0566630686999591,
        -0.5669593811462977,
        0.5792202250354643,
        0.4327892201167916,
        -1.0119656420160033,
        0.5767979372512454,
        -0.20283729137398185,
        0.22218833819008102,
        -0.2730496105306111,
        0.3324287253818695
      ],
      [
        0.24118468451080724,
        0.6401479358513917,
        0.2681026059103594,
        -0.6030245735481304,
        -0.27416266533227485,
        0.36119770057155537,
        -0.2816056862267884,
        0.38619702688426866,
        0.3684785785175361,
        0.795100989483497
      ],
      [
        0.15851353105635485,
        -0.2892131043842485,
        0.5100899532802592,
        -0.15975752605767235,
        0.09883089938378832,
        -0.06027327669717808,
        0.49447613036131494,
        0.26340402814269037,
        0.43828800997485495,
        -0.5024999128974769
      ],
      [
        -0.5326715690608869,
        -0.28596836921552055,
        -0.3833525081302942,
        -0.3686877734436028,
        -0.3908266965629802,
        0.2904331228412633,
        0.6031259825087417,
        -0.9985491502148015,
        0.30767374459957375,
        -0.21106500101871387
      ],
      [
        0.6596103083493035,
        0.7564965806487803,
        -0.5579380489854746,
        -0.13198015935448115,
        0.47449352200108114,
        -0.9882602507568523,
        0.3554761510215443,
        -0.9887523882207709,
        -0.3733439604935531,
        0.4121285348975772
      ],
      [
        -0.8599655099022476,
        -0.3106733975648358,
        -0.604839121185549,
        -0.5379095850923412,
        -0.4761102282322618,
        0.06866217524983514,
        -0.6933133023317247,
        -0.3880781075120457,
        0.7676727179845849,
        0.7385209276137973
      ],
      [
        -0.8019498640436258,
        0.6298541086175875,
        0.22525771610169315,
        -0.22862083817837717,
        0.30180878110570797,
        0.6894261554286971,
        -0.9322708209092195,
        -0.4754168237638426,
        -0.6281037287811356,
        0.09360075867633307
      ],
      [
        0.8486415626838634,
        0.3199492645192838,
        -0.7801627423996522,
        0.0640807436253029,
        0.12465291123928673,
        0.249732657319969,
        -0.8607631229899654,
        0.3211106388483842,
        -0.6928164610731651,
        0.4729761703776263
      ],
      [
        -0.6596994270447551,
        -0.9329427517838828,
        0.3554887412036346,
        -0.6914437504790828,
        0.8193040497570034,
        0.2670358336725197,
        0.36542012753318304,
        0.7056197051625231,
        0.022923351752121027,
        0.8602135973933565
      ]
    ],
    [
      [
        -0.5314686013658455,
        0.3158629031476104,
