{
  "a": [
    [
      0.5275571045128463,
      -0.3130184703221346,
      0.6322499091730395,
      0.4792557002331351,
      0.8751258185264722,
      -0.5454314407729994,
      -0.5353927903826695,
      0.4116113432860932,
      -0.3373469196291097,
      0.28491256763391687
    ],
    [
      0.057581720029915046,
      0.12219221667273161,
      -0.08187410457188746,
      -0.026710030125506688,
      0.7716526021367816,
      0.5986880945896428,
      0.3585011600677456,
      0.41117399324752424,
      -0.4202745769208724,
      -0.05440295332454518
    ],
    [
      -1.1186535054627291,
      -0.8199285326560221,
      -0.7803938809204838,
      0.6049593548366348,
      -0.6863496425747055,
      -0.0485058421089679,
      -0.6410275247024423,
      -1.067093043373769,
      0.9294696174174488,
      -0.6654918336037701
    ]
  ],
  "b": [
    [
      0.5226103249856014,
      2.0370672301936876,
      -0.6434699003995134,
      -3.4193055369468244,
      -0.4284211876104115,
      -4.252291652467504,
      -0.8431189814086553,
      -3.021182983972663,
      4.288542226672097,
      -3.2883857875485134
    ],
    [
      73.22617026964836,
      0.06813086296071963,
      -0.9049559611746141,
      -3.914519700346581,
      -34.26383482824668,
      22.276742990059216,
      -37.6381699244294,
      -19.53671758812387,
      -5.474895792304461,
      4.4862927435168505
    ],
    [
      -19.208986509891368,
      -0.20608455554302518,
      3.7594150363975536,
      -1.863081641617778,
      28.341332447384396,
      2.391816637530593,
      -24.997787744196827,
      28.450035838035575,
      -83.51844889911659,
      0.5470151066762794
    ],
    [
      -1.4596788034801467,
      0.7738428685456599,
      -0.12236799816676079,
      0.3314460923460674
    ]
  ],
  "waa": [
    [
      [
        -0.09121716145682573,
        0.6831824484598037,
        0.8005877046419413,
        -0.7142036093407013,
        0.14308927119172618,
        0.13209772157763794,
        0.8054826288929487,
        -0.9162155696846681,
        -0.38443539775345026,
        -0.7660523832210723
      ],
      [
        0.6909456521769662,
        0.4489929230780992,
        0.2408878996785362,
        -0.860463766779066,
        -0.47474220543807777,
        -0.1426897497522771,
        -0.727481457368838,
        -0.10720798277029697,
        0.3180583723182282,
        0.18016816573653802
      ],
      [
        -0.011976134481203448,
        -0.6430919438948212,
        0.6716762055964296,
        -0.7877083849477023,
        0.3141172407807726,
        0.6626876980559859,
        -0.17806566967812593,
        0.96964378953847,
        0.6204715829123724,
        0.15770479432529838
      ],
      [
        -0.38536483824337026,
        -0.5615063460918494,
        0.6543899220447602,
        0.3173211406617334,
        0.5546568677558738,
        -0.23534610385392715,
        -0.9920220651191267,
        0.4306346088587683,
        -0.7473591900039218,
        0.06772203351152732
      ],
      [
        -0.6550052667651599,
        0.002790202765690185,
        -0.021568851040238375,
        -0.2868345119317636,
        -0.04580667165265347,
        -0.4964821228094451,
        0.5744242944738557,
        -0.5903570035397759,
        -0.8858289806439984,
        0.18673427272886117
      ],
      [
        0.3742323244554403,
        -0.7579280794389052,
        -0.3273809122576166,
        -0.41771753725828376,
        -0.680631954659195,
        -0.3522891035461423,
        0.5484984757980579,
        -0.047149179622175776,
        -0.8967114444663792,
        -0.27705731915531157
      ],
      [
        0.443954195006259,
        -0.7193924411610654,
        -0.22057882537297674,
        -0.3468867538627526,
        0.75174563459255,
        0.4685484434970431,
        -0.4067286709610965,
        0.7220595095489943,
        -0.07800756620426738,
        -0.3941811104272874
      ],
      [
        -0.5971326926575128,
        -0.32915393633140555,
        0.4251523757655577,
        -0.7017033127726032,
        0.4096330731123036,
        0.16357772656903702,
        -0.841498628245004,
        -0.7116122939879667,
        0.4786891393836261,
        0.8058467325175985
      ],
      [
        0.21422943029223862,
        -0.35266126927885255,
        0.2234138287042848,
        -0.13863610552973915,
        0.04450503106616273,
        0.9629664931850249,
        0.7279107075058244,
        -0.7951891182388937,
        0.38025221024917094,
        -0.044970812977485806
      ],
      [
        -0.02126057547635294,
        0.8655933914868145,
        -0.48699688823371745,
        0.8636322117618259,
        -0.5915067860234317,
        -0.31823790076412095,
        0.44477193074999677,
        -0.23910725602708172,
        -0.11101665414281545,
        -0.6611721202210541
      ]
    ],
    [
      [
        0.21961655274123232,
        -0.03632634428573236,
        -0.4851350283140765,
        0.5644246172112586,
        0.11251436131676502,
        0.3733019443696132,
        0.037911349617410786,
        -0.623780334318607,
        -0.6385271853483602,
        0.6577347020300419
      ],
      [
        0.056588878981588986,
        -0.5671545161224846,
        0.5793167410301153,
        0.4328378417563279,
        -1.013324811946657,
        0.5757413087312523,
        -0.20353040541446393,
        0.2214453929981635,
        -0.2723451196551089,
        0.3325452361479199
      ],
      [
        0.24104385716423088,
        0.6398228554375427,
        0.2682961635700832,
        -0.6029473853892336,
        -0.27630688631433514,
        0.3595433691365234,
        -0.2826480279535901,
        0.3850418917335605,
        0.3696129047581433,
        0.7952714746831687
      ],
      [
        0.1585727327973806,
        -0.2890664296048118,
        0.5100051032314957,
        -0.15979325379050574,
        0.09980760107390903,
        -0.05952331820167481,
        0.4949561579272713,
        0.26392738269043314,
        0.4377762390646122,
        -0.5025812906935523
      ],
      [
        -0.5325541446022383,
        -0.28571817684686074,
        -0.38351550685977537,
        -0.36874422645870875,
        -0.389223320768746,
        0.29166905827919676,
        0.6038816717238433,
        -0.9976899986528999,
        0.3068113644228046,
        -0.21118497679497938
      ],
      [
        0.6596417666644361,
        0.7565660782133175,
        -0.5579824036959945,
        -0.1319962168474679,
        0.4749424940254682,
        -0.9879152169774807,
        0.35568962410628324,
        -0.9885121453577883,
        -0.3735836131624318,
        0.4120936321768735
      ],
      [
        -0.8599650259839356,
        -0.3106722110639944,
        -0.6048398215539392,
        -0.5379098703764253,
        -0.47610237439846825,
        0.06866821511789131,
        -0.693309467232977,
        -0.3880739102352515,
        0.7676685823731059,
        0.7385202842620191
      ],
      [
        -0.8016287748952453,
        0.6305469864015726,
        0.22481282014295287,
        -0.2287789753906017,
        0.3062813742234495,
        0.692869666868635,
        -0.9301473800285633,
        -0.47301799801732536,
        -0.6304980949015995,
        0.0932594360913648
      ],
      [
        0.8496183736324994,
        0.32213787262561466,
        -0.7815387171891258,
        0.0635690084941382,
        0.13888680768149575,
        0.260658965682491,
        -0.8539452073446562,
        0.32872736721209916,
        -0.7003802391717043,
        0.47185314069437434
      ],
      [
        -0.6596718835041744,
        -0.9328817058666233,
        0.3554501437794173,
        -0.6914578649896497,
        0.8196990540338641,
        0.26733991008105534,
        0.3656084950438163,
        0.7058312250595505,
        0.0227124989168332,
        0.86018310108884
      ]
    ],
    [
      [
        -0.531453483603944,
        0.3158738755096585,
