{
  "a": [
    [
      0.6824630254091579,
      -0.21693471456415517,
      0.5614575370516226,
      0.601339647244518,
      0.8265450331939933,
      -0.6047484281384288,
      -0.33203576739082635,
      0.5517342838823632,
      -0.44120506984915686,
      0.1110122990995177
    ],
    [
      -0.04619197899640516,
      0.24954649323557584,
      -0.27123386938077015,
      0.032901406288726884,
      0.9033214836469111,
      0.8272951812394812,
      0.27738259240329677,
      0.4325411763280794,
      -0.7158545288185095,
      0.2080163569302203
    ],
    [
      -0.9864231724217639,
      -0.5380526609940202,
      -0.7193768313966461,
      0.5919242048478862,
      -0.6857969902356361,
      -0.18952491384192827,
      -0.7229223526260835,
      -0.7965380861902631,
      0.9991145447592996,
      -0.585276359650974
    ]
  ],
  "b": [
    [
      -0.05654196764998258,
      0.6180953152711103,
      -0.6974988327952533,
      -0.11930646717797652,
      0.3984857984081021,
      -4.298579055393732,
      -0.31315123833571756,
      -0.39090980904351025,
      4.035831835933836,
      -3.2586307852240153
    ],
    [
      73.20672515417074,
      -1.1327590564776369,
      -2.2487711392668706,
      -5.118703020503387,
      -34.213350022921546,
      22.202777583428837,
      -37.62519339836756,
      -19.745545533408027,
      -5.458903133885777,
      2.6807262221223698
    ],
    [
      -19.247382691099858,
      0.4620155371639675,
      4.433737761200728,
      -2.334312876537206,
      28.360299951063105,
      2.2894952396250092,
      -24.921594926072352,
      28.43010390293473,
      -83.49645209891003,
      1.0073426172551134
    ],
    [
      -0.911141532418402,
      -0.19922565420009167,
      0.5076980712958794,
      -0.14846004781885033
    ]
  ],
  "waa": [
    [
      [
        -0.07622234171905189,
        0.6773714987134215,
        0.8140246479834704,
        -0.7006571523437362,
        0.1628407221317347,
        0.11827378534026824,
        0.7968463176527159,
        -0.9044820417209187,
        -0.3941595556608217,
        -0.7623416348368532
      ],
      [
        0.6957836410607146,
        0.44916497444743386,
        0.2424566506266283,
        -0.8567592511637074,
        -0.47162493304523806,
        -0.14573230921008437,
        -0.7268221017152701,
        -0.10347171830635753,
        0.31560864187265936,
        0.17893609039092614
      ],
      [
        -0.006194209285839027,
        -0.6441737688201541,
        0.675173171578155,
        -0.7826698438530313,
        0.3197448765336951,
        0.6582296547409807,
        -0.1793395959564741,
        0.9744360614541733,
        0.6169859068608938,
        0.1575683287572778
      ],
      [
        -0.41972170655927865,
        -0.5554913927748777,
        0.634749725893779,
        0.2928025361462851,
        0.5213346323546506,
        -0.20959458174517578,
        -0.9882829949872438,
        0.4143467742835787,
        -0.7354036473580747,
        0.059504239520448504
      ],
      [
        -0.6395280361173944,
        -0.002826982420066812,
        -0.008150231082263497,
        -0.2731296950902751,
        -0.02559631582459449,
        -0.5110178525619047,
        0.5667483176026167,
        -0.5785454698067485,
        -0.8967454092023351,
        0.1900294408749522
      ],
      [
        0.36717795306715967,
        -0.7571160526709159,
        -0.3310366497850224,
        -0.4244969469998732,
        -0.6868842659307527,
        -0.34692355115199036,
        0.5493460144257123,
        -0.05314297418110571,
        -0.8923842812807222,
        -0.27635364725336514
      ],
      [
        0.4558241682481209,
        -0.7237292574698132,
        -0.2107216138523311,
        -0.33659358491138575,
        0.7669500616101954,
        0.45806776695663665,
        -0.4129893093241063,
        0.7308854777943168,
        -0.08505722715580093,
        -0.3913209338520024
      ],
      [
        -0.7249413829382685,
        -0.27815200286705805,
        0.3151374841796521,
        -0.8203940854895168,
        0.24761973391381478,
        0.2800255841640332,
        -0.7691685252056522,
        -0.8146107656643412,
        0.5637262937393335,
        0.7769562016640351
      ],
      [
        0.2037442475617605,
        -0.34962516124100357,
        0.21570053490820237,
        -0.14751888233049926,
        0.03243079947955068,
        0.9718923826862126,
        0.7322703981615569,
        -0.8028139222199885,
        0.38577471078806436,
        -0.047221377620331684
      ],
      [
        -0.017995676981439782,
        0.8646859021711353,
        -0.48453119759379315,
        0.8664919353573194,
        -0.5877571159266174,
        -0.3209925054960455,
        0.4433998946597645,
        -0.2364850536386688,
        -0.11303359912721785,
        -0.6608151130990866
      ]
    ],
    [
      [
        0.21942690896290676,
        -0.03635743830648914,
        -0.48524720388097564,
        0.5645430998332747,
        0.11141375375698837,
        0.3725415225629447,
        0.03721562364063236,
        -0.6244704928118634,
        -0.6381676460048258,
        0.6580605616535975
      ],
      [
        0.05143391583135103,
        -0.5486827373296415,
        0.556154630876234,
        0.43896405754419454,
        -0.9696424098252634,
        0.6206702313183261,
        -0.19821720451998345,
        0.23849113822951928,
        -0.31824090122660786,
        0.3515870502145562
      ],
      [
        0.23819069506466717,
        0.6516707621507863,
        0.2539242537040579,
        -0.5995147293438018,
        -0.24623018900283944,
        0.38957738067420733,
        -0.27771615544117173,
        0.3974097318278362,
        0.3399603157435906,
        0.8067844842596406
      ],
      [
        0.19239866303064695,
        -0.418387541431871,
        0.6722495734056007,
        -0.19762563137950234,
        -0.2358085141291763,
        -0.37623268192331144,
        0.43769459461940124,
        0.13559247051694256,
        0.7581321228010498,
        -0.617813779002203
      ],
      [
        -0.5326489780846377,
        -0.28581325106927125,
        -0.3834688319493164,
        -0.3687112333792904,
        -0.38991128450078805,
        0.29111129942277447,
        0.6035685191937218,
        -0.9980968905922772,
        0.3071865279394433,
        -0.2111238385534535
      ],
      [
        0.6596141787494997,
        0.7565628187126082,
        -0.5579921590660288,
        -0.13197966112734602,
        0.47485180900531154,
        -0.987958228796151,
        0.35563779571237175,
        -0.9885644626811917,
        -0.3735695706467829,
        0.41213974953804866
      ],
      [
        -0.85986406016765,
        -0.31126120275629565,
        -0.6042149610124038,
        -0.5379778522602822,
        -0.47825578009113634,
        0.06670371362064843,
        -0.6939865099875995,
        -0.3891132132198757,
        0.7693510000767234,
        0.7380453626798332
      ],
      [
        -0.8021634905581876,
        0.6289225735457262,
        0.22583968990660627,
        -0.22860825940318585,
        0.2961330430954903,
        0.6848937485876079,
        -0.9351806645199735,
        -0.478385705166548,
        -0.6249454824557963,
        0.0940496391028125
      ],
      [
        0.8475710829719616,
        0.3176499604684468,
        -0.7798494639682406,
        0.06561762090565498,
        0.1023486752917532,
        0.23479453059196678,
        -0.8735721140097095,
        0.30964084880792225,
        -0.6839109728863948,
        0.477384059855265
      ],
      [
        -0.6606829710769426,
        -0.9274406241710781,
        0.3493137080975001,
        -0.6905646828702009,
        0.8388372423821032,
        0.2850688479309525,
        0.3713379417713562,
        0.7149454437077044,
        0.007195134531308939,
        0.8648895969633388
      ]
    ],
    [
      [
        -0.5327976397236378,
