{
  "a": [
    [
      0.531049141230038,
      -0.3158933147711203,
      0.6320130665528617,
      0.4853809456471582,
      0.8753254781071106,
      -0.550468226752285,
      -0.5316443733509644,
      0.41832308718515315,
      -0.34884544515920807,
      0.27917948935910597
    ],
    [
      0.05164424709852508,
      0.11689992417790471,
      -0.07262542425313534,
      -0.027441415423255393,
      0.7703654435821486,
      0.590117032197445,
      0.3723743167777029,
      0.4128118275667322,
      -0.4070335004126443,
      -0.0626206467557348
    ],
    [
      -1.0794161435412126,
      -0.7753715473317903,
      -0.7722126083363507,
      0.618622007111561,
      -0.681227583548875,
      -0.06523046952504505,
      -0.6672009748002737,
      -1.0331429908231011,
      0.9257859383399355,
      -0.6257789162753798
    ]
  ],
  "b": [
    [
      0.5696684403715637,
      1.7398037719546653,
      -0.7125126666303041,
      -3.0610440379518353,
      -0.38299966012347403,
      -4.254831826806748,
      -0.7641062744984022,
      -2.5493623781293886,
      4.265096415236247,
      -3.2949036303785486
    ],
    [
      73.23086596219753,
      0.09434658464476074,
      -0.9099250576783059,
      -3.9961648274030557,
      -34.26348846174396,
      22.268738950280888,
      -37.64214183174485,
      -19.540630129760434,
      -5.487335559953685,
      4.495671556781268
    ],
    [
      -19.209410310427145,
      -0.1390718483481955,
      3.7129147355808185,
      -1.8216589878313079,
      28.34290333634034,
      2.2221027918497565,
      -24.99005222275666,
      28.43992868210806,
      -83.51787583143954,
      0.5421826078832275
    ],
    [
      -1.4086721759389733,
      0.7038965662237139,
      0.25167527615433816,
      0.40952569953100204
    ]
  ],
  "waa": [
    [
      [
        -0.09106881362714195,
        0.6831008537386065,
        0.800755086234417,
        -0.7140738936450663,
        0.1433238725182353,
        0.13194940953015638,
        0.805345432292354,
        -0.9161050789262267,
        -0.38452407112445536,
        -0.7659764322168952
      ],
      [
        0.6905474498282862,
        0.4492410784007929,
        0.24039712797531126,
        -0.8608367999611903,
        -0.4754164126815939,
        -0.1422683904371609,
        -0.7270612517794547,
        -0.10753179210483206,
        0.3183323726983541,
        0.17995359637786854
      ],
      [
        -0.012120157356786662,
        -0.6430008857203756,
        0.6714976976226588,
        -0.78784434327252,
        0.3138724946796653,
        0.6628410992648575,
        -0.17791257138804623,
        0.9695253758846898,
        0.6205730464600939,
        0.15762757846683972
      ],
      [
        -0.38427969513929267,
        -0.5639598193419667,
        0.6583136337911896,
        0.31980301933029315,
        0.5592712666688308,
        -0.23789897647388908,
        -0.9964205882546593,
        0.4331194899186829,
        -0.750197287425072,
        0.06905176219094429
      ],
      [
        -0.6541000293796514,
        0.0022245018291776396,
        -0.020451104129651572,
        -0.28598528816149765,
        -0.04427181348160077,
        -0.49744122789361617,
        0.5734664978832158,
        -0.589619522963192,
        -0.8864538661081878,
        0.1872225313869698
      ],
      [
        0.3755765814414233,
        -0.7587563977082763,
        -0.3257365875127556,
        -0.41646915032868853,
        -0.6783699618666422,
        -0.35370257738714794,
        0.5470941295081941,
        -0.0460670679790271,
        -0.8976198732614384,
        -0.2763332164234055
      ],
      [
        0.44426136923354403,
        -0.7195837411313613,
        -0.2202006684841804,
        -0.3465991093214249,
        0.752265195057578,
        0.46822354025163726,
        -0.40705227457660353,
        0.7223092571473533,
        -0.07821899202515604,
        -0.39401592040745426
      ],
      [
        -0.6008595275846913,
        -0.3268664032177535,
        0.42059840017887257,
        -0.7051765617248769,
        0.40336653405302764,
        0.1674942972658235,
        -0.8376122225763075,
        -0.7146223431460058,
        0.4812122210185223,
        0.803851666212551
      ],
      [
        0.2141007412617753,
        -0.35258229082056786,
        0.2232567488267088,
        -0.13875572352328366,
        0.044288741705396165,
        0.9631017350833487,
        0.7280446302374869,
        -0.7952926894298429,
        0.3803391781385864,
        -0.045039850965495676
      ],
      [
        -0.021327852962811127,
        0.8656362061848407,
        -0.48708107738977297,
        0.8635684780618532,
        -0.5916220509764563,
        -0.3181660219074134,
        0.4448445256407991,
        -0.2391627521729991,
        -0.11096932531887377,
        -0.6612087379618062
      ]
    ],
    [
      [
        0.219495523705025,
        -0.03658260428872502,
        -0.4849666295710101,
        0.5644821426628562,
        0.11088387508624943,
        0.3720435653622314,
        0.0371475402851737,
        -0.6246532402088657,
        -0.6376469385444326,
        0.6578545560777697
      ],
      [
        0.0564792879362152,
        -0.5673923629192223,
        0.5794726042029401,
        0.4328915583278538,
        -1.0148462641139087,
        0.5745709167120102,
        -0.204246900468461,
        0.2206341352883693,
        -0.27152746497969155,
        0.3326601291637503
      ],
      [
        0.24105905409802497,
        0.6398501105749081,
        0.2682782556742849,
        -0.60295336521338,
        -0.27614148677079087,
        0.35967490636591093,
        -0.2825731301003792,
        0.385133396444485,
        0.36952071299361394,
        0.7952625956281019
      ],
      [
        0.15856894869308802,
        -0.2890745971434896,
        0.5100103301665347,
        -0.15979137239458208,
        0.09975523718969578,
        -0.05956369223747143,
        0.4949313608880487,
        0.2638992902318596,
        0.43780430743472015,
        -0.5025773568495565
      ],
      [
        -0.5326659795637196,
        -0.2859550131053241,
        -0.3833603197325371,
        -0.36869097392162953,
        -0.3907377294233449,
        0.2905016067469819,
        0.6031695937367233,
        -0.9985013126645553,
        0.30762694212547903,
        -0.2110722960359682
      ],
      [
        0.6596105188881254,
        0.7564972126788873,
        -0.5579383757049204,
        -0.13198032540802562,
        0.47449780660561613,
        -0.988256975534327,
        0.3554783124966675,
        -0.9887501078478456,
        -0.37334616014768063,
        0.4121281501302695
      ],
      [
        -0.859965054400866,
        -0.31067226975192647,
        -0.6048397731207406,
        -0.5379098606904178,
        -0.47610270796820947,
        0.06866794613983218,
        -0.6933096040689163,
        -0.38807407846052533,
        0.7676687810396591,
        0.7385202976995329
      ],
      [
        -0.8019138383301154,
        0.6299394988555923,
        0.22520767767819988,
        -0.22864118621569351,
        0.30237755211051925,
        0.6898644056453155,
        -0.931992173587501,
        -0.47511067457948225,
        -0.628403324630607,
        0.09355439089502866
      ],
      [
        0.8489440796190636,
        0.320675147974048,
        -0.7805981628273825,
        0.06390416114694578,
        0.12946986923604906,
        0.25341250657585496,
        -0.8584106434720163,
        0.3236839319935436,
        -0.6953395915445414,
        0.4725716335580119
      ],
      [
        -0.6596924944008606,
        -0.9329260355233215,
        0.3554789145342097,
        -0.6914478034644068,
        0.8194151988087328,
        0.26712111914375053,
        0.3654745681410657,
        0.705679290988276,
        0.02286503093322117,
        0.8602043681371501
      ]
    ],
    [
      [
        -0.5314651180947391,
        0.31586536151229466,
