{
  "a": [
    [
      0.6140738725527605,
      -0.2664604190310607,
      0.5768882503831165,
      0.5996118398082401,
      0.8380793349456344,
      -0.5849094625547705,
      -0.3968619636191369,
      0.510009318627934,
      -0.4265777053196932,
      0.1677254370229421
    ],
    [
      0.02158711365883757,
      0.11427297653379602,
      -0.05934448743499284,
      -0.03461481931846332,
      0.7867333948665761,
      0.5686442522212011,
      0.4076443803900716,
      0.3964291641415549,
      -0.3798427536558015,
      -0.08874693099574348
    ],
    [
      -1.0388735186414526,
      -0.7366500511462808,
      -0.7764672227462028,
      0.6290450446238963,
      -0.6852078294852806,
      -0.08201189322467874,
      -0.6831084573109821,
      -0.9942492991279874,
      0.9359570020643251,
      -0.5984017137632228
    ]
  ],
  "b": [
    [
      0.6859571694190285,
      0.917373178648172,
      -0.8345552175725018,
      -2.1080911085658234,
      -0.3104159145642047,
      -4.297580129566933,
      -0.5364186237411892,
      -1.665100405973202,
      4.133625568884565,
      -3.4059853062308014
    ],
    [
      73.22955036342489,
      0.0508433816765404,
      -0.9584313704399967,
      -4.235876664157849,
      -34.235295844987455,
      22.250008466006786,
      -37.65087388331892,
      -19.631442390757098,
      -5.548736929627635,
      4.53654857896689
    ],
    [
      -19.212045269161614,
      -0.0565040632034705,
      3.9832763071129618,
      -2.0960037022349223,
      28.350758971582852,
      2.183164281662128,
      -24.96258816982898,
      28.407168330296397,
      -83.51541563223604,
      0.5459250521423353
    ],
    [
      -1.4935017143764129,
      0.5739613651424363,
      0.25889581214638374,
      0.34961098532631646
    ]
  ],
  "waa": [
    [
      [
        -0.08863328673528188,
        0.6817444688006513,
        0.8035056045634381,
        -0.7118060024305211,
        0.1471988107422893,
        0.12945785757301265,
        0.8031222931349009,
        -0.9141925723595885,
        -0.3861626893310315,
        -0.7648381186074331
      ],
      [
        0.6837434361792836,
        0.45284084543835085,
        0.2329741524366442,
        -0.8672554888258992,
        -0.4859404405014033,
        -0.13540449989183706,
        -0.7212337011572918,
        -0.1129417291940034,
        0.32293156591150207,
        0.177043898684349
      ],
      [
        -0.013951240691066121,
        -0.6415588692686288,
        0.6688207213162777,
        -0.7894221245034772,
        0.3102414927596234,
        0.6649589864136803,
        -0.1754154910508817,
        0.9682124047661775,
        0.6217884998837885,
        0.15616827765479957
      ],
      [
        -0.390214753235094,
        -0.5601247794922046,
        0.6508964738540606,
        0.31456381855637305,
        0.5489684619196001,
        -0.23153705459804222,
        -0.9900489668261049,
        0.42877164839736764,
        -0.7463170154441847,
        0.06545011953499218
      ],
      [
        -0.6489407707274009,
        -0.0005062780749814378,
        -0.014816982747664771,
        -0.2811211552309852,
        -0.03628583226136599,
        -0.5026472615395952,
        0.5690387703433812,
        -0.5855208308450687,
        -0.88993555452584,
        0.1894376314740105
      ],
      [
        0.37251175272203263,
        -0.7576734729602379,
        -0.3283632901609577,
        -0.4194226832117006,
        -0.6823165865861186,
        -0.35094678141837243,
        0.5488772884729414,
        -0.04854650493220672,
        -0.8956937007769267,
        -0.2770309822220944
      ],
      [
        0.44432057992402885,
        -0.7199338134111669,
        -0.21968274759325984,
        -0.3466552722820862,
        0.7528817354244428,
        0.46799060636509027,
        -0.40773046054069195,
        0.7222634078466208,
        -0.07823410867555479,
        -0.3935364507870909
      ],
      [
        -0.6866704029468353,
        -0.29039409055574716,
        0.34208443007278994,
        -0.7873685415483811,
        0.2887559307879367,
        0.24807314367817568,
        -0.7829833905447874,
        -0.7847857223844144,
        0.539687766997375,
        0.7811268377817214
      ],
      [
        0.21418754683414998,
        -0.3526148007886756,
        0.22333214938648072,
        -0.13866936170687044,
        0.044400675339134506,
        0.9630217286815785,
        0.7279962923997813,
        -0.7952197635186674,
        0.3802795959113504,
        -0.045021994705557046
      ],
      [
        -0.02149327002941187,
        0.8657229663595413,
        -0.4872605225355432,
        0.8634137225650285,
        -0.5918757385026816,
        -0.3180006009762187,
        0.4449860759641471,
        -0.2392946452839714,
        -0.11085927318086171,
        -0.661279034427348
      ]
    ],
    [
      [
        0.21948869203362958,
        -0.03660345226484239,
        -0.48495484089358154,
        0.5644876665199847,
        0.11074332479970171,
        0.37193829523706423,
        0.03707717561400117,
        -0.6247267497753244,
        -0.6375755109684162,
        0.6578678757681664
      ],
      [
        0.05608570596919763,
        -0.5696077340459605,
        0.580694179477573,
        0.43356658704465567,
        -1.0301077932236944,
        0.5637132845697074,
        -0.2121167324040006,
        0.213054465708897,
        -0.26421764236059314,
        0.3344434150397225
      ],
      [
        0.24100066492547007,
        0.639351673602496,
        0.26854753431481554,
        -0.6027946699042461,
        -0.2796201315813471,
        0.3572429302540975,
        -0.28439067307601956,
        0.38343681103743105,
        0.37115076286458387,
        0.7956973828567799
      ],
      [
        0.15851115280164632,
        -0.2892253828658081,
        0.5100964506394193,
        -0.15975380909356912,
        0.09874669197266163,
        -0.06033400315268195,
        0.49443265160740674,
        0.2633616626125104,
        0.43832867994120883,
        -0.502490440004531
      ],
      [
        -0.5326699088764061,
        -0.2859604188396463,
        -0.38335667525097783,
        -0.368690152161241,
        -0.39077225725423387,
        0.2904726766916884,
        0.6031540471432145,
        -0.9985215627829265,
        0.307647275969303,
        -0.21107098121353646
      ],
      [
        0.6596094166515807,
        0.7564923102484782,
        -0.5579358262310197,
        -0.1319788873463615,
        0.47446416977993516,
        -0.9882816191062617,
        0.35546100017423016,
        -0.9887672869649636,
        -0.37332967136931927,
        0.41213175394016355
      ],
      [
        -0.859964847132718,
        -0.31067056946752203,
        -0.6048406587370898,
        -0.5379104108127936,
        -0.4760909603853056,
        0.06867620974771055,
        -0.6933034549210471,
        -0.3880683111726278,
        0.7676632730298057,
        0.7385188592004813
      ],
      [
        -0.8019638395694878,
        0.6297980940748275,
        0.22528802497804798,
        -0.2286047926448008,
        0.3014263566823472,
        0.6891455988874818,
        -0.9324660528270791,
        -0.4756126149166923,
        -0.627914942904448,
        0.09364092471867505
      ],
      [
        0.8478792562371027,
        0.3167429558850031,
        -0.7783970687512622,
        0.06500466010876177,
        0.10272120388199049,
        0.2337594757015874,
        -0.8719570819206531,
        0.30996381801860406,
        -0.6820435281154368,
        0.47533477119648476
      ],
      [
        -0.6597079514729862,
        -0.9329843491885649,
        0.3555112032939571,
        -0.6914312863510236,
        0.8190195381420691,
        0.2668306602350712,
        0.36527383618627834,
        0.7054765018814384,
        0.023061173245910248,
        0.8602454020256572
      ]
    ],
    [
      [
        -0.5312887693422886,
        0.3159898186342581,
