{
  "a": [
    [
      0.5977167929912681,
      -0.2760753131902567,
      0.5843781302751376,
      0.5679303607718321,
      0.8449460904564079,
      -0.5762280166016458,
      -0.43007107431661434,
      0.4808609229396244,
      -0.40473325667275567,
      0.19480578230223702
    ],
    [
      0.02852687324134678,
      0.11539423105248796,
      -0.06437432726119839,
      -0.03308669273587657,
      0.7855326737333548,
      0.5722145649036682,
      0.39953223468746096,
      0.39958112109837696,
      -0.3866514153682667,
      -0.08377417678701679
    ],
    [
      -1.041082290657618,
      -0.7414734543625324,
      -0.7710303432902393,
      0.6228811690427861,
      -0.6862540493031095,
      -0.07294182687566485,
      -0.6870626495536181,
      -0.9977489404228319,
      0.9316875028120098,
      -0.5978218100337748
    ]
  ],
  "b": [
    [
      0.6606474457839335,
      1.2684118714895696,
      -0.8008001240139869,
      -2.7313449086145125,
      -0.35080524881578284,
      -4.281824985179531,
      -0.6092087186133375,
      -2.0253288234815403,
      4.20513410000149,
      -3.378324256449182
    ],
    [
      73.23261891221044,
      0.09759159464065018,
      -0.9292084876311638,
      -4.124339993833558,
      -34.25490539722707,
      22.261050877146715,
      -37.645830102739396,
      -19.572109527267973,
      -5.509058573260809,
      4.515904158347035
    ],
    [
      -19.211589029115135,
      -0.08254466122262341,
      3.9882967301168075,
      -2.011446753589604,
      28.34520583038979,
      2.416677412006452,
      -24.976232838081934,
      28.426203304922222,
      -83.51639027726213,
      0.5446555774321721
    ],
    [
      -1.39660837692353,
      0.6517416283609746,
      -0.4175968055409392,
      0.350371016243303
    ]
  ],
  "waa": [
    [
      [
        -0.08917812969443924,
        0.6819815172611163,
        0.8029874535350803,
        -0.7123326114818315,
        0.14644456081646628,
        0.12997801160565778,
        0.8034911588483516,
        -0.9146361240748727,
        -0.38579151507972986,
        -0.7649977846682705
      ],
      [
        0.6868133088723509,
        0.4514750114309023,
        0.2359522528724682,
        -0.8642725506765083,
        -0.48162400027560415,
        -0.13835873665638374,
        -0.7233540545212979,
        -0.11042610618842658,
        0.32083659273083315,
        0.17798624187638418
      ],
      [
        -0.016408478249715246,
        -0.640439366388121,
        0.666399850379865,
        -0.7917959025481724,
        0.3067434983803404,
        0.6673343747287103,
        -0.17366766424291719,
        0.9662077630144424,
        0.6234558925589789,
        0.15537373565940146
      ],
      [
        -0.39144975718210134,
        -0.5596448707629816,
        0.6497108101420804,
        0.3132870170308853,
        0.5472298099168471,
        -0.23036759574644902,
        -0.9892232779119836,
        0.4277007897086244,
        -0.745491276728169,
        0.06511802735003241
      ],
      [
        -0.6511634313591242,
        0.00047563339621202753,
        -0.01696656721238321,
        -0.28328573430091797,
        -0.039404107799501244,
        -0.5005100644764598,
        0.5705638545863099,
        -0.5873445128650675,
        -0.8884177639734206,
        0.18876293384530915
      ],
      [
        0.37410402467453047,
        -0.7581617289217654,
        -0.32703359676287563,
        -0.4178883765545979,
        -0.6802945096812102,
        -0.3523294640358553,
        0.5479650279186138,
        -0.04725677745458369,
        -0.8966092782549838,
        -0.27668376084244845
      ],
      [
        0.44649730822674066,
        -0.7209070685693817,
        -0.21756100539136344,
        -0.3445417885490385,
        0.755954445534611,
        0.465893216489148,
        -0.4092455040073359,
        0.7240458530672256,
        -0.07971531744741113,
        -0.39285749028328776
      ],
      [
        -0.6636791099345033,
        -0.3001662173223988,
        0.36359114918608576,
        -0.76503926766104,
        0.32008853150539784,
        0.22636271140728395,
        -0.7979490901096127,
        -0.7657760390572798,
        0.524101213137372,
        0.7874632831342849
      ],
      [
        0.21407629493740227,
        -0.3525649633870701,
        0.22322329723617726,
        -0.13877742893067158,
        0.044243049308587454,
        0.9631289325082287,
        0.72807454313891,
        -0.7953109286715404,
        0.3803551292596673,
        -0.04505699403428721
      ],
      [
        -0.02141527409838284,
        0.8656878934005011,
        -0.48718437253208,
        0.8634889045165713,
        -0.5917654305602221,
        -0.3180756390121021,
        0.4449309330530558,
        -0.23923119280377603,
        -0.11091203132338634,
        -0.6612543307741732
      ]
    ],
    [
      [
        0.21948988566393735,
        -0.03659818352481429,
        -0.48495765852899636,
        0.5644861166073515,
        0.1107793021064083,
        0.37196450626113897,
        0.03709562756343743,
        -0.6247084590095727,
        -0.6375931069468211,
        0.6578639915554642
      ],
      [
        0.05611751109913367,
        -0.569318889325062,
        0.5805348821858872,
        0.43347189537885245,
        -1.0281192583333487,
        0.5650858716259415,
        -0.21107843461326947,
        0.2140146704220128,
        -0.26513821351071815,
        0.33418908505025513
      ],
      [
        0.24098505197150036,
        0.6393234470243558,
        0.2685638765807106,
        -0.6027886410681691,
        -0.279799646510514,
        0.35709698926942096,
        -0.2844750547278471,
        0.3833350107050906,
        0.37125098772052745,
        0.7957069701177724
      ],
      [
        0.15851410804013993,
        -0.2892122450295756,
        0.5100894325780999,
        -0.15975767518995085,
        0.09883647715279333,
        -0.06026860826618535,
        0.49447872598893483,
        0.26340729438102606,
        0.43828478766933193,
        -0.502500154673981
      ],
      [
        -0.5326718284167878,
        -0.28596960971177443,
        -0.3833518185770142,
        -0.36868740505724484,
        -0.3908351877879764,
        0.29042702283503363,
        0.6031216326811476,
        -0.9985534098924836,
        0.3076778596954131,
        -0.21106404610004417
      ],
      [
        0.6596102945809804,
        0.7564965010250008,
        -0.5579380073760142,
        -0.13198013500054157,
        0.47449296904137706,
        -0.9882606481846283,
        0.35547586408673937,
        -0.9887526652377288,
        -0.37334369471722995,
        0.4121285985008495
      ],
      [
        -0.8599652358265936,
        -0.3106723599212684,
        -0.6048397036144219,
        -0.537909876598916,
        -0.4761031639013454,
        0.06866735177200803,
        -0.6933097216697754,
        -0.3880744936044145,
        0.7676692149587436,
        0.7385201912062545
      ],
      [
        -0.8019536811329288,
        0.6298401929921584,
        0.22526554361005877,
        -0.22861696753623362,
        0.30171416835475695,
        0.6893565996137029,
        -0.9323186903487867,
        -0.475465389259923,
        -0.628056635058372,
        0.09361048781949814
      ],
      [
        0.8480786260276919,
        0.317724525702295,
        -0.7789217612842134,
        0.0647099996180365,
        0.1094455141912762,
        0.2386148590991206,
        -0.8684932569880722,
        0.3133523525356618,
        -0.685300224079114,
        0.4745836384682409
      ],
      [
        -0.6597006954397855,
        -0.9329509839460748,
        0.3554933083165443,
        -0.6914411696719652,
        0.8192475289586095,
        0.266996086624933,
        0.3653909256813741,
        0.705591946159537,
        0.022950111888693746,
        0.8602204140284508
      ]
    ],
    [
      [
        -0.5312932839984202,
        0.315986599314466,
