{
  "a": [
    [
      0.6825335517554476,
      -0.21699614358863167,
      0.5615413485346302,
      0.6015388353099431,
      0.826520571331884,
      -0.6047715249085786,
      -0.3320229834686291,
      0.5518494330068818,
      -0.44136777702761354,
      0.11091680229236026
    ],
    [
      -0.0462109979778694,
      0.24952529651960226,
      -0.271201098704416,
      0.03286366279360492,
      0.9033250781523285,
      0.8273411931938347,
      0.27737371065401184,
      0.43258702518477493,
      -0.7158587062890088,
      0.20809215321451047
    ],
    [
      -0.9880665039419889,
      -0.540153541995175,
      -0.7198881391152718,
      0.5914342702828022,
      -0.6857003326117294,
      -0.1896566930099204,
      -0.7214293226710597,
      -0.7978381939972641,
      0.9994778423663184,
      -0.5867771487655664
    ]
  ],
  "b": [
    [
      -0.0527792734072143,
      0.6173093324638583,
      -0.7010945321629559,
      -0.11563633640823166,
      0.3990347807898114,
      -4.298494374574503,
      -0.31204553494768766,
      -0.39063468671425,
      4.035497038728238,
      -3.2580373793522854
    ],
    [
      73.20683808276155,
      -1.1345333465027034,
      -2.243150184626129,
      -5.1200646174796205,
      -34.21326420121879,
      22.202824057747033,
      -37.62517409978494,
      -19.744899298354767,
      -5.458164044577067,
      2.684894739247703
    ],
    [
      -19.247340578264875,
      0.45788643771074733,
      4.436146193670969,
      -2.328454217405495,
      28.360282257242552,
      2.2910959192250675,
      -24.921747744678996,
      28.430171770040186,
      -83.49645715649405,
      1.0029047300834535
    ],
    [
      -0.9119282478329768,
      -0.19552607113010317,
      0.5045407162256026,
      -0.14291823190470718
    ]
  ],
  "waa": [
    [
      [
        -0.07622784651380918,
        0.6773732485404855,
        0.814020119644394,
        -0.7006620037681182,
        0.1628340561903802,
        0.11827866293289699,
        0.7968489943770082,
        -0.9044864915256932,
        -0.39415599579678096,
        -0.762342529194277
      ],
      [
        0.6957857334022274,
        0.44916430928354845,
        0.24245837159063516,
        -0.8567574033915109,
        -0.47162240153316276,
        -0.14573416312057022,
        -0.7268231164200082,
        -0.10347002728644611,
        0.3156072855314963,
        0.17893642782570895
      ],
      [
        -0.006196723832947864,
        -0.6441729697854763,
        0.6751711020413491,
        -0.7826720551640151,
        0.31974182735719414,
        0.6582318840630332,
        -0.1793383681812908,
        0.9744340277682912,
        0.6169875283304046,
        0.1575679157280884
      ],
      [
        -0.41959757388477975,
        -0.555530847244789,
        0.6348518447031322,
        0.2929119348692565,
        0.5214849562381493,
        -0.20970458070302714,
        -0.9883433707709721,
        0.41444712653307025,
        -0.7354839128283568,
        0.05952441934197384
      ],
      [
        -0.6395656541447972,
        -0.0028150252105961088,
        -0.008181177553066101,
        -0.2731628501067298,
        -0.025641870538293587,
        -0.5109845178743734,
        0.5667666128462293,
        -0.5785758810599536,
        -0.8967210824993248,
        0.1900233272014494
      ],
      [
        0.36720108003620744,
        -0.7571234041734877,
        -0.33101762313511385,
        -0.42447656452290417,
        -0.6868562573396177,
        -0.3469440458279475,
        0.549334764081489,
        -0.05312427685926159,
        -0.8923992364317054,
        -0.2763498871616581
      ],
      [
        0.455770428054068,
        -0.723712172870524,
        -0.21076582405553165,
        -0.3366409449413857,
        0.7668849764263257,
        0.45811538800523954,
        -0.41296316687640955,
        0.7308420304303057,
        -0.08502247682938414,
        -0.3913296703324247
      ],
      [
        -0.7250498078125257,
        -0.2781175380975429,
        0.3150482834049441,
        -0.8204896408210147,
        0.2474884242707557,
        0.28012166688063167,
        -0.7691157833782933,
        -0.8146984192499747,
        0.5637964046748194,
        0.7769385723310898
      ],
      [
        0.2038011896566379,
        -0.34964326178064686,
        0.21574738143078454,
        -0.1474686974977037,
        0.032499760936238915,
        0.9718419216293189,
        0.7322426980067488,
        -0.8027678864365415,
        0.3857378888578031,
        -0.04721211973298612
      ],
      [
        -0.017999769988558942,
        0.8646872031432623,
        -0.4845345648192307,
        0.8664883281212342,
        -0.587762072743369,
        -0.3209888784028985,
        0.44340188562169947,
        -0.23648836261734185,
        -0.11303095248196364,
        -0.6608157785446535
      ]
    ],
    [
      [
        0.21942690934239428,
        -0.036357440356083584,
        -0.4852472016532342,
        0.5645430995631467,
        0.11141374633726654,
        0.3725415157675351,
        0.037215621362271245,
        -0.6244704963648553,
        -0.6381676401249083,
        0.6580605599447147
      ],
      [
        0.051432772523155854,
        -0.5486765630563892,
        0.5561479197258857,
        0.4389648713288545,
        -0.9696200576576683,
        0.6206907024600927,
        -0.19821034084137099,
        0.23850184161440505,
        -0.3182586145695486,
        0.3515921981320153
      ],
      [
        0.23818906562807485,
        0.6516795599456516,
        0.2539146906592667,
        -0.59951356989738,
        -0.24619833739377334,
        0.38960655204367856,
        -0.2777063747496256,
        0.3974249843445532,
        0.33993507438844595,
        0.8067918204577402
      ],
      [
        0.1923988633433315,
        -0.4183886231140625,
        0.67225074915084,
        -0.19762577393441788,
        -0.23581243012407596,
        -0.3762362683642108,
        0.43769339212808855,
        0.13559059532439524,
        0.758135226077991,
        -0.6178146809041581
      ],
      [
        -0.5326489779984486,
        -0.2858132515345928,
        -0.3834688314434565,
        -0.36871123344066653,
        -0.38991128618549825,
        0.2911112978799844,
        0.6035685186763757,
        -0.9980968913989077,
        0.3071865292744712,
        -0.2111238389413164
      ],
      [
        0.6596141693659487,
        0.7565628693967531,
        -0.5579922141543147,
        -0.13197965444766394,
        0.4748519924820189,
        -0.9879580607558307,
        0.3556378520518327,
        -0.9885643748211294,
        -0.3735697160476755,
        0.4121397917970599
      ],
      [
        -0.859864051722697,
        -0.3112612483622863,
        -0.6042149114439759,
        -0.5379778582677857,
        -0.4782559451920972,
        0.06670356240776601,
        -0.6939865606841014,
        -0.38911329228380875,
        0.7693511309145237,
        0.7380453246478357
      ],
      [
        -0.8021637324797449,
        0.6289238800047304,
        0.2258382699294179,
        -0.22860808730122775,
        0.2961377727017293,
        0.6848980803375198,
        -0.9351792122272933,
        -0.47838344024871243,
        -0.6249492305339274,
        0.09405072858386897
      ],
      [
        0.8475709610762112,
        0.3176506187581458,
        -0.7798501794869466,
        0.0656177076618278,
        0.1023510584235461,
        0.23479671319948323,
        -0.8735713822245362,
        0.30964198999383413,
        -0.6839128614468728,
        0.47738460873957533
      ],
      [
        -0.6606848015720358,
        -0.9274307347935413,
        0.3493029593513097,
        -0.6905633788452018,
        0.8388730402850815,
        0.2851016336264564,
        0.37134893415260045,
        0.7149625852344959,
        0.007166765305327091,
        0.8648978407857084
      ]
    ],
    [
      [
        -0.5327946650062743,
        0.3149170226667868,
