{
  "a": [
    [
      0.5238130772695871,
      -0.3276048916789986,
      0.6449236314757376,
      0.4921235433605551,
      0.8852732385720142,
      -0.5550271998586338,
      -0.5514603629003403,
      0.4283009991014355,
      -0.364665918689961,
      0.27943308616930884
    ],
    [
      0.055471007147425894,
      0.12028661782403974,
      -0.07674814486247018,
      -0.027821832051229414,
      0.7711409730730648,
      0.5933642497772756,
      0.3655478867922797,
      0.4134327990748611,
      -0.41247818078633564,
      -0.058502356448879696
    ],
    [
      -1.096326620897426,
      -0.7937687828251891,
      -0.7745481023752996,
      0.6110347647691055,
      -0.6835847065649371,
      -0.05748923299330909,
      -0.6555788713240085,
      -1.0463691847470715,
      0.9275988222501151,
      -0.6437320226004026
    ]
  ],
  "b": [
    [
      0.5550017097679881,
      1.8575283382983265,
      -0.6855388641832388,
      -3.2399507790149773,
      -0.39040595421046864,
      -4.255798478857203,
      -0.8046581770635772,
      -2.670210943151542,
      4.256521136199067,
      -3.297493548133619
    ],
    [
      73.22987152303251,
      0.08935356979439545,
      -0.9050656722756617,
      -3.966358040262524,
      -34.2640237121543,
      22.27124772554871,
      -37.64093497294582,
      -19.539252413211198,
      -5.477939438915637,
      4.49093290282428
    ],
    [
      -19.209413613861805,
      -0.1714003200175348,
      3.732387733719804,
      -1.836448149694666,
      28.342228532842075,
      2.3285725356769094,
      -24.992490424038508,
      28.442534269804668,
      -83.51831636876307,
      0.5501060990030834
    ],
    [
      -1.4338950361330236,
      0.7174396059813959,
      0.1178978132346323,
      0.32610144523595597
    ]
  ],
  "waa": [
    [
      [
        -0.09112387026753685,
        0.6831284743742524,
        0.8006969115893404,
        -0.7141197727813628,
        0.14324101889600632,
        0.13200234163712848,
        0.8053914143169348,
        -0.9161436032420675,
        -0.3844943324843394,
        -0.7660035281066422
      ],
      [
        0.6906905664092468,
        0.44915202403861293,
        0.2405726897988911,
        -0.8607027348324605,
        -0.47517508964446353,
        -0.14241975084447525,
        -0.7272111016826558,
        -0.10741531661105229,
        0.31823332077617217,
        0.18002989953296378
      ],
      [
        -0.011984353872787618,
        -0.6430867922615109,
        0.6716660379517349,
        -0.787716122837048,
        0.3141032881561823,
        0.6626964174758031,
        -0.1780569446031117,
        0.9696370594765037,
        0.6204772891722345,
        0.15770037170285353
      ],
      [
        -0.3726708792565674,
        -0.57011367699378,
        0.6710865137457386,
        0.3298022182799775,
        0.5772913011229526,
        -0.2493358491376109,
        -1.006750626418737,
        0.4415880791532644,
        -0.7568882195193422,
        0.07489110255713405
      ],
      [
        -0.6543987675276854,
        0.002410632121887238,
        -0.020817883385513457,
        -0.2862652628024473,
        -0.04477588715015548,
        -0.49712509155159496,
        0.5737796683443546,
        -0.5898627816862174,
        -0.8862468402137816,
        0.18706313766781796
      ],
      [
        0.37589238024552274,
        -0.7589622131889661,
        -0.3253331173478317,
        -0.41616377015738254,
        -0.6778191020001165,
        -0.35404500701708186,
        0.5467438002764007,
        -0.045800905550912825,
        -0.8978498138708786,
        -0.27615975629476325
      ],
      [
        0.44414481178674287,
        -0.719511789199912,
        -0.22034275368295073,
        -0.34670777185177387,
        0.7520696451290402,
        0.4683463256941946,
        -0.40693134180207097,
        0.7222149325142934,
        -0.0781390106645384,
        -0.3940777892943125
      ],
      [
        -0.6014565542933368,
        -0.3265045037141196,
        0.4198802278602317,
        -0.7057264230031329,
        0.40237502934836594,
        0.1681176332215379,
        -0.8370046998142595,
        -0.7150981188147791,
        0.4816124481389889,
        0.8035362798836396
      ],
      [
        0.214145992719808,
        -0.3526102287915964,
        0.22331205029360238,
        -0.13871346162727927,
        0.04436485096142996,
        0.9630540182879905,
        0.727997514850135,
        -0.7952560362900837,
        0.380308147846535,
        -0.045015738681214966
      ],
      [
        -0.021315424739933517,
        0.8656280453802548,
        -0.48706526201183614,
        0.863580455212595,
        -0.591600498443414,
        -0.31817949273226365,
        0.4448308025949221,
        -0.23915225429669976,
        -0.1109784584593561,
        -0.6612019786956939
      ]
    ],
    [
      [
        0.21950900046086208,
        -0.03655316985959884,
        -0.484985342717059,
        0.5644752851455975,
        0.11107335838838073,
        0.3721892649086853,
        0.03723764861392601,
        -0.6245516578218461,
        -0.6377480773296282,
        0.6578399983688881
      ],
      [
        0.0565096052784268,
        -0.5673244575530406,
        0.5794286661153856,
        0.4328760250889481,
        -1.014406041009539,
        0.5749074560596374,
        -0.2040374776278087,
        0.2208683341432802,
        -0.2717619420481913,
        0.332624879993426
      ],
      [
        0.24109862239230595,
        0.6399385817553225,
        0.2682210628259118,
        -0.6029735959387097,
        -0.275567581079959,
        0.3601136341259945,
        -0.2822999085851857,
        0.38543880362406635,
        0.3692150959226354,
        0.7952166360061801
      ],
      [
        0.1585711406605821,
        -0.2890698056776963,
        0.5100073252351875,
        -0.15979249842561316,
        0.09978612183568279,
        -0.059539904063796056,
        0.49494609481959556,
        0.26391589199379306,
        0.43778784088618095,
        -0.5025797178456851
      ],
      [
        -0.5326481509086615,
        -0.28591597712566424,
        -0.3833851025011921,
        -0.36870001323972745,
        -0.39048117340351585,
        0.29069798925829304,
        0.6032930702154876,
        -0.998363686535032,
        0.30749106884934607,
        -0.21109291913935854
      ],
      [
        0.6596328575845188,
        0.7565471559103985,
        -0.5579700190465616,
        -0.1319919496337645,
        0.4748219371038702,
        -0.988008205768355,
        0.3556330294439851,
        -0.9885766986903639,
        -0.37351863594486656,
        0.41210253660112167
      ],
      [
        -0.8599651081257129,
        -0.3106723911306617,
        -0.6048396980506868,
        -0.5379098320749609,
        -0.4761035025358082,
        0.068667336250036,
        -0.6933099870990447,
        -0.38807450448904807,
        0.7676692018614241,
        0.738520361172436
      ],
      [
        -0.8018095130855907,
        0.6301673163280279,
        0.22506280207992752,
        -0.2286940167103041,
        0.3038646080992645,
        0.6910043138747725,
        -0.9312793792862133,
        -0.4743130814146654,
        -0.6291929760019145,
        0.09343664001455744
      ],
      [
        0.8492633649912528,
        0.3213829275005566,
        -0.7810447144886433,
        0.06373902476202203,
        0.1340747693592715,
        0.25694633159436575,
        -0.8562055546746783,
        0.3261515247705005,
        -0.6977865685922644,
        0.4722081516783679
      ],
      [
        -0.6596867329418232,
        -0.9329132884491774,
        0.3554708770192994,
        -0.6914507806725141,
        0.8194980168647431,
        0.2671847013369242,
        0.3655142060272673,
        0.7057236845750094,
        0.022821003661337366,
        0.8601978572435118
      ]
    ],
    [
      [
        -0.531464368965553,
        0.3158659022594962,
