{
  "a": [
    [
      0.5994456781418862,
      -0.26568600594475555,
      0.583634741448502,
      0.583096087381139,
      0.8461642515660545,
      -0.5764963178537313,
      -0.4171816774264395,
      0.49143371157716076,
      -0.4057049890901574,
      0.186574874000757
    ],
    [
      0.025687948306910367,
      0.11602476360668708,
      -0.06405073828005059,
      -0.03435550829098223,
      0.7886414264190253,
      0.5693435646312767,
      0.40312937251448405,
      0.39768096413024606,
      -0.3837588506940409,
      -0.08683297323177579
    ],
    [
      -1.0404827981775893,
      -0.7408796379645897,
      -0.7697695791281325,
      0.6215046021767995,
      -0.6865849540819341,
      -0.07192849049700231,
      -0.6882304316642723,
      -0.996726695082392,
      0.9313708020817089,
      -0.5971700539791376
    ]
  ],
  "b": [
    [
      0.6691253012986047,
      1.1819660027146233,
      -0.8059923199171576,
      -2.589193940973544,
      -0.3435482681076703,
      -4.2905273044817,
      -0.5903586239752149,
      -1.9121678520824783,
      4.187974346376565,
      -3.3866954765733084
    ],
    [
      73.2323818217884,
      0.08290211669198568,
      -0.9416367778437789,
      -4.150917272451521,
      -34.2515054852144,
      22.25775028891365,
      -37.64652491199114,
      -19.582263647835116,
      -5.516697489421048,
      4.520744434024294
    ],
    [
      -19.21231212203571,
      -0.07864936083674098,
      3.9357310252128,
      -2.0321095064140238,
      28.34580699039157,
      2.3551240752763096,
      -24.97276421771702,
      28.42170856821541,
      -83.5162884893131,
      0.5484258780986216
    ],
    [
      -1.4263294217619804,
      0.6278735486126799,
      0.0959863933038283,
      0.3550145442256934
    ]
  ],
  "waa": [
    [
      [
        -0.08883416678161488,
        0.681826642948575,
        0.8033191888342338,
        -0.7120058698404583,
        0.14692571074312924,
        0.12964919062624733,
        0.8032486775897697,
        -0.9143593304298633,
        -0.3860228124826941,
        -0.7648898924756025
      ],
      [
        0.6847998469340536,
        0.45236868469907743,
        0.23399543864063915,
        -0.8662243142932344,
        -0.48446145801720086,
        -0.13642456767536146,
        -0.7219512535709355,
        -0.11207240635114062,
        0.32219794894114184,
        0.177359959209975
      ],
      [
        -0.014646232622559005,
        -0.6412211212490951,
        0.6681135112157071,
        -0.7900857908912648,
        0.30922817556059345,
        0.6656409416088035,
        -0.1748946783391077,
        0.9676499057832201,
        0.622263926847125,
        0.15592178477541194
      ],
      [
        -0.39195547865481467,
        -0.5594149816980664,
        0.6492195766223363,
        0.3128069818225181,
        0.5465179838900014,
        -0.22988228348140136,
        -0.9888628030557518,
        0.4272949181141612,
        -0.7451520183794268,
        0.06495489558132155
      ],
      [
        -0.6496202219234272,
        -0.0002089208601980286,
        -0.015465954725219345,
        -0.28178812834492706,
        -0.037228185447831005,
        -0.5019930377646372,
        0.5694889939812761,
        -0.5860816378891116,
        -0.8894614315210164,
        0.18924305401112063
      ],
      [
        0.368903126414301,
        -0.7558373984431146,
        -0.3320667115558948,
        -0.42287274317050566,
        -0.6875962406658214,
        -0.3473502191468504,
        0.5516250772813334,
        -0.051471761480587505,
        -0.8931089243066421,
        -0.27831000856409893
      ],
      [
        0.4447793812823314,
        -0.7201457083094459,
        -0.21923288942486402,
        -0.3462117642849485,
        0.7535304641458507,
        0.4675449184670934,
        -0.40805034951334057,
        0.7226380996244457,
        -0.07855271517787249,
        -0.39339163466606
      ],
      [
        -0.6726128008759278,
        -0.29615652442505735,
        0.35494852519760206,
        -0.7735826348318137,
        0.30755435096539074,
        0.2349192429427843,
        -0.7916554030386439,
        -0.7730044362402155,
        0.5301191003435325,
        0.7846609468228969
      ],
      [
        0.21411972789303055,
        -0.3525841355042175,
        0.22326535344721157,
        -0.1387354207334567,
        0.044304096288066926,
        0.9630873343188047,
        0.7280442881672166,
        -0.7952754757227052,
        0.3803258801089768,
        -0.04504356939101942
      ],
      [
        -0.02146118893572539,
        0.8657081655240498,
        -0.48722864130557525,
        0.8634447866365484,
        -0.591829743694936,
        -0.318031798560514,
        0.44496301378425546,
        -0.23926847916997057,
        -0.11088123162149763,
        -0.6612685001586999
      ]
    ],
    [
      [
        0.21948979427407964,
        -0.03659857294194542,
        -0.4849574416742293,
        0.5644862302608771,
        0.11077665658363606,
        0.37196258961145845,
        0.03709427921163785,
        -0.6247097979752013,
        -0.6375918129983452,
        0.6578642786058168
      ],
      [
        0.05602715784551903,
        -0.5697036786109468,
        0.5807490227807768,
        0.4335840603267552,
        -1.0307350759730922,
        0.5631900191370561,
        -0.21241176136909407,
        0.21269038158789733,
        -0.2638583340250057,
        0.33447277387063473
      ],
      [
        0.24097213464689105,
        0.6392680930156777,
        0.26859473791193345,
        -0.6027724892173744,
        -0.28017587219597145,
        0.3568246060601547,
        -0.2846668525667535,
        0.38314473014121986,
        0.371434903516318,
        0.7957479172003703
      ],
      [
        0.15851340027091146,
        -0.2892152407832257,
        0.5100911040288038,
        -0.15975680234191977,
        0.09881612637758064,
        -0.06028335610413583,
        0.4944683583405029,
        0.26339699110801007,
        0.4382947470685765,
        -0.5024979501657861
      ],
      [
        -0.5326718597366943,
        -0.285969725442299,
        -0.3833517530643592,
        -0.36868737264449725,
        -0.39083597454611235,
        0.29042644672709544,
        0.603121234152103,
        -0.998553812552136,
        0.30767824983924924,
        -0.2110639641540294
      ],
      [
        0.6596102266329767,
        0.7564962188563388,
        -0.557937849704409,
        -0.1319800532215223,
        0.47449105216291937,
        -0.988262039474953,
        0.35547488838626307,
        -0.9887536372027451,
        -0.37334275480925333,
        0.41212880499912374
      ],
      [
        -0.8599652145275989,
        -0.3106722666865777,
        -0.6048397553675879,
        -0.5379099039791532,
        -0.4761025300311307,
        0.06866781021224871,
        -0.6933093981671049,
        -0.3880741733661216,
        0.7676689056488567,
        0.7385201219271437
      ],
      [
        -0.801956061911069,
        0.6298303750184684,
        0.22527100832408875,
        -0.22861412989596458,
        0.3016474130309629,
        0.6893080696458143,
        -0.9323526802768746,
        -0.4754992871442444,
        -0.6280238643687528,
        0.09361765234127094
      ],
      [
        0.8479941414667219,
        0.317360994483426,
        -0.7787198155755165,
        0.06481628332331622,
        0.10697425304071446,
        0.23682489547406532,
        -0.8697535744802211,
        0.3121020443856264,
        -0.6840922272827745,
        0.4748523146832155
      ],
      [
        -0.6597032617319069,
        -0.9329618728808556,
        0.355499357696513,
        -0.6914379974361091,
        0.819173545360324,
        0.2669424300094188,
        0.3653532194838783,
        0.7055544691210617,
        0.02298632888867635,
        0.8602284200033441
      ]
    ],
    [
      [
        -0.5312866366354544,
        0.3159913311233022,
