{
  "a": [
    [
      0.4899559951684067,
      -0.33081125978657694,
      0.6626295605789133,
      0.4449693552772384,
      0.9060311523468725,
      -0.5357601076518763,
      -0.5939251827939575,
      0.37519269407065886,
      -0.30895163796033864,
      0.33309720101476586
    ],
    [
      0.06383724309043985,
      0.12088632622623492,
      -0.08083311275226225,
      -0.02406758911851821,
      0.7624642371156565,
      0.6072755022060423,
      0.3498979784030778,
      0.4160480797499141,
      -0.4267620072905679,
      -0.045823061186111555
    ],
    [
      -1.1283388774821714,
      -0.8283738737256786,
      -0.7821923727757709,
      0.6068908521793781,
      -0.6845160238428584,
      -0.04795612395613107,
      -0.6361625654200104,
      -1.0776381654179414,
      0.9277989126315966,
      -0.6717966677641184
    ]
  ],
  "b": [
    [
      0.47904453280451137,
      2.065642661753177,
      -0.5502518051525663,
      -3.570747913904133,
      -0.4617801885173201,
      -4.251775542608761,
      -0.9162877199369064,
      -3.1703842931733135,
      4.3176214293894715,
      -3.2422629315073954
    ],
    [
      73.22380383821721,
      0.07011137468632463,
      -0.9058252759128942,
      -3.873482278839546,
      -34.2645411996561,
      22.280213045325883,
      -37.63697492340583,
      -19.536800091233776,
      -5.470644875491316,
      4.48714813487074
    ],
    [
      -19.20876722942753,
      -0.2141614178826747,
      3.749026539705787,
      -1.877581548039145,
      28.34114677819382,
      2.3446459579537073,
      -25.000102040583013,
      28.452941800881135,
      -83.51847063009949,
      0.5463637302679418
    ],
    [
      -1.453464427949837,
      0.8321453592837614,
      -0.2404301949464263,
      0.34423965966025566
    ]
  ],
  "waa": [
    [
      [
        -0.09146744983516436,
        0.6833337925240979,
        0.8002808278724747,
        -0.7144330605726521,
        0.14266544230351813,
        0.13235908497681964,
        0.8057456552383668,
        -0.9164121458768001,
        -0.38427497648434483,
        -0.7661924356683552
      ],
      [
        0.691101207775899,
        0.44889840708217404,
        0.24107908098078068,
        -0.8603213279113979,
        -0.47447828936673186,
        -0.1428524337088863,
        -0.7276455179253991,
        -0.107085947805362,
        0.3179585481909647,
        0.1802556756119073
      ],
      [
        -0.012004016909585122,
        -0.643075528074723,
        0.6716431507243531,
        -0.7877337157094495,
        0.3140714643220901,
        0.6627164080196905,
        -0.17803784154232397,
        0.9696219679839791,
        0.6204895281842369,
        0.15769009803343415
      ],
      [
        -0.3819131091300661,
        -0.5635473271550154,
        0.6585250759093254,
        0.3204529022408373,
        0.5603844459614438,
        -0.23890973015999034,
        -0.9955268008100535,
        0.43332050116650705,
        -0.7495492420110837,
        0.06959345346562018
      ],
      [
        -0.6554285115342177,
        0.0030465073923403065,
        -0.022087593385923615,
        -0.28722214769964705,
        -0.04652299736166021,
        -0.4960400594312413,
        0.5748688201732951,
        -0.5906892308021907,
        -0.8855573229802713,
        0.18649752070953307
      ],
      [
        0.37110697390081315,
        -0.7560254486009086,
        -0.33122050792467767,
        -0.42058140092712537,
        -0.6859298917096216,
        -0.349018978735759,
        0.5517929531185712,
        -0.049605729199798866,
        -0.894696365389841,
        -0.27880956089323794
      ],
      [
        0.4437846920799481,
        -0.7192889460440065,
        -0.22078891757971952,
        -0.3470426668364932,
        0.751455781917418,
        0.4687263149919709,
        -0.40654759720314654,
        0.7219261059131123,
        -0.07789884502901365,
        -0.39427766618722115
      ],
      [
        -0.5678414908162165,
        -0.3470280696117008,
        0.461490951879348,
        -0.6747200672331861,
        0.4597655228590525,
        0.1328355078094393,
        -0.8728393982795818,
        -0.6885337614317966,
        0.45991883403783884,
        0.8225520501220458
      ],
      [
        0.21427349672336946,
        -0.3526876944792433,
        0.223467585809887,
        -0.13859563695632934,
        0.044579337821218604,
        0.9629206031332371,
        0.7278647327843828,
        -0.7951544390006107,
        0.3802240018730466,
        -0.04494642044983438
      ],
      [
        -0.021203557057931477,
        0.8655588787718369,
        -0.4869270926313264,
        0.8636843767653601,
        -0.5914103971586455,
        -0.3182974256409561,
        0.444712155525436,
        -0.2390625401977335,
        -0.11105324273253317,
        -0.6611402674788484
      ]
    ],
    [
      [
        0.21962324657368043,
        -0.036312301397806994,
        -0.4851445048351367,
        0.5644215875251584,
        0.11260306399371324,
        0.3733708430619619,
        0.03795247044247732,
        -0.6237330339246692,
        -0.63857561735345,
        0.6577284947303984
      ],
      [
        0.057140205556269315,
        -0.566008822169598,
        0.5785282951889303,
        0.4325969195923987,
        -1.006064262213949,
        0.5813768168481472,
        -0.20017691590352418,
        0.22530950335143898,
        -0.27632101911877255,
        0.3320343462702055
      ],
      [
        0.24120457543971055,
        0.6401557215066446,
        0.26806433495096615,
        -0.6030164817786414,
        -0.27419209477573564,
        0.3611821751971559,
        -0.2816726034497606,
        0.3861653849467221,
        0.36845428537667835,
        0.7951212149524458
      ],
      [
        0.15857339113747113,
        -0.28906506603575455,
        0.5100041807324663,
        -0.15979354412675012,
        0.09981621681675948,
        -0.059516605645457715,
        0.49496014344630296,
        0.2639319871562467,
        0.43777151729257524,
        -0.5025818834694032
      ],
      [
        -0.5325423828744138,
        -0.28569350349398726,
        -0.3835321591869848,
        -0.36874955065366943,
        -0.38906746950382276,
        0.2917900985094788,
        0.6039539260210037,
        -0.9976068947809708,
        0.30672627971860594,
        -0.21119588883373105
      ],
      [
        0.6596420203902986,
        0.756566565584404,
        -0.5579827255158519,
        -0.13199631612172846,
        0.4749455499608112,
        -0.9879127801597166,
        0.3556910262835116,
        -0.9885104781499207,
        -0.3735853223981002,
        0.41209345054803
      ],
      [
        -0.8599649200154579,
        -0.31067198965919984,
        -0.604839971759556,
        -0.5379099176805511,
        -0.4761009748882161,
        0.06866930287089773,
        -0.6933088194471477,
        -0.3880731640662733,
        0.7676678169037766,
        0.7385201865644687
      ],
      [
        -0.8016001950774363,
        0.630606917396169,
        0.22477236485447427,
        -0.22879190193406093,
        0.3066599397998358,
        0.6931636913771209,
        -0.9299718836462771,
        -0.4728161295384628,
        -0.630704785410124,
        0.09323293827012166
      ],
      [
        0.8500046785570278,
        0.32294216399043046,
        -0.7820890251421888,
        0.06339880409330814,
        0.1439783665507338,
        0.2646135659706006,
        -0.8515916836784235,
        0.33143930209640304,
        -0.7031673879251089,
        0.4714962774103605
      ],
      [
        -0.6596658153413938,
        -0.9328690652022038,
        0.35544154302736913,
        -0.6914605485777311,
        0.8197789852822247,
        0.26740206868447547,
        0.36564545807637755,
        0.7058738439938091,
        0.022668729790557535,
        0.8601775327474095
      ]
    ],
    [
      [
        -0.5314117838397979,
        0.31590448285874984,
