{
  "a": [
    [
      0.6453793927752143,
      -0.27407463678655397,
      0.6135430330456239,
      0.6390729932616699,
      0.8817149896909368,
      -0.610104989094528,
      -0.4277734657982531,
      0.5888497566905148,
      -0.4907213216253738,
      0.11362844737929689
    ],
    [
      -0.04241695460895502,
      0.25981689354412096,
      -0.274588616597276,
      0.05394100333612387,
      0.8802372215430743,
      0.8227981889296462,
      0.2709819783913379,
      0.4119814125804775,
      -0.7178269714746098,
      0.18494395520826057
    ],
    [
      -1.0458759155411286,
      -0.6913033301202341,
      -0.7709207481121634,
      0.6096305972279584,
      -0.6884233783544117,
      -0.11917417620491863,
      -0.6838718456817973,
      -0.9409724160116933,
      0.9500627161515209,
      -0.6096487970234178
    ]
  ],
  "b": [
    [
      0.7376196613834716,
      0.5938919288994335,
      -0.9094159166078369,
      -0.619425111890875,
      1.190106493709083,
      -4.341786852154276,
      -0.24638295330295684,
      -1.1399271839232714,
      3.961416393992853,
      -3.464125487873289
    ],
    [
      73.2206825802461,
      -0.6675971471870822,
      -1.6286549766987193,
      -5.529855909066474,
      -34.20991913461887,
      22.211113598565667,
      -37.642705115924706,
      -19.709110095818314,
      -5.393645167261184,
      4.326158970945253
    ],
    [
      -19.263522368649276,
      0.017680254937073776,
      4.191772521833124,
      -2.2899414572227967,
      28.356670149392677,
      2.3721538896559573,
      -24.951620135126568,
      28.42279261439184,
      -83.50144239281255,
      0.5475163598281121
    ],
    [
      -1.2131483770592109,
      -0.3355401036429823,
      -0.06493005567308792,
      1.261885307097938
    ]
  ],
  "waa": [
    [
      [
        -0.07363198728766611,
        0.6765562662260045,
        0.816009765371557,
        -0.698414637410577,
        0.16589517984843988,
        0.11612572844744051,
        0.7955878943420475,
        -0.9023978485568165,
        -0.39568361661912355,
        -0.7619671721196555
      ],
      [
        0.6843257542738208,
        0.4526471146263762,
        0.23344648685738986,
        -0.8667859766600657,
        -0.4852160181554425,
        -0.1358912065343606,
        -0.7215284594304634,
        -0.1125614771227969,
        0.32267707658002215,
        0.17723799521218705
      ],
      [
        -0.012778232511788603,
        -0.6420120081553219,
        0.6698610196592986,
        -0.7883886067212342,
        0.31179254874868884,
        0.6639056384585013,
        -0.1761070985982982,
        0.9690714520484963,
        0.6211349139661956,
        0.15654124914055523
      ],
      [
        -0.35988200893021205,
        -0.5746255770375162,
        0.6831223735100282,
        0.3478874074346284,
        0.5942331241577562,
        -0.2632480018782224,
        -1.0151655592989444,
        0.46291263659247733,
        -0.7758317095691644,
        0.06797081679366888
      ],
      [
        -0.6584202185186523,
        0.003227008825585224,
        -0.023278013862418723,
        -0.2900718433842667,
        -0.048786077905876156,
        -0.4939707968214666,
        0.5750070653278343,
        -0.5935464416341801,
        -0.8838253305582464,
        0.18721426482853648
      ],
      [
        0.3692919924229304,
        -0.757776250398057,
        -0.3293149486951575,
        -0.4225296243498385,
        -0.6843054867771938,
        -0.34879067727100976,
        0.5483726111165089,
        -0.05140863332985258,
        -0.8937650612093303,
        -0.27605925354909394
      ],
      [
        0.4562372298589638,
        -0.7239675654022358,
        -0.2099319821854365,
        -0.33615629615655584,
        0.7675970429968889,
        0.45749553897933065,
        -0.41358499659061077,
        0.7314139825264129,
        -0.08545194804311221,
        -0.39107006470346
      ],
      [
        -0.7185043977644188,
        -0.28011857947222424,
        0.3201100496524895,
        -0.814452994021902,
        0.25519537975988,
        0.2743115761536035,
        -0.7717167276496615,
        -0.8093762181998567,
        0.5593553790619616,
        0.7776958624783145
      ],
      [
        0.20222471421219634,
        -0.34912358259887816,
        0.21443758640174865,
        -0.14894236510939982,
        0.030551100056602196,
        0.9732336399998452,
        0.7330341123230397,
        -0.804062634189438,
        0.3867740791212746,
        -0.04744421631033406
      ],
      [
        -0.022088155151344463,
        0.8659418488189199,
        -0.4877680971235439,
        0.8628809770511954,
        -0.592632242448584,
        -0.3174674239424267,
        0.44530415059357814,
        -0.23975335429549474,
        -0.11049144908629768,
        -0.6614190388919342
      ]
    ],
    [
      [
        0.2194443989195516,
        -0.03643754636122223,
        -0.4851649130685253,
        0.5645254359528463,
        0.11114211122955944,
        0.3722855049115315,
        0.03713298471054976,
        -0.6245951155171048,
        -0.6379442423188962,
        0.6580048354193047
      ],
      [
        0.051253535488936984,
        -0.5469082396246384,
        0.5542390890728115,
        0.43918505007722025,
        -0.963658055482347,
        0.6260797719591108,
        -0.19639036954689157,
        0.24133931909765602,
        -0.32293947590722516,
        0.3529257208724648
      ],
      [
        0.2385141357061882,
        0.6495071454219168,
        0.25614138666612835,
        -0.5999569935301062,
        -0.253545259493356,
        0.3824996831263344,
        -0.2799965524743248,
        0.39382255215464057,
        0.3460289969084773,
        0.8050654955775576
      ],
      [
        0.19246896830690094,
        -0.4188488307258607,
        0.6727446073602273,
        -0.1976932063505476,
        -0.2374194220793076,
        -0.37771673936828576,
        0.4372000003110956,
        0.13482124204465887,
        0.7594168333092295,
        -0.6181797316261217
      ],
      [
        -0.5326450858039207,
        -0.2858459834864567,
        -0.3834338764439672,
        -0.36871994445595613,
        -0.3900245376762954,
        0.2909994192039786,
        0.6035315091822301,
        -0.9981539022364274,
        0.30728239160267284,
        -0.21115081857221876
      ],
      [
        0.6596199488126827,
        0.7565350259993646,
        -0.5579603224089709,
        -0.131983329075898,
        0.4747455911170358,
        -0.9880554141625346,
        0.3556045565181739,
        -0.9886159566692314,
        -0.37348573434478155,
        0.4121144570405278
      ],
      [
        -0.8599660144290301,
        -0.31070598387377274,
        -0.604809968023275,
        -0.5379092203371726,
        -0.4762619471397991,
        0.06854197705999523,
        -0.6933773236192915,
        -0.38815111051120327,
        0.7677663242930282,
        0.7385171916364941
      ],
      [
        -0.8021901701455112,
        0.6294445797722933,
        0.22527974322907224,
        -0.2283560007309498,
        0.2977469727755075,
        0.6865641867244041,
        -0.9346279568863168,
        -0.477611741924945,
        -0.6264168638179136,
        0.0943373823221744
      ],
      [
        0.8477419226686872,
        0.31618234584486987,
        -0.7783057632291184,
        0.06531480645806165,
        0.09744264350961476,
        0.2301169221216152,
        -0.8750932859467269,
        0.3072600050581402,
        -0.6798669524590011,
        0.4762688740887785
      ],
      [
        -0.6597778902052424,
        -0.9327472435341487,
        0.3552064612648791,
        -0.6913730020299185,
        0.8196053082894774,
        0.2673356944938426,
        0.36536297782450633,
        0.7056666854395731,
        0.02252274843974397,
        0.8604386874738064
      ]
    ],
    [
      [
        -0.5329743465910186,
        0.31480161128145245,
