{
  "a": [
    [
      0.5299581214588154,
      -0.31643795542240216,
      0.6302223975601369,
      0.48251277455040203,
      0.8745449079331433,
      -0.5503525100775342,
      -0.5283817837887549,
      0.41428905995931875,
      -0.3486443361031843,
      0.28011896880883114
    ],
    [
      0.04632362851856115,
      0.11486689592561496,
      -0.06608108363439831,
      -0.0280938582130838,
      0.76764577999839,
      0.5893009964534567,
      0.3779741797807988,
      0.41142859891863937,
      -0.4017433518713666,
      -0.06452219094662723
    ],
    [
      -1.0542473731543411,
      -0.7465002830833004,
      -0.7655699157279338,
      0.6257657839344645,
      -0.679547506362169,
      -0.07188872978932248,
      -0.6865094538113934,
      -1.0115565537246471,
      0.9225344769161782,
      -0.6004921307237041
    ]
  ],
  "b": [
    [
      0.5801007183042975,
      1.529774831581783,
      -0.7342863954764902,
      -2.9754313061955053,
      -0.3667463290170536,
      -4.25403545651065,
      -0.7413914365557681,
      -2.333963787675632,
      4.265991204752092,
      -3.2940017849331453
    ],
    [
      73.23239116275624,
      0.10460315405818642,
      -0.908928172075897,
      -4.043769013872982,
      -34.26133529023439,
      22.265643825501137,
      -37.64329506122933,
      -19.549737880980366,
      -5.493366382448517,
      4.505244540461004
    ],
    [
      -19.21094061994061,
      -0.10138176093027515,
      3.789546606214125,
      -1.8910052324298747,
      28.34382339771542,
      2.2707112709565376,
      -24.986372370786206,
      28.43309827746088,
      -83.51726457220255,
      0.5446767011132785
    ],
    [
      -1.3893869667722325,
      0.6798668013016067,
      0.1865371747774774,
      0.5650104555757784
    ]
  ],
  "waa": [
    [
      [
        -0.09089038351823665,
        0.6829949975773594,
        0.8009669628154761,
        -0.7139111223602627,
        0.1436175504185423,
        0.13176461762055242,
        0.8051675095283899,
        -0.915964997231839,
        -0.38464106455231883,
        -0.7658827786145808
      ],
      [
        0.6900134833258655,
        0.44955734270850994,
        0.23976484933941025,
        -0.8613226992827601,
        -0.4762938960812217,
        -0.1417157770154962,
        -0.7265316117510664,
        -0.10794927118485484,
        0.31868183574827935,
        0.1796735178638919
      ],
      [
        -0.012383964900392293,
        -0.6428443492753041,
        0.6711845409541282,
        -0.7880849255927671,
        0.31343837186262874,
        0.6631143310636098,
        -0.17764963353412785,
        0.9693183736590183,
        0.6207460746641108,
        0.15748913009258228
      ],
      [
        -0.385875391551687,
        -0.563020963518823,
        0.6564275383656658,
        0.31835222259473683,
        0.5566551255314164,
        -0.23625247557716125,
        -0.9948388936321455,
        0.4318716563042593,
        -0.7491602098559352,
        0.06821721664994163
      ],
      [
        -0.6533920631749184,
        0.0018049137132390288,
        -0.019612285321868622,
        -0.28534084520859754,
        -0.043107907401981324,
        -0.4981741210584575,
        0.5727635563317248,
        -0.5890657040540922,
        -0.8869174535861317,
        0.18759405589771314
      ],
      [
        0.3762883204186252,
        -0.7591778846903312,
        -0.32489364609536625,
        -0.4158216860091188,
        -0.6772004903680885,
        -0.35443898011150915,
        0.546387664149854,
        -0.045510498036191456,
        -0.8980853401898315,
        -0.2759598096192961
      ],
      [
        0.44456555586226565,
        -0.7197641923229006,
        -0.21983980921756188,
        -0.3463218989854656,
        0.7527656381560288,
        0.46790851215687507,
        -0.4073550261793179,
        0.7225476494468475,
        -0.0784184224510103,
        -0.39385626067839447
      ],
      [
        -0.5996077287435162,
        -0.32761176734143993,
        0.4220857414066085,
        -0.7040372891982676,
        0.4054301623476356,
        0.16619591951423038,
        -0.8388596910550526,
        -0.7136438273888754,
        0.48039117124007097,
        0.80451254944168
      ],
      [
        0.21408820112159002,
        -0.3525749408376066,
        0.22324200243706877,
        -0.1387671136293914,
        0.04426825866319174,
        0.9631146598027952,
        0.7280569434064463,
        -0.7953024772350095,
        0.3803473403680088,
        -0.04504635673119244
      ],
      [
        -0.02141242727901456,
        0.8656862415887503,
        -0.48718110021198907,
        0.8634915907311972,
        -0.5917609252607782,
        -0.31807853536673214,
        0.444928233904416,
        -0.23922877689516603,
        -0.11091403214389052,
        -0.6612530699558121
      ]
    ],
    [
      [
        0.21949358400353633,
        -0.0365872687066556,
        -0.4849638825304926,
        0.5644832709746112,
        0.1108528380306919,
        0.3720197484484924,
        0.03713234178275084,
        -0.6246698812083556,
        -0.637630647104183,
        0.6578571327320183
      ],
      [
        0.05653967607508328,
        -0.567251225685903,
        0.5793876708920057,
        0.4328578347429029,
        -1.0139112774073695,
        0.5752883122008211,
        -0.20379154822125536,
        0.22113564689541756,
        -0.2720197961015716,
        0.3325834670419955
      ],
      [
        0.24113206741284193,
        0.6400207382548044,
        0.2681754972577647,
        -0.6029941513096292,
        -0.2750113437648116,
        0.3605418969668358,
        -0.2820228175211721,
        0.38573950675501595,
        0.3689256577819466,
        0.7951699187824653
      ],
      [
        0.1585638989218329,
        -0.2890863739107101,
        0.5100174474969174,
        -0.15978856165176214,
        0.0996772835744584,
        -0.05962347688159697,
        0.4948934341534936,
        0.263857495531594,
        0.43784536411566977,
        -0.5025709665430855
      ],
      [
        -0.5326684158301201,
        -0.28596075468659976,
        -0.3833568794854774,
        -0.36868959747380414,
        -0.39077582163730384,
        0.29047239090712973,
        0.6031510144898767,
        -0.9985217349850579,
        0.30764697794290874,
        -0.21106915672126458
      ],
      [
        0.6596108694081753,
        0.756498019549032,
        -0.5579388683956714,
        -0.13198051674436026,
        0.47450313780468045,
        -0.9882528875656744,
        0.3554808997374253,
        -0.9887472492821335,
        -0.37334897204357326,
        0.4121277152978501
      ],
      [
        -0.8599652381299168,
        -0.31067271263842106,
        -0.6048395125390673,
        -0.5379097535170014,
        -0.4761056557987375,
        0.06866568428622835,
        -0.6933110480637327,
        -0.3880756586697257,
        0.7676703279914308,
        0.7385205427663961
      ],
      [
        -0.801927342909279,
        0.6299080382917379,
        0.2252267178746507,
        -0.22863368461373454,
        0.30216917196045245,
        0.6897046340592812,
        -0.9320935727170786,
        -0.4752223871401812,
        -0.6282935890013142,
        0.09357149392091346
      ],
      [
        0.8485944226838684,
        0.3198485375693104,
        -0.7801043337548271,
        0.06410261783092286,
        0.12398476928560154,
        0.24920479263677817,
        -0.8610873427760277,
        0.32074306504532024,
        -0.6924551888690789,
        0.47302395619331516
      ],
      [
        -0.6596987171676926,
        -0.9329409480856615,
        0.3554877156130515,
        -0.6914442000725631,
        0.8193160580953256,
        0.26704503770788685,
        0.3654260499935317,
        0.7056261299896806,
        0.02291708836874015,
        0.8602125822469048
      ]
    ],
    [
      [
        -0.5314656323874579,
        0.31586500298209913,
