{
  "a": [
    [
      0.6888179463834136,
      -0.22978408771683465,
      0.5544994477329525,
      0.6024672489013712,
      0.8378931992496963,
      -0.5990210275899106,
      -0.34013032931574966,
      0.5636671194516482,
      -0.4426908987102432,
      0.10723451946854325
    ],
    [
      -0.04473751189899652,
      0.2528186293958264,
      -0.2709688155827192,
      0.03372626280637285,
      0.9003510391354832,
      0.829163068889574,
      0.2751877777650608,
      0.43211553325844493,
      -0.716797695559469,
      0.2091688552230101
    ],
    [
      -1.039791476953656,
      -0.6005767049286722,
      -0.7400453189199814,
      0.5844921247747726,
      -0.6838036563747116,
      -0.18791077510502963,
      -0.6714497250127865,
      -0.843800672507979,
      1.0077447299669793,
      -0.6395475962591415
    ]
  ],
  "b": [
    [
      -0.04377527112181069,
      0.5576525524181882,
      -0.7976432794191601,
      -0.07237665279345382,
      0.49339289309806306,
      -4.303826654344896,
      -0.2558968588771277,
      -0.35807419144362446,
      4.041291885924831,
      -3.263310149531692
    ],
    [
      73.2086920837698,
      -1.1916745039677155,
      -2.16454362677854,
      -5.128261030092858,
      -34.21153305734397,
      22.205483383185463,
      -37.62840490046044,
      -19.72730900464724,
      -5.437122315693161,
      2.771794563760434
    ],
    [
      -19.246486730577455,
      0.11194294153294268,
      4.292201935496266,
      -2.2224738959340735,
      28.36020125884709,
      2.272066695795682,
      -24.927753782339366,
      28.42998519248915,
      -83.49673732318524,
      0.6939042787331271
    ],
    [
      -0.9702555428205691,
      0.07323309146045459,
      0.462898248588024,
      1.1169802283946728
    ]
  ],
  "waa": [
    [
      [
        -0.07831069112182674,
        0.6780248329601934,
        0.8122951365208366,
        -0.7025008578638416,
        0.1603097242890832,
        0.12013573578851929,
        0.7978537491519323,
        -0.9061588048788903,
        -0.3927982486451287,
        -0.7626793884270875
      ],
      [
        0.6944320309232972,
        0.4496141095369659,
        0.24136707989741368,
        -0.8579344595351857,
        -0.4732624018348638,
        -0.14456245648202629,
        -0.7261544383664169,
        -0.10458168870815648,
        0.31646831751622156,
        0.1787252443658025
      ],
      [
        -0.008210351413298773,
        -0.6435015071479847,
        0.6735452402168216,
        -0.7844281470381396,
        0.31729617929584436,
        0.6599780241179694,
        -0.17834207345742276,
        0.9727818233269889,
        0.6182720646048199,
        0.1572519422575625
      ],
      [
        -0.4192005783689358,
        -0.5556646277601855,
        0.6351691073900493,
        0.29325729472928946,
        0.5219669996600536,
        -0.21004697067678307,
        -0.98853941115393,
        0.4147735051064109,
        -0.7357365020279486,
        0.05958600048511457
      ],
      [
        -0.6406454156148591,
        -0.002471345590109487,
        -0.009064431409879111,
        -0.27410981778140997,
        -0.02694710731796,
        -0.5100321873358348,
        0.5672902379936684,
        -0.5794500244252002,
        -0.8960239371021644,
        0.18985181884401622
      ],
      [
        0.36725749344129344,
        -0.7571424550994159,
        -0.330972487907711,
        -0.4244275592189984,
        -0.6867877645623868,
        -0.34699260506095286,
        0.5493067672717117,
        -0.053077761402941306,
        -0.892435104765775,
        -0.2763412272005565
      ],
      [
        0.46552993605888754,
        -0.7268164724687368,
        -0.20273532645119047,
        -0.32805019824884263,
        0.7787143248549273,
        0.4494743218258635,
        -0.4177058350083195,
        0.7387256459432522,
        -0.09134272311163383,
        -0.3897571877604638
      ],
      [
        -0.7250638889540133,
        -0.2781147180410651,
        0.31503328018165405,
        -0.8205012928014002,
        0.24747104608997275,
        0.28013695528750215,
        -0.7691081010021558,
        -0.8147075968860192,
        0.563806005664641,
        0.7769338749699025
      ],
      [
        0.2039515169987019,
        -0.34969341225360356,
        0.21586821520225621,
        -0.14733786944558802,
        0.03268204493748026,
        0.9717119397745758,
        0.732168455407826,
        -0.8026443561368197,
        0.38564223389658037,
        -0.04718879703170831
      ],
      [
        -0.018735820650305532,
        0.8649313216814919,
        -0.4851276487460081,
        0.8658458372846264,
        -0.5886548693368989,
        -0.32035010618175935,
        0.44376447396677016,
        -0.2370915729924484,
        -0.1125613315840633,
        -0.6609307032837121
      ]
    ],
    [
      [
        0.21942649196341119,
        -0.036355133621610074,
        -0.48524969073801566,
        0.5645434034034634,
        0.1114220316909903,
        0.37254912905873716,
        0.03721816118310541,
        -0.6244665200224452,
        -0.638174220220155,
        0.6580624808815101
      ],
      [
        0.051370908922760423,
        -0.5483386857528829,
        0.555782100749251,
        0.43900930544965755,
        -0.9684017432268377,
        0.621808445963031,
        -0.19783650430848226,
        0.23908597528516537,
        -0.3192250811219082,
        0.3518738337705566
      ],
      [
        0.23808613085689337,
        0.652237836735157,
        0.2533097954148753,
        -0.5994404434367875,
        -0.24418224547002543,
        0.39145640568262174,
        -0.27708779277378265,
        0.3983920307026981,
        0.3383357525920434,
        0.8072587839487783
      ],
      [
        0.19244979359095718,
        -0.4186706987201257,
        0.6725549762072178,
        -0.19766298156635412,
        -0.23682502026239183,
        -0.37716668315776863,
        0.43738285191874754,
        0.1351047234491845,
        0.7589393177185423,
        -0.6180491839093788
      ],
      [
        -0.5326494489539592,
        -0.28581069777167817,
        -0.3834715975901394,
        -0.36871090161004894,
        -0.38990205740631384,
        0.29111976853376226,
        0.6035713503977685,
        -0.9980924604957648,
        0.30717920906324814,
        -0.2111216966651197
      ],
      [
        0.6596140503379988,
        0.7565635349154626,
        -0.5579929310808565,
        -0.13197956601270144,
        0.4748543759257199,
        -0.9879558699343938,
        0.35563858266499276,
        -0.9885632314256995,
        -0.37357160974002396,
        0.4121403432394497
      ],
      [
        -0.8598514028454765,
        -0.3113327223859605,
        -0.604138103013762,
        -0.5379874923851155,
        -0.4785107827497934,
        0.06646893737158568,
        -0.6940645366167006,
        -0.3892355639964983,
        0.76955399020023,
        0.7379862181310716
      ],
      [
        -0.8021824252566276,
        0.6290294357296093,
        0.22572483069771748,
        -0.22859387774608078,
        0.29651421706231695,
        0.6852446372109643,
        -0.9350640172782176,
        -0.4782028191502666,
        -0.6252488590548049,
        0.09413803495249967
      ],
      [
        0.8475763610920477,
        0.31762215505916697,
        -0.7798191786486978,
        0.06561410007991729,
        0.10224726943147182,
        0.2347016316761265,
        -0.8736032800549377,
        0.3095921383920227,
        -0.6838307187189668,
        0.47736049173951595
      ],
      [
        -0.660592829347371,
        -0.9279113621522611,
        0.3498244620740906,
        -0.6906222297807043,
        0.8371233073207833,
        0.2834953318707832,
        0.3708118785845956,
        0.7141198111648296,
        0.008552181385506357,
        0.8644862047337952
      ]
    ],
    [
      [
        -0.5327612281100905,
        0.3149363367320204,
