{
  "a": [
    [
      0.5205403495790613,
      -0.3335003556300992,
      0.6510864736781549,
      0.49529469052468833,
      0.8907008737027019,
      -0.5577822689064731,
      -0.5607342074245665,
      0.4325791084092595,
      -0.37248874066391563,
      0.280090502765682
    ],
    [
      0.05445427499351916,
      0.1196881760546615,
      -0.07547669755220154,
      -0.02805203690387739,
      0.7706027135565978,
      0.5927837388366549,
      0.36715353017019203,
      0.4132662063596985,
      -0.41092532466955844,
      -0.059250030390029386
    ],
    [
      -1.0908590721158298,
      -0.787716327694369,
      -0.7735637864837681,
      0.6131331922552966,
      -0.6828565631062629,
      -0.05989809022470867,
      -0.6592983089302443,
      -1.041823562429766,
      0.9270616956344383,
      -0.638053024310805
    ]
  ],
  "b": [
    [
      0.5470982945743368,
      1.8139664709234735,
      -0.689999818790745,
      -3.1215946263428487,
      -0.387041398674896,
      -4.257670786027691,
      -0.8042707098453373,
      -2.5941535218657283,
      4.248982171221907,
      -3.293435819485484
    ],
    [
      73.23006652528197,
      0.09859479120934278,
      -0.899643667235917,
      -3.9749549842777827,
      -34.263471401935114,
      22.270146542794006,
      -37.64132809937413,
      -19.53966218347414,
      -5.47637214278581,
      4.493438412828955
    ],
    [
      -19.209692002434355,
      -0.15979913522757877,
      3.811960631917796,
      -1.8394024395954869,
      28.342573733029056,
      2.4007786806563787,
      -24.99161514156847,
      28.4410007524404,
      -83.51824397986047,
      0.5495932967014436
    ],
    [
      -1.4200236562386042,
      0.710027035858472,
      0.24339070676208932,
      0.7781083867849056
    ]
  ],
  "waa": [
    [
      [
        -0.09116234876089699,
        0.6831542386802409,
        0.8006471779913573,
        -0.7141573700163005,
        0.14317346340416803,
        0.13204446898481137,
        0.8054348724171396,
        -0.9161766578788901,
        -0.3844653988359641,
        -0.7660246260483168
      ],
      [
        0.6906424362935484,
        0.44918358264990893,
        0.2405114266051128,
        -0.8607491870418207,
        -0.4752585842543669,
        -0.142367583776388,
        -0.7271579384023314,
        -0.10745602851511417,
        0.3182686890804812,
        0.18000375011200814
      ],
      [
        -0.012019489932736672,
        -0.643063957854939,
        0.6716216021227485,
        -0.7877498595592106,
        0.3140426438267133,
        0.6627343356784737,
        -0.1780184900551223,
        0.9696075299761561,
        0.6205028506332045,
        0.15768135275862816
      ],
      [
        -0.36786458512407416,
        -0.57334813860947,
        0.6773267504456617,
        0.33451269366307085,
        0.5857587010568284,
        -0.2546115028252803,
        -1.012213435775259,
        0.4457325660125239,
        -0.7605207645999863,
        0.07753511880133461
      ],
      [
        -0.6543188680240388,
        0.0023585082262351743,
        -0.02071654102030235,
        -0.2861883756036882,
        -0.04463766879628401,
        -0.4972114806405304,
        0.5736918618265092,
        -0.5897954459436547,
        -0.8863052129015616,
        0.18710646521081797
      ],
      [
        0.3761294437590584,
        -0.759115199928303,
        -0.3250348932502934,
        -0.41593709429657444,
        -0.6774116434646367,
        -0.3542999619862365,
        0.546486321885399,
        -0.0456027022134868,
        -0.898020929132977,
        -0.2760318398957863
      ],
      [
        0.4441951937400286,
        -0.7195446559826439,
        -0.22027886029599664,
        -0.3466592920384234,
        0.7521567897910589,
        0.46829185576712795,
        -0.406986702299395,
        0.7222573926238303,
        -0.07817581835524373,
        -0.394050474247281
      ],
      [
        -0.601473306136869,
        -0.3264932263992481,
        0.4198582945204396,
        -0.7057430280700381,
        0.40234533425309144,
        0.1681360900965667,
        -0.8369854622698905,
        -0.7151127509808057,
        0.4816252328176141,
        0.8035270960916767
      ],
      [
        0.214134637083353,
        -0.35260295369709854,
        0.22329782367291381,
        -0.13872427417668978,
        0.04434539804080158,
        0.963066191986813,
        0.7280097711522833,
        -0.7952654813565118,
        0.3803162738060934,
        -0.045021856567901974
      ],
      [
        -0.02132020316953919,
        0.8656311492157124,
        -0.4870713021871255,
        0.8635758686442697,
        -0.5916087424794955,
        -0.3181743373099315,
        0.44483602832865626,
        -0.23915626845374655,
        -0.11097498396953548,
        -0.6612045643510189
      ]
    ],
    [
      [
        0.21949863825669155,
        -0.03657578229332754,
        -0.48497095563059905,
        0.564480556271551,
        0.11092829073020563,
        0.3720776379805637,
        0.03716880842468373,
        -0.6246294183797749,
        -0.6376705412855489,
        0.6578510565466468
      ],
      [
        0.05651162166047951,
        -0.5673200286930696,
        0.5794258829254368,
        0.4328749835119726,
        -1.01437746856859,
        0.5749294371312574,
        -0.20402383850573053,
        0.22088366969164763,
        -0.2717771646802671,
        0.33262268041170073
      ],
      [
        0.24111204804112973,
        0.6399680436620168,
        0.2682024112664049,
        -0.6029804855721821,
        -0.27537825239706676,
        0.36025930206033235,
        -0.28220989562218896,
        0.3855402988513507,
        0.3691140197046736,
        0.7952021386832838
      ],
      [
        0.15857007519259847,
        -0.28907214208085436,
        0.5100088066909444,
        -0.15979195286226378,
        0.09977112146751983,
        -0.05955144649811012,
        0.4949389698447784,
        0.2639078519659965,
        0.43779585341465166,
        -0.5025785712457815
      ],
      [
        -0.5326444447049355,
        -0.28590796471572827,
        -0.38339025587422576,
        -0.36870187304407764,
        -0.39043002383011305,
        0.29073737202756583,
        0.6033172211499201,
        -0.9983362812427508,
        0.30746364913133434,
        -0.211096775654851
      ],
      [
        0.6596306651300348,
        0.7565423751045907,
        -0.5579669727462963,
        -0.13199083635807152,
        0.4747912898889386,
        -0.9880317933660188,
        0.35561849998169137,
        -0.9885931261472928,
        -0.37350224672302057,
        0.41210486864096474
      ],
      [
        -0.8599651090943726,
        -0.3106723938281647,
        -0.6048396966285252,
        -0.5379098313795172,
        -0.4761035207923584,
        0.06866732227679707,
        -0.6933099962956772,
        -0.3880745142473583,
        0.7676692112604002,
        0.7385203627878438
      ],
      [
        -0.8018307263854895,
        0.6301206587918596,
        0.22509225195196386,
        -0.2286830930842835,
        0.3035642672237765,
        0.690773296231595,
        -0.9314224036613495,
        -0.4744741104901052,
        -0.6290327882161822,
        0.09345972137669319
      ],
      [
        0.8491784850814097,
        0.3211968006763566,
        -0.7809267446433342,
        0.0637824981299957,
        0.13287926845609097,
        0.25602648330155703,
        -0.8567736081429325,
        0.32551070754754763,
        -0.697148116472743,
        0.47229959812420047
      ],
      [
        -0.65968941001789,
        -0.9329191657327176,
        0.3554745951272268,
        -0.6914494055490127,
        0.8194602408279514,
        0.2671556358650852,
        0.3654962407175505,
        0.7057034321663979,
        0.022841168224249215,
        0.8602007518136439
      ]
    ],
    [
      [
        -0.5314647982849083,
        0.31586559175806234,
